"","WTvsKO.p","WTvsKO.FDR","WTvsKO.logFC","WTvsKO.FC"
"mmu-miR-148a",5.39942431193787e-06,0.0027498513586366,4.5775,23.8761778459846
"mmu-miR-148b",1.2359897728943e-05,0.0027498513586366,4.45,21.8566441080703
"mmu-miR-324-5p",1.61645800766876e-05,0.0027498513586366,8.815,450.380326872287
"mmu-miR-188-5p",2.13365388606487e-05,0.0027498513586366,4.2325,18.7979052681286
"mmu-miR-433",2.17282540165577e-05,0.0027498513586366,4.9625,31.1789405184547
"mmu-miR-323-5p",2.32709564905777e-05,0.0027498513586366,4.45,21.8566441080703
"mmu-miR-323-3p",3.50317782428772e-05,0.00337263714295794,5.455,43.8650497593505
"mmu-miR-350",3.81550880271743e-05,0.00337263714295794,3.2125,9.26955447569822
"mmu-miR-670",4.86510892095244e-05,0.00337263714295794,3.355,10.2318846502194
"mmu-miR-98",5.38363115257992e-05,0.00337263714295794,8.67,407.314679682518
"mmu-miR-140",6.25083532867649e-05,0.00337263714295794,4.0075,16.0833942406636
"mmu-miR-409-5p",6.26991747412594e-05,0.00337263714295794,6,64
"mmu-let-7a",6.33695750487901e-05,0.00337263714295794,4.88,29.446004819996
"mmu-miR-500",7.15647327984046e-05,0.00337263714295794,3.56,11.7941537383288
"mmu-miR-99a",7.20984864244135e-05,0.00337263714295794,3.16,8.93829710457776
"mmu-miR-291a-5p",8.24727091243541e-05,0.00337263714295794,4.31,19.8353231990238
"mmu-miR-100",8.4194324129417e-05,0.00337263714295794,3.7725,13.6658188215248
"mmu-miR-1961",8.56240741512594e-05,0.00337263714295794,4.675,25.5455483634128
"mmu-miR-149",0.000107910976798449,0.00354795441259446,3.33,10.0561069961746
"mmu-miR-201",0.000109104292327456,0.00354795441259446,3.0125,8.0696158703232
"mmu-miR-676",0.000115151273811517,0.00354795441259446,3.4725,11.1000940859537
"mmu-miR-696",0.000121313526912858,0.00354795441259446,3.035,8.19645458426242
"mmu-miR-29c",0.000125008824991713,0.00354795441259446,3.15,8.87655577654277
"mmu-miR-291b-3p",0.000128401343149244,0.00354795441259446,4.8975,29.8053621961505
"mmu-miR-652",0.000132824917181159,0.00354795441259446,4.3125,19.8697249931757
"mmu-miR-344",0.000141663466638341,0.00354795441259446,3.365,10.3030530360786
"mmu-miR-434-3p",0.000142107598403366,0.00354795441259446,4.08,16.9122886489821
"mmu-miR-20a",0.000146762259163028,0.00354795441259446,3.02,8.11167583832024
"mmu-miR-30b",0.000148640094202148,0.00354795441259446,2.8925,7.42556086915791
"mmu-miR-31",0.000150893022576233,0.00354795441259446,3.0425,8.23917565339919
"mmu-let-7i",0.000155129177419504,0.00354795441259446,3.405,10.5927112831632
"mmu-miR-451",0.000178249392112452,0.00385206795814494,2.645,6.25495714502875
"mmu-miR-686",0.000183019613939654,0.00385206795814494,3.04,8.22491061324853
"mmu-miR-375",0.000184725402788333,0.00385206795814494,2.6975,6.48676871227595
"mmu-miR-27b",0.000213585362654737,0.00399542323727458,2.9075,7.50316872121612
"mmu-miR-483",0.000217465661217902,0.00399542323727458,4.75,26.9086852881189
"mmu-miR-127",0.000220494177791278,0.00399542323727458,6.8225,113.181943051968
"mmu-miR-217",0.000221513746498203,0.00399542323727458,3.3075,9.90049048350841
"mmu-miR-337-5p",0.000232716428248376,0.00399542323727458,3.4375,10.8340443754952
"mmu-miR-540-3p",0.00023435367599523,0.00399542323727458,2.63,6.19025997416956
"mmu-miR-382",0.000238532983457841,0.00399542323727458,3.835,14.2708563107215
"mmu-miR-345-5p",0.000256905403897303,0.00399542323727458,2.715,6.565932870484
"mmu-miR-129-5p",0.000257401095821074,0.00399542323727458,2.7525,6.73883872773435
"mmu-miR-702",0.000261327403103676,0.00399542323727458,3.55,11.712685567565
"mmu-miR-92b",0.000264984378179089,0.00399542323727458,2.745,6.70389707734359
"mmu-miR-325",0.000272476639472728,0.00399542323727458,3.6425,12.4882550322463
"mmu-miR-380-3p",0.000275880044759636,0.00399542323727458,4.6125,24.4625009200482
"mmu-miR-668",0.000277440539354355,0.00399542323727458,3.075,8.42688828763869
"mmu-miR-297b-3p",0.000280745018029559,0.00399542323727458,2.7725,6.83290941076242
"mmu-miR-207",0.000281764685280295,0.00399542323727458,3.02,8.11167583832024
"mmu-miR-20b",0.000335832932003788,0.00466873625079776,2.49,5.61777950295199
"mmu-miR-212",0.000349253457935435,0.00474657444050655,3.4225,10.7219841321065
"mmu-miR-134",0.000354821502604862,0.00474657444050655,4.0475,16.5355599983868
"mmu-miR-151-3p",0.00036373511477533,0.00477385945554877,2.8675,7.29799417795998
"mmu-miR-205",0.000370327602334531,0.00477385945554877,2.5275,5.76571689432678
"mmu-miR-665",0.00037826999741481,0.00478916836012679,3.1975,9.17367628887812
"mmu-miR-383",0.000399621187926211,0.00489833248469327,3.36,10.2674071805032
"mmu-miR-685",0.000403604707410369,0.00489833248469327,2.8375,7.14780362956522
"mmu-miR-423-5p",0.000407618641180399,0.00489833248469327,3.875,14.6720646912747
"mmu-miR-546",0.000425141302787358,0.00495974633924409,2.485,5.59834346238079
"mmu-miR-466e-5p",0.000430626192044514,0.00495974633924409,4.9475,30.8564460240625
"mmu-miR-449b",0.000456681307342863,0.00495974633924409,2.8475,7.19752053550625
"mmu-miR-299",0.000458083562923184,0.00495974633924409,4.015,16.1672231437882
"mmu-miR-320",0.000466537562578953,0.00495974633924409,9.7425,856.6131415646
"mmu-miR-101a",0.000471732258172888,0.00495974633924409,5.0575,33.301147827343
"mmu-miR-505",0.000477323930510756,0.00495974633924409,2.865,7.28535866873584
"mmu-miR-380-5p",0.000478115910700996,0.00495974633924409,5.355,40.9275386008777
"mmu-miR-1191",0.000488854427234141,0.00495974633924409,2.8775,7.34875574177842
"mmu-miR-466g",0.000498086816474335,0.00495974633924409,3.1425,8.83052981848838
"mmu-miR-124",0.000504606280208445,0.00495974633924409,2.575,5.95870985249082
"mmu-miR-346",0.000511765908998184,0.00495974633924409,2.65,6.276672783174
"mmu-miR-27a",0.000514452126526827,0.00495974633924409,2.49,5.61777950295199
"mmu-miR-322",0.000521688733165383,0.00495974633924409,5.8575,57.9806659990018
"mmu-miR-297c",0.0005228310090632,0.00495974633924409,4.1075,17.2377551346523
"mmu-miR-34a",0.000530869027347738,0.00495974633924409,3.21,9.2535054712423
"mmu-miR-410",0.000536431141432105,0.00495974633924409,5.0925,34.1189182213282
"mmu-miR-343",0.000538646640510289,0.00495974633924409,3.28,9.71355907516038
"mmu-miR-151-5p",0.000560818073102956,0.00509769248499994,3.43,10.7778686149255
"mmu-miR-186",0.000569859281560625,0.00511430671679093,3.545,11.6721627539214
"mmu-miR-22",0.000594228760072023,0.0052663523861383,2.5225,5.74576902926349
"mmu-miR-10b",0.00060912236586656,0.00527536729145752,2.53,5.77571678208999
"mmu-miR-146b",0.000610127105641068,0.00527536729145752,4.5525,23.4659994015635
"mmu-miR-130b",0.000639882103215515,0.00546598085758795,3.4875,11.2161061252911
"mmu-miR-429",0.000688238542874348,0.00565756644621961,2.8025,6.97648336224722
"mmu-miR-16*",0.000693401219897848,0.00565756644621961,3.48,11.1579493308032
"mmu-miR-21",0.00070545838152297,0.00565756644621961,2.8175,7.04939770477355
"mmu-miR-17",0.000707524578871285,0.00565756644621961,2.4325,5.39828071472236
"mmu-miR-130a",0.000713444985407698,0.00565756644621961,2.355,5.11594232510972
"mmu-miR-764-3p",0.000716320399780981,0.00565756644621961,2.785,6.89236927769614
"mmu-miR-370",0.000723957832464906,0.00565756644621961,2.595,6.04189034225131
"mmu-let-7d",0.000729270651451058,0.00565756644621961,3.14,8.81524092701289
"mmu-miR-582-3p",0.000734127098804237,0.00565756644621961,2.77,6.82107913414365
"mmu-miR-485",0.000775822796095168,0.00575051114923369,4.285,19.4945642188031
"mmu-miR-689",0.000788476746768841,0.00575051114923369,7.4125,170.36675164464
"mmu-miR-30e",0.000792624480138328,0.00575051114923369,2.36,5.13370359025162
"mmu-miR-335-3p",0.000792924845398698,0.00575051114923369,2.505,5.67649342480153
"mmu-miR-139-5p",0.000805009717843475,0.00575051114923369,2.065,4.18433975917012
"mmu-miR-883b-5p",0.000805635105375964,0.00575051114923369,4.7625,27.1428442313171
"mmu-miR-493",0.000810498998978903,0.00575051114923369,2.32,4.99332219560645
"mmu-miR-296-3p",0.000811073504828447,0.00575051114923369,4.3575,20.4992610528032
"mmu-miR-202-3p",0.000841484082298264,0.00577468592281053,5.755,54.0042109523212
"mmu-miR-361",0.000856722218576131,0.00577468592281053,3.3675,10.3209223445909
"mmu-miR-15a",0.000858623852997641,0.00577468592281053,2.5725,5.94839313649061
"mmu-miR-18b",0.000868728644256591,0.00577468592281053,3.8375,14.2956072591304
"mmu-miR-452",0.000869258064326685,0.00577468592281053,2.615,6.12623198837754
"mmu-miR-183",0.000878686375993093,0.00577468592281053,11.58,3061.45126120436
"mmu-miR-496",0.000884705970673103,0.00577468592281053,2.79,6.91629785046292
"mmu-miR-26a",0.000892751709394966,0.00577468592281053,3.0875,8.50021893292122
"mmu-miR-292-5p",0.000895421216530665,0.00577468592281053,6.1,68.5935016023227
"mmu-miR-328",0.000895931525400788,0.00577468592281053,3.68,12.817118041434
"mmu-miR-126-3p",0.000959089814483314,0.00609328907376428,2.5,5.65685424949239
"mmu-miR-297a",0.000975841347703092,0.00609328907376428,2.4725,5.55004704297685
"mmu-miR-29a",0.000978338302703518,0.00609328907376428,2.715,6.56593287048399
"mmu-miR-93",0.00098654436167984,0.00609328907376428,2.29,4.89056111076828
"mmu-miR-296-5p",0.000988333206604925,0.00609328907376428,2.455,5.48313121991882
"mmu-miR-338-5p",0.00101356639200553,0.00617822575886332,2.45,5.46416102701758
"mmu-miR-449a",0.00101953796020735,0.00617822575886332,2.7475,6.715524116891
"mmu-miR-1964",0.00103713053455815,0.00623157244916721,2.795,6.94030949721656
"mmu-miR-487b",0.00105674699606194,0.00629608084208334,2.8275,7.09843014337883
"mmu-miR-449c",0.00107514879798097,0.00635233748140425,2.38,5.20536742176774
"mmu-miR-203",0.00112583626498865,0.00659684224691694,2.3825,5.21439545608471
"mmu-miR-615-3p",0.00115753418968476,0.00672698147939748,2.8825,7.37426877357164
"mmu-miR-692",0.00117474743240473,0.00673992164386701,2.5225,5.74576902926349
"mmu-miR-339-3p",0.00118652975894488,0.00673992164386701,2.565,5.91755003699536
"mmu-miR-705",0.00119372920768531,0.00673992164386701,2.615,6.12623198837753
"mmu-miR-106a",0.00119778579284519,0.00673992164386701,2.1425,4.41526490924418
"mmu-miR-193b",0.00121386809609124,0.00676682642812734,2.3475,5.0894155783859
"mmu-miR-19a",0.00122922829079857,0.00676682642812734,2.6325,6.20099617681379
"mmu-miR-19b",0.00123119973092867,0.00676682642812734,2.205,4.61074538719546
"mmu-miR-425",0.00131522815573355,0.00717305201857758,4.89,29.6508179804919
"mmu-miR-30d",0.00133126616727284,0.00719029548228699,2.0275,4.07697751438031
"mmu-miR-376a",0.00133867278372621,0.00719029548228699,6.0225,65.0059558995819
"mmu-miR-494",0.00140019363248115,0.00733458853425089,2.7025,6.5092891418843
"mmu-miR-378",0.00141566094055083,0.00733458853425089,2.21,4.62675273562115
"mmu-miR-466d-3p",0.00141611282701335,0.00733458853425089,3.3075,9.90049048350841
"mmu-miR-432",0.00142639710934137,0.00733458853425089,3.0275,8.15395502876062
"mmu-miR-146a",0.00143096041137253,0.00733458853425089,4.455,21.9325248796753
"mmu-miR-1899",0.0014526098554254,0.00733458853425089,2.575,5.95870985249081
"mmu-miR-484",0.00145381170309951,0.00733458853425089,2.3725,5.1783769956787
"mmu-miR-139-3p",0.00145539038040381,0.00733458853425089,5.02,32.4467033532809
"mmu-miR-497",0.0014586417254293,0.00733458853425089,3.7,12.9960383416998
"mmu-miR-698",0.00153117748284485,0.00764510447420421,3.055,8.31087282638132
"mmu-miR-129-3p",0.00163745831569349,0.00811858703375304,5.8775,58.7900459342273
"mmu-miR-125a-3p",0.00168228131140906,0.00819615598511499,5.1125,34.5952005706964
"mmu-miR-671-5p",0.00168244512916298,0.00819615598511499,3.0025,8.01387496187757
"mmu-miR-326",0.00168778388409984,0.00819615598511499,3.2075,9.23748425350955
"mmu-miR-138",0.00176118089319225,0.00849440308349186,4.9025,29.9088389179302
"mmu-miR-590-3p",0.00183208289498337,0.00877666738204873,3.6875,12.883922655594
"mmu-miR-1198",0.00185991717045904,0.00885020989164739,3.8225,14.147742881496
"mmu-miR-101a*",0.00189798501892346,0.00889167962926024,4.4325,21.5931228588894
"mmu-miR-669h-3p",0.00190379626790228,0.00889167962926024,2.3175,4.98467692032626
"mmu-miR-337-3p",0.00191907151096533,0.00889167962926024,6.02,64.8934067065619
"mmu-miR-467f",0.0019218242054587,0.00889167962926024,3.8125,14.0500172829864
"mmu-miR-294",0.00193133802948671,0.00889167962926024,5.8425,57.380952049299
"mmu-miR-21*",0.00197748574494138,0.00902286323013932,2.835,7.13542815536075
"mmu-miR-466f-3p",0.00198528443427607,0.00902286323013932,2.235,4.70762694887507
"mmu-miR-299*",0.00201114390155553,0.00903736362333997,2.1775,4.52368978826344
"mmu-miR-675-5p",0.00202009734930051,0.00903736362333997,2.9375,7.66082624558859
"mmu-miR-327",0.00202671483231461,0.00903736362333997,2.4875,5.60805306264554
"mmu-miR-24",0.00204450999461969,0.00905973491365849,2.2825,4.86520299144665
"mmu-miR-489",0.00216350336071777,0.0095054207222714,2.19,4.56305486347369
"mmu-miR-188-3p",0.0021759722222524,0.0095054207222714,2.985,7.91725325132166
"mmu-miR-883b-3p",0.00218530829016959,0.0095054207222714,5.4525,43.7891032420834
"mmu-miR-302b",0.00222744189629944,0.0096296116126604,5.91,60.1294559496967
"mmu-let-7b",0.0022484095095786,0.00966134752903773,3.2325,9.39895263406431
"mmu-miR-220",0.00238943566275325,0.0101569820256609,2.4125,5.32396098889498
"mmu-let-7c",0.00240431976055396,0.0101569820256609,2.9375,7.66082624558859
"mmu-miR-421",0.00240673198915519,0.0101569820256609,9.0425,527.307241817548
"mmu-miR-1",0.00245275691160493,0.0102899683451355,6.3625,82.2817173272369
"mmu-miR-466i",0.00247094380331496,0.0103052891561783,2.185,4.54726789294406
"mmu-miR-678",0.00255806626990496,0.0105398405536303,2.05,4.14105969536551
"mmu-miR-214",0.00256773256092943,0.0105398405536303,3.12,8.69387890020847
"mmu-miR-470",0.00257178055822008,0.0105398405536303,2.995,7.97232210262295
"mmu-miR-25",0.00265527537688199,0.0107825157747417,2.01,4.02782220022688
"mmu-miR-155",0.002661410804767,0.0107825157747417,2.77,6.82107913414366
"mmu-miR-23b",0.0027043065948116,0.0108940532711445,1.815,3.51859630368974
"mmu-miR-363",0.00274272573638948,0.0109863985711872,5.235,37.6610155910006
"mmu-miR-30c",0.00278342512170491,0.0110867888274651,2.055,4.15543641319066
"mmu-miR-200c*",0.00288860849805466,0.0114414716487193,2.4825,5.58865067300142
"mmu-miR-467b*",0.00291483806425812,0.0114812232642167,3.555,11.7533490662265
"mmu-miR-381",0.00294113393457534,0.0115207953569829,2.77,6.82107913414366
"mmu-miR-568",0.00300641778248909,0.0116916628464805,5.48,44.631797323213
"mmu-miR-501-3p",0.00301773526220864,0.0116916628464805,1.8175,3.52469885238677
"mmu-miR-34c",0.00305224360614363,0.0117610908519339,2.095,4.27226163219141
"mmu-miR-455",0.0030983205117537,0.0118741040153155,3.175,9.03171523844905
"mmu-miR-184",0.0031245707881282,0.0118799665851315,2.8275,7.09843014337882
"mmu-miR-412",0.00313336213176246,0.0118799665851315,5.2075,36.9499370140381
"mmu-let-7e",0.00319011572131766,0.0120023725347916,2.8725,7.32333097836967
"mmu-miR-15b",0.00320187800071631,0.0120023725347916,1.885,3.69352924291758
"mmu-miR-196a",0.00321643269620649,0.0120023725347916,6.085,67.8840154475658
"mmu-miR-1936",0.00323773454270886,0.0120186062344533,4.62,24.5900029006082
"mmu-miR-465c-5p",0.00328875173329591,0.0121121864064137,3.525,11.5114686400866
"mmu-miR-770-3p",0.00329711139130866,0.0121121864064137,2.735,6.6575898776922
"mmu-miR-669j",0.00342073489883233,0.0125015517694439,3.9025,14.9544194589651
"mmu-let-7f",0.00351758828951065,0.0127588372436292,5.2575,38.2529737287819
"mmu-miR-206",0.00352712566960695,0.0127588372436292,2.7625,6.78571105782926
"mmu-miR-384-3p",0.00358790719985516,0.012912823374098,3.2975,9.83210280031801
"mmu-miR-666-5p",0.0036458194538718,0.0130549797615914,2.1125,4.32440007133706
"mmu-miR-329",0.00388653972040314,0.013779714168474,2.1475,4.43059359861191
"mmu-miR-466f-5p",0.0038870843916711,0.013779714168474,2.39,5.24157361543346
"mmu-miR-532-5p",0.00421795709306348,0.0148349555838206,3.3875,10.4649970514747
"mmu-miR-669k",0.00422660229609558,0.0148349555838206,4.72,26.3549125525624
"mmu-miR-197",0.0043265932748388,0.0151111065608902,3.0225,8.12574448744772
"mmu-miR-471",0.00439349324972513,0.0151226814671758,4.0475,16.5355599983868
"mmu-miR-133a",0.00439438740340359,0.0151226814671758,2.375,5.18735821860404
"mmu-miR-28",0.00441915399558817,0.0151226814671758,4.2675,19.2595221011854
"mmu-miR-122",0.00444287864588609,0.0151226814671758,2.2775,4.84837066780717
"mmu-miR-351",0.00444617818090128,0.0151226814671758,1.805,3.49429158366678
"mmu-miR-466c-3p",0.00445788494589528,0.0151226814671758,6.0775,67.5320290548469
"mmu-miR-136",0.00486036516312895,0.0163379999326942,6.31,79.3412927960952
"mmu-miR-423-3p",0.00488395164043217,0.0163379999326942,1.9925,3.97925954200569
"mmu-miR-191",0.00488526937338669,0.0163379999326942,4.6475,25.0632222260815
"mmu-miR-92a",0.00500850545340615,0.0166715040679106,2.005,4.01388699403802
"mmu-miR-450a-3p",0.00506379104851196,0.01677676567007,2.9175,7.55535738684054
"mmu-miR-147",0.00510610379441888,0.0168382678615953,4.2625,19.1928892166544
"mmu-miR-295",0.00534705944403409,0.0175512275269452,11.5725,3045.57728588319
"mmu-miR-143",0.00538877711576187,0.0176066496547243,2.1225,4.35447865249852
"mmu-miR-599",0.00548214799255036,0.0178295547097166,2.1575,4.46141081416804
"mmu-miR-468",0.00558313153761492,0.0180058537828723,3.01,8.05564440045376
"mmu-miR-133b",0.00558714785928336,0.0180058537828723,2.325,5.01065775449651
"mmu-miR-30a",0.00570898071973134,0.0183152367886404,1.7125,3.27728241417216
"mmu-miR-23a",0.00593520038023511,0.0188947533499795,1.765,3.3987399965546
"mmu-let-7f*",0.00594291960091034,0.0188947533499795,2.8,6.964404506369
"mmu-miR-466h",0.00603642888940942,0.0191063753687111,2.6225,6.15816276742753
"mmu-miR-135b",0.00609904883148839,0.0192187805401123,7.325,160.341048143888
"mmu-let-7a*",0.00617500336259076,0.0193720238233489,2.3375,5.05426041705538
"mmu-miR-128",0.00624528240771728,0.0194262195789922,3.5,11.3137084989848
"mmu-miR-544",0.00624707766433034,0.0194262195789922,2.695,6.47553773237928
"mmu-miR-669g",0.00629644554994544,0.0194942353489577,4.59,24.0839479585771
"mmu-miR-142-5p",0.0063960884203619,0.0197166377827678,4.1325,17.5390657869476
"mmu-miR-186*",0.00665236339815626,0.0203671967609088,4.75,26.9086852881189
"mmu-miR-365",0.00666458342529032,0.0203671967609088,3.61,12.2100736716845
"mmu-miR-713",0.00671189889210609,0.0204237610064516,2.0125,4.0348079351616
"mmu-miR-466b-3p",0.00678826155851783,0.0205678523290134,3.4025,10.5743714081423
"mmu-miR-509-5p",0.00685480358105819,0.0206810882509373,3.5825,11.979534965417
"mmu-miR-1963",0.00696825013313178,0.0207847157789939,2.5925,6.03142961026261
"mmu-miR-763",0.00697559468672496,0.0207847157789939,2.0525,4.14824182604125
"mmu-miR-872",0.00698584404404399,0.0207847157789939,4.5775,23.8761778459846
"mmu-miR-10a",0.00700641335850428,0.0207847157789939,2.005,4.01388699403802
"mmu-miR-467h",0.00731572897718074,0.0216118826867548,3.215,9.28563131506976
"mmu-miR-877*",0.00739803016327811,0.0217643294015111,2.25,4.75682846001088
"mmu-miR-222",0.00746065080687893,0.0218378653796234,1.735,3.3287949388461
"mmu-miR-878-3p",0.00748462804971577,0.0218378653796234,4.925,30.3789478704166
"mmu-miR-330",0.00762082075466582,0.0221441062092544,1.685,3.21540396297261
"mmu-miR-669n",0.00766432593723633,0.0221796207734717,2.4275,5.37960408226803
"mmu-miR-30c-2*",0.00777149302454457,0.0223983274569191,4.385,20.8937565934227
"mmu-miR-223",0.00783868566072207,0.0224639585078483,1.7575,3.38111714052156
"mmu-miR-669f",0.00785763287721633,0.0224639585078483,2.3375,5.05426041705538
"mmu-miR-693-3p",0.00792400400589803,0.0224929295031497,3.795,13.8806189944331
"mmu-miR-342-3p",0.00793121632692163,0.0224929295031497,1.6475,3.13290277826019
"mmu-miR-103",0.00805770010414197,0.022743498201946,3.5175,11.4517803571409
"mmu-miR-374",0.00811373545343751,0.022743498201946,4.2,18.3791736799525
"mmu-miR-331-5p",0.00813951376611458,0.022743498201946,3.2575,9.56324343219549
"mmu-miR-1934",0.00814788228955471,0.022743498201946,2.2875,4.88209375268063
"mmu-miR-764-5p",0.00823413994838971,0.0228744157649561,2.3575,5.12481526320081
"mmu-miR-99b",0.0082593095004637,0.0228744157649561,2.64,6.23331663728401
"mmu-miR-199b",0.00830161968807079,0.0229021336919929,4.4225,21.443968264213
"mmu-miR-654-5p",0.00836898348469066,0.0229698718276626,4.6875,25.7678453111881
"mmu-miR-464",0.00839096869303896,0.0229698718276626,4.6025,24.2935260833215
"mmu-miR-654-3p",0.00855222003502984,0.0233212461724468,2.8375,7.14780362956521
"mmu-miR-1902",0.00871326909388079,0.0235724394057354,3.3175,9.96935384065253
"mmu-miR-574-3p",0.00873286911077696,0.0235724394057354,1.89,3.70635224756149
"mmu-miR-340-5p",0.0087440783691233,0.0235724394057354,6.7475,107.448385870256
"mmu-miR-467b",0.00882554223106645,0.0236333301261935,1.85,3.60500185044332
"mmu-miR-653",0.00883333213461394,0.0236333301261935,6.3475,81.4306492541744
"mmu-miR-691",0.00887767266499038,0.0236626688702187,2.2675,4.81488052529635
"mmu-miR-1898",0.00899187790545056,0.0237591728077821,4.625,24.6753732065271
"mmu-miR-15a*",0.00900132162264924,0.0237591728077821,2.3725,5.1783769956787
"mmu-miR-33",0.00903464222556486,0.0237591728077821,3.4625,11.0234201354057
"mmu-miR-126-5p",0.00907301463749,0.0237591728077821,2.5725,5.94839313649062
"mmu-miR-453",0.00908143276573901,0.0237591728077821,3.765,13.5949599862184
"mmu-miR-384-5p",0.00911604313378987,0.0237620389038861,4.15,17.7531115530855
"mmu-miR-200a",0.0092316542055322,0.0239752484678474,4.2875,19.5283750107226
"mmu-miR-669d",0.0093814701676559,0.0242754100323651,2.26,4.78991481847572
"mmu-miR-465b-5p",0.00942559411010606,0.0243008953602371,2.75,6.72717132202972
"mmu-miR-669l",0.00954405614803213,0.024517158728097,2.58,5.97939699453975
"mmu-miR-695",0.00974704751798325,0.0248109028475713,5.285,38.9891284376062
"mmu-miR-1947",0.00975140916127915,0.0248109028475713,1.8825,3.68713438678582
"mmu-miR-302a",0.0097633877213997,0.0248109028475713,4.095,17.0890465287656
"mmu-miR-28*",0.00979888197805907,0.0248121690087281,2.86,7.26015324253729
"mmu-miR-190",0.0102771798063591,0.0259218083868799,1.665,3.17113654644114
"mmu-miR-1968",0.0103102256207336,0.0259218083868799,2.4,5.27803164309158
"mmu-miR-181c",0.0103665630497183,0.0259713540715558,1.6475,3.13290277826019
"mmu-miR-18a",0.0104253338234858,0.0259973015294039,3.155,8.90737294582949
"mmu-miR-700",0.0104502551987026,0.0259973015294039,2.075,4.21344414381934
"mmu-miR-762",0.0107238934056895,0.0265047842624791,3.3325,10.0735480088257
"mmu-miR-378*",0.0107577988816154,0.0265047842624791,1.625,3.08442165081588
"mmu-miR-211",0.0107664003774245,0.0265047842624791,1.8125,3.5125043207466
"mmu-miR-200a*",0.011002067342126,0.0268881905332824,1.9325,3.81716090012875
"mmu-miR-148a*",0.0110578422370017,0.0268881905332824,5.84,57.2816045393902
"mmu-miR-543",0.0110592825512648,0.0268881905332824,1.615,3.06311599418876
"mmu-miR-1894-5p",0.0110738386963589,0.0268881905332824,1.965,3.9041270431049
"mmu-miR-216a",0.0113100780715402,0.0273680728761842,2.2575,4.78162171609774
"mmu-miR-302c*",0.0113996703520275,0.0274734494837538,2.2,4.59479341998814
"mmu-miR-101b",0.0114635715024867,0.0274734494837538,4.005,16.055547976152
"mmu-miR-669h-5p",0.0114904223164983,0.0274734494837538,2.9575,7.76776739473882
"mmu-miR-1941-3p",0.0115086241137869,0.0274734494837538,2.225,4.67510899424498
"mmu-miR-208a",0.0115475673106363,0.0274739101451045,8.055,265.947930444202
"mmu-miR-671-3p",0.0118659953238677,0.0281043483575501,6.25,76.1092553601742
"mmu-miR-33*",0.0118918258212483,0.0281043483575501,2.26,4.78991481847572
"mmu-miR-1933-3p",0.011972367443841,0.0282006927497782,4.6125,24.4625009200482
"mmu-miR-697",0.0120796929902569,0.0283592792387156,5.3125,39.7394499863515
"mmu-miR-145",0.0125013105585096,0.0292522415378987,1.5425,2.91298848795283
"mmu-miR-666-3p",0.0127421659806701,0.0297177489483392,2.395,5.25977104082028
"mmu-miR-490",0.0132568087412489,0.0308166472050671,3.5425,11.6519539518113
"mmu-miR-1982*",0.0133155415785226,0.0308520228077533,2.925,7.59473696760415
"mmu-miR-465a-5p",0.0133652994065184,0.0308664406489302,3.965,15.6165081724196
"mmu-miR-300",0.0138972487695795,0.0319907447325711,3.725,13.2232050904674
"mmu-miR-290-5p",0.0141366555707814,0.0324365333323107,2.81,7.01284577052828
"mmu-miR-29b",0.0142045318267875,0.0324871389199752,4.1675,17.9697695216383
"mmu-miR-376c",0.0142953608994532,0.0325098649722276,3.805,13.9771663346671
"mmu-miR-298",0.0143454396274111,0.0325098649722276,5.625,49.3507464130541
"mmu-miR-345-3p",0.0143520278368226,0.0325098649722276,4.805,27.9543326693342
"mmu-miR-667",0.0144797066894336,0.0326946243401542,2.2825,4.86520299144665
"mmu-miR-431",0.0145544375669869,0.0327159889099956,3.2025,9.20552498586069
"mmu-miR-141",0.0145814562701814,0.0327159889099956,6.055,66.4869826110505
"mmu-miR-541",0.0147802888015432,0.0330574913573947,3.785,13.7847385553923
"mmu-miR-491",0.0149120518576292,0.0332473105882361,5.1025,34.3562340648977
"mmu-miR-743b-5p",0.0152338557981603,0.0338583189996729,2.0725,4.20614912397603
"mmu-miR-802",0.0153162855357825,0.033935145140218,4.855,28.9401400819548
"mmu-miR-1897-3p",0.0161097241206428,0.0355819140234758,3.59,12.0419739792885
"mmu-miR-290-3p",0.0162711771521338,0.0358076204840298,5.31,39.6706463980476
"mmu-miR-96",0.0163129216027385,0.0358076204840298,4.0275,16.3079100575212
"mmu-miR-1982.1",0.0165529305161972,0.0361832266882259,2.47,5.54043787244369
"mmu-miR-30b*",0.0165876593285861,0.0361832266882259,2.33,5.02805349808732
"mmu-miR-291b-5p",0.0166371394927526,0.0361832266882259,1.8075,3.50035197898084
"mmu-miR-467a*",0.0169363613074531,0.0366303259207367,2.275,4.83997635687717
"mmu-miR-532-3p",0.0169465963182787,0.0366303259207367,2.045,4.12673271720544
"mmu-miR-466a-3p",0.0169977111818369,0.0366303259207367,5.1125,34.5952005706965
"mmu-miR-30e*",0.0170701800295655,0.0366750231544302,2.47,5.5404378724437
"mmu-miR-1306",0.0172062866495845,0.0368557620379317,2.7225,6.60015543210788
"mmu-miR-1981",0.0172948021693104,0.036933779331449,1.98,3.94493081797344
"mmu-miR-152",0.017534137572772,0.0373324430603464,1.6875,3.22098066389851
"mmu-miR-463",0.0178107766284896,0.0378079060766442,2.7625,6.78571105782927
"mmu-miR-501-5p",0.0179228673596317,0.0378494089838985,3.01,8.05564440045374
"mmu-miR-411",0.0179455817256145,0.0378494089838985,3.2975,9.83210280031801
"mmu-miR-295*",0.017990480715901,0.0378494089838985,3.2125,9.26955447569822
"mmu-miR-32",0.0181400470749874,0.0380511638348108,4.5925,24.1257184410504
"mmu-miR-1967",0.0182015174961083,0.0380674805449581,1.7175,3.28866031450878
"mmu-miR-467d*",0.0183560779902266,0.0382778214560901,2.045,4.12673271720544
"mmu-miR-680",0.0186401418104643,0.0385913771711677,3.4225,10.7219841321065
"mmu-miR-669i",0.0186611697126183,0.0385913771711677,2.8475,7.19752053550625
"mmu-miR-330*",0.0186697353592532,0.0385913771711677,2.235,4.70762694887507
"mmu-miR-1199",0.018908674089954,0.0389716567726087,1.615,3.06311599418877
"mmu-miR-1959",0.019011888266389,0.0390708080604922,1.72,3.29436406907029
"mmu-miR-194",0.0195601018561184,0.040081249179156,6.3725,82.8540319308592
"mmu-miR-362-5p",0.0196458239313664,0.0401408909721579,7.18,145.009137317862
"mmu-miR-483*",0.019797490936986,0.0403345433170203,2.4725,5.55004704297685
"mmu-miR-683",0.0198568075315214,0.040339474326214,1.905,3.74508898973797
"mmu-miR-743b-3p",0.0206474153230407,0.0418257641829596,-4.3525,-20.4283389973376
"mmu-miR-466e-3p",0.0207742106396377,0.0419627217763623,2.61,6.10503683584224
"mmu-miR-185",0.0211571144072459,0.0426147560077766,2.7325,6.64606314359803
"mmu-miR-1929",0.0216207141905408,0.0434251738274602,3.8975,14.9026810980753
"mmu-miR-302d",0.0221963688693619,0.0444554393456995,2.7925,6.92829327158906
"mmu-miR-770-5p",0.0226929369934178,0.045194933420809,2.3,4.92457765337967
"mmu-miR-367",0.0226930836358364,0.045194933420809,3.22,9.31786869174764
"mmu-miR-16",0.0237734140122717,0.0471685042328593,1.2825,2.43260149572332
"mmu-miR-466f",0.0238171008679318,0.0471685042328593,2.2125,4.63477723784911
"mmu-miR-1895",0.0239117710855767,0.0472240827288967,1.3875,2.61624926286866
"mmu-miR-466b-5p",0.0242427222571411,0.0477446946675362,3.9925,15.9170381680228
"mmu-miR-1907",0.0247472345777692,0.0486032945031534,1.7675,3.4046346700401
"mmu-miR-7a*",0.0249933761009087,0.0489511150705643,2.0375,4.1053351355617
"mmu-miR-693-5p",0.0251481393269312,0.0491185421013614,4.225,18.7004359769799
"mmu-miR-34b-3p",0.025308471267104,0.049295895957079,4.9,29.8570557291778
"mmu-miR-17*",0.0257862914905211,0.0500889881281629,1.6575,3.15469384035722
"mmu-miR-377",0.0259841299599873,0.0502078950657055,2.805,6.98858316733356
"mmu-miR-615-5p",0.0259891360918391,0.0502078950657055,13.88,15076.354467838
"mmu-miR-878-5p",0.0260681114568999,0.0502236169101685,3.4125,10.64792197779
"mmu-miR-376a*",0.0267536520272478,0.0514047135157688,1.3475,2.54470778919295
"mmu-miR-706",0.0268378437848231,0.0514271114687557,5.0625,33.4167610376773
"mmu-miR-1190",0.0271860980634196,0.0519540256791497,1.3825,2.60719772804235
"mmu-miR-466b-3-3p",0.0286332279833579,0.0545724694629052,4.6875,25.7678453111881
"mmu-miR-338-3p",0.028835573285295,0.0548107813921559,1.725,3.30580127261685
"mmu-miR-434-5p",0.029019794736131,0.0550134611441628,1.3025,2.46655934714007
"mmu-miR-1955",0.0292838031301206,0.0553659104513481,1.9575,3.88388369736941
"mmu-miR-1945",0.0297614193440573,0.0561192721141931,1.2325,2.34973815851607
"mmu-miR-31*",0.0302729850981481,0.0569324839113713,3.0975,8.55934263120223
"mmu-miR-200b",0.0307567975642622,0.0576893372303225,2.335,5.045509635325
"mmu-miR-682",0.0308999777579621,0.057804971584156,4.2825,19.4608119657866
"mmu-miR-679",0.0310715986039208,0.0579730616057364,3.4825,11.1773013460029
"mmu-miR-30c-1*",0.0312768042929218,0.0582027670437836,2.8675,7.29799417795998
"mmu-miR-195",0.0315571966211605,0.0585708178125728,3.425,10.7405800222421
"mmu-miR-467e",0.0325412401043513,0.0602395280260707,4.71,26.172865873849
"mmu-miR-485*",0.033908487688799,0.0626070775295793,1.5,2.82842712474619
"mmu-miR-488",0.0342898780487213,0.0631468143806323,1.865,3.64267933436791
"mmu-miR-221",0.0346005777683783,0.0635539109787052,2.1075,4.30943878366308
"mmu-miR-1971",0.0356281461924059,0.0651302128758748,1.68,3.20427951035849
"mmu-miR-1903",0.0357041928110985,0.0651302128758748,2.195,4.57889664239475
"mmu-miR-551b",0.0357343481082021,0.0651302128758748,4.4325,21.5931228588894
"mmu-miR-210",0.0358899406256994,0.0652460715477458,2.7425,6.69229016847344
"mmu-miR-542-5p",0.0360839893323824,0.0654310701704836,4.73,26.5382254660621
"mmu-miR-293*",0.0373924684698805,0.0676307656763911,2.9575,7.76776739473882
"mmu-miR-26b",0.0381307580311682,0.0687906041834561,3.54,11.6317801385625
"mmu-miR-181a-1*",0.0383614245763558,0.0690310914330869,3.935,15.2951250814999
"mmu-miR-24-2*",0.0389803487226853,0.0699672588465415,1.6675,3.17663647127744
"mmu-miR-215",0.0395927655849592,0.0707979103707806,3.1025,8.58905851622444
"mmu-miR-547",0.0396428355672777,0.0707979103707806,1.4725,2.77502352148843
"mmu-miR-448",0.039769724669106,0.0708460673125531,3.345,10.1612078603103
"mmu-miR-340-3p",0.0399338696847629,0.0709459486020303,3.9675,15.6435929793637
"mmu-miR-92a*",0.0400711626178872,0.0709459486020303,3.1175,8.67882660167843
"mmu-miR-339-5p",0.0401259878553091,0.0709459486020303,3.485,11.1966869247616
"mmu-miR-760",0.0404991381115173,0.0714275843807607,1.155,2.22684323645737
"mmu-miR-433*",0.0413970396173254,0.0728300275153442,5.0275,32.6158201150425
"mmu-miR-687",0.0416098022831833,0.0730231431157846,6.725,105.785640723739
"mmu-miR-218-2*",0.0419443412541268,0.0733393214221392,2.2525,4.76507856170349
"mmu-miR-1962",0.0419968469638766,0.0733393214221392,1.1925,2.2854844450041
"mmu-miR-2138",0.0427173860407585,0.074414316223336,-1.3925,-2.62533222234751
"mmu-miR-181d",0.0440468433849235,0.0765421861762519,1.86,3.63007662126864
"mmu-miR-450b-3p",0.0443152663441087,0.0768203516820858,3.585,12.0003119142865
"mmu-miR-721",0.0444445262525953,0.076856510031927,2.4875,5.60805306264554
"mmu-miR-805",0.0446047070150748,0.0769189401604049,3.2475,9.49718528455085
"mmu-miR-431*",0.044697606976145,0.0769189401604049,6.2625,76.7715568666179
"mmu-miR-467c",0.0450281630560068,0.0773001636966315,4.1975,18.3473525777562
"mmu-miR-107",0.0452041404322736,0.0774148202088938,3.1475,8.86118719722383
"mmu-miR-466j",0.0454006683857769,0.0775640334590743,1.4875,2.80402653132277
"mmu-miR-2146",0.0455250090129981,0.0775894985341722,-1.8025,-3.48824168112361
"mmu-miR-141*",0.0464665619590621,0.0790042983908274,3.3175,9.96935384065252
"mmu-miR-218-1*",0.0472922158418207,0.080215744095337,5.1675,35.9395390432766
"mmu-let-7g*",0.0490974607239932,0.0829509353931775,1.2375,2.35789585846562
"mmu-let-7i*",0.0491387769606975,0.0829509353931775,5.22,37.2714747669907
"mmu-miR-342-5p",0.0495418686342803,0.0834327431394412,3.54,11.6317801385625
"mmu-miR-710",0.0497916832698716,0.0836547474842156,1.655,3.14923190627682
"mmu-miR-150",0.0507620949817866,0.0850835114470135,1.92,3.78423058690239
"mmu-miR-466a-5p",0.0508892009723683,0.085095385588229,-4.1175,-17.3576532033568
"mmu-miR-467e*",0.0517685304169251,0.0863620895661174,4.42,21.4068408765778
"mmu-miR-135a*",0.0550901573188821,0.0916612828839802,1.88,3.6807506024995
"mmu-miR-20b*",0.0552036217086876,0.0916612828839802,1.79,3.45814892523146
"mmu-miR-192",0.05639579257382,0.0931666206054139,5.2075,36.9499370140382
"mmu-miR-707",0.0564314547768494,0.0931666206054139,2.285,4.87364105470077
"mmu-miR-425*",0.0565044384489817,0.0931666206054139,1.1975,2.29341907221953
"mmu-miR-669o",0.0586073459914672,0.0964097640555691,1.745,3.3519485386718
"mmu-miR-181a-2*",0.0590582935671623,0.0969266901368473,2.0525,4.14824182604125
"mmu-miR-187",0.0604881406858304,0.0990440917927338,1.4675,2.76542266945759
"mmu-miR-127*",0.061807421844051,0.10093704592353,2.1925,4.57096889000818
"mmu-miR-714",0.0619289350870738,0.10093704592353,-2.22,-4.65893434587382
"mmu-miR-376b",0.0628363990021734,0.102181208469131,1.25,2.37841423000545
"mmu-miR-1928",0.0657328234655418,0.106638097858144,2.895,7.4384395409053
"mmu-miR-7a",0.0658779786486136,0.106638097858144,3.4075,10.6110829663174
"mmu-miR-138*",0.0662995322516796,0.107076009946334,2.5825,5.98976748270852
"mmu-miR-499",0.0666375988758958,0.107377403643205,2.9975,7.98614906077914
"mmu-miR-466k",0.0687974458189458,0.110606324457217,2,4
"mmu-miR-362-3p",0.0697113111241785,0.111821990015933,1.29,2.44528055538414
"mmu-miR-718",0.070004644644813,0.112039036237409,-1.285,-2.43682052735038
"mmu-miR-1194",0.0710491699518687,0.113454643008727,2.055,4.15543641319066
"mmu-miR-1948",0.0714663413824929,0.113864350652107,3.08,8.45614432449104
"mmu-miR-369-5p",0.072832076652679,0.115780139790918,1.72,3.2943640690703
"mmu-miR-106b*",0.0734442970548064,0.116492184813999,1.5075,2.84316928301748
"mmu-miR-711",0.0739818810888009,0.11686500738488,2.43,5.38893430746276
"mmu-miR-142-3p",0.0740090103184923,0.11686500738488,3.3525,10.2141694986688
"mmu-miR-1942",0.075016725048264,0.118193017909376,1.18,2.2657677705916
"mmu-miR-1952",0.0753424520456071,0.118440778993341,2.95,7.72749063139877
"mmu-miR-1897-5p",0.0755080847743162,0.118440778993341,1.4625,2.75585503385141
"mmu-miR-322*",0.0757904179346683,0.118621205994878,1.385,2.61171957417783
"mmu-miR-872*",0.0772073798119517,0.120572758340691,1.965,3.9041270431049
"mmu-miR-27b*",0.0779501794700204,0.121465224712625,1.21,2.31337636781057
"mmu-miR-486",0.0791556981669571,0.123073223685028,1.0225,2.03143612186193
"mmu-miR-1953",0.0794543801141996,0.123267298689207,1.2825,2.43260149572332
"mmu-miR-877",0.0796777377082958,0.123343921474196,2.07,4.19886673449227
"mmu-miR-1949",0.0806415197391817,0.124563916111285,3.0675,8.38319390700056
"mmu-miR-503",0.0814725798519408,0.125574041554404,1.6675,3.17663647127744
"mmu-miR-214*",0.0822052405740803,0.126428450253846,3.005,8.02777398807602
"mmu-miR-136*",0.0836716959122544,0.128181317335196,2.83,7.11074144933256
"mmu-miR-154",0.0837065584290493,0.128181317335196,1.2525,2.38253928085174
"mmu-miR-1944",0.0843605744431032,0.128904412241725,-1.675,-3.19319354542659
"mmu-miR-181a",0.0854767477248467,0.130183503744889,2.5125,5.70608010347612
"mmu-miR-1951",0.0855648980890242,0.130183503744889,1.005,2.00694349701901
"mmu-miR-382*",0.0861688993485766,0.130821733700516,3.575,11.9174197049816
"mmu-miR-1188",0.0863731157469423,0.130851579197825,1.1125,2.16220003566853
"mmu-miR-574-5p",0.0883209660554724,0.133517196019893,1.7475,3.3577620584455
"mmu-miR-669c",0.0916102943886051,0.138195103662811,1.9775,3.93810069334966
"mmu-miR-1193",0.0924839725868539,0.139216850454521,3.7475,13.431048233782
"mmu-miR-125b-5p",0.0942394968253222,0.141558905188884,3.4975,11.294120312887
"mmu-miR-1939",0.0946330568177157,0.141849550282792,1.665,3.17113654644114
"mmu-let-7c-2*",0.0962108447067524,0.143910314128876,1.305,2.47083727425386
"mmu-miR-540-5p",0.097746948268041,0.145777321396146,1.395,2.62988552041014
"mmu-miR-1983",0.0979198604342544,0.145777321396146,3.4575,10.9852819989992
"mmu-miR-99b*",0.098141755936924,0.145777321396146,3.76,13.5479249978004
"mmu-miR-590-5p",0.0982814663291365,0.145777321396146,1.18,2.2657677705916
"mmu-miR-876-3p",0.100165575822247,0.148190944246839,2.2625,4.7982223041636
"mmu-miR-2143",0.10032673235329,0.148190944246839,-1.1725,-2.25401950527389
"mmu-miR-674",0.103338561436061,0.152322328603258,1.9725,3.92447589999328
"mmu-miR-30a*",0.104303662731826,0.153425927130424,1.0575,2.08132173920893
"mmu-miR-704",0.105669480449992,0.15511317109533,2.72,6.58872813814059
"mmu-miR-19a*",0.106901995758165,0.156598171472188,2.8125,7.02500864149319
"mmu-miR-875-3p",0.108812891454713,0.159068742353384,3.7175,13.1546412580351
"mmu-miR-694",0.109318096004811,0.159478456928829,3.1125,8.64880014267412
"mmu-miR-598",0.109545723030655,0.159482377061056,2.355,5.11594232510972
"mmu-miR-137",0.110520089673178,0.160571195857138,2.5975,6.0523692170222
"mmu-miR-302c",0.112733226242909,0.163451651137469,1.8975,3.72567027451881
"mmu-miR-294*",0.113976668069834,0.164917260533699,3.2175,9.30173603763298
"mmu-miR-191*",0.116473374359459,0.168186603708465,4.0375,16.4213405422468
"mmu-miR-301b",0.118726604811294,0.171091794331723,3.27,9.64646262152609
"mmu-miR-2140",0.120096774911103,0.172715240186556,3.8475,14.3950410710125
"mmu-miR-18a*",0.121084912169732,0.173783811190972,1.2875,2.44104687634032
"mmu-miR-324-3p",0.122612382840238,0.175620564512583,5.405,42.3708451326527
"mmu-miR-495",0.123528354813316,0.176575813634357,2.525,5.75573432004328
"mmu-miR-1970",0.124464177207792,0.177555536499648,1.5425,2.91298848795284
"mmu-miR-199a-5p",0.126199519718683,0.179669597350494,3.11,8.63382589203542
"mmu-miR-450a-5p",0.127455435256507,0.181093995184094,2.1875,4.55515453902676
"mmu-miR-379",0.129569711379646,0.183729850736338,2.8375,7.14780362956522
"mmu-miR-463*",0.132491596578402,0.187498087772629,1.62,3.07375036257602
"mmu-miR-183*",0.133746239882858,0.1887331159987,2.9075,7.50316872121612
"mmu-let-7g",0.134961480693005,0.1887331159987,1.0275,2.03848875719016
"mmu-miR-135a",0.134961480693005,0.1887331159987,1.0275,2.03848875719016
"mmu-miR-200c",0.134961480693005,0.1887331159987,1.0275,2.03848875719016
"mmu-miR-193*",0.134961480693005,0.1887331159987,1.0275,2.03848875719016
"mmu-miR-712*",0.134961480693005,0.1887331159987,1.0275,2.03848875719016
"mmu-miR-2183",0.136344435834498,0.190291742139092,1.9925,3.9792595420057
"mmu-miR-1927",0.137779034506235,0.191916179695326,2.2275,4.68321736412856
"mmu-miR-145*",0.138983766944059,0.193214687771251,5.29,39.1244888861462
"mmu-miR-1904",0.141682163194669,0.196580535626263,2.7975,6.9523465634281
"mmu-miR-758",0.142692941096626,0.197596279760758,0.8675,1.82449854448999
"mmu-miR-1196",0.144821984270249,0.200153580599623,0.950000000000002,1.93187265784969
"mmu-miR-27a*",0.149001331704766,0.205529074277585,0.885000000000001,1.84676462145879
"mmu-miR-2182",0.155113717755987,0.213544904638825,-2.1825,-4.53939490154328
"mmu-miR-467g",0.157372521995684,0.216234724990194,2.585,6.00015595714328
"mmu-miR-293",0.159369394529069,0.218554933696537,3.905,14.9803559589519
"mmu-miR-200b*",0.162312996717463,0.222161997437608,1.075,2.10672207190967
"mmu-miR-297c*",0.162841099824708,0.222455375290401,3.2225,9.33402932585741
"mmu-miR-335-5p",0.167660635565628,0.22859882810775,1.6225,3.07908138371377
"mmu-miR-509-3p",0.171259536162153,0.23305760295387,3.465,11.042538827173
"mmu-miR-874",0.172199753565248,0.233888171030193,0.820000000000001,1.76540599258131
"mmu-miR-369-3p",0.172672836993721,0.234082297186516,2.1975,4.58683814443905
"mmu-miR-743a",0.176682201065872,0.239060459075769,2.6675,6.35327294255488
"mmu-miR-325*",0.177544460007167,0.239769565990631,2.4475,5.45470055673281
"mmu-miR-2134",0.180191811523401,0.242773454236647,-1.29,-2.44528055538413
"mmu-miR-376c*",0.180730274176359,0.242773454236647,4.005,16.055547976152
"mmu-miR-879",0.180796027978773,0.242773454236647,1.355,2.55797116255486
"mmu-let-7d*",0.183728314713568,0.245728162091751,0.790000000000001,1.72907446261573
"mmu-miR-182",0.183933316275963,0.245728162091751,3.81,14.0256915410566
"mmu-miR-411*",0.184036183456586,0.245728162091751,1.25,2.37841423000545
"mmu-miR-297b-5p",0.188326899747851,0.250984533686516,1.185,2.27363394647203
"mmu-miR-1941-5p",0.191374604841725,0.254567720136554,1.2375,2.35789585846563
"mmu-miR-701",0.192098624572073,0.255052293673407,3.4125,10.64792197779
"mmu-miR-708*",0.192877182537168,0.255607331624023,2.9525,7.74089296113876
"mmu-miR-301a",0.19337052044737,0.255783020517137,1.37,2.58470566127499
"mmu-miR-202-5p",0.19611452425046,0.258878859016634,2.58,5.97939699453975
"mmu-miR-1197",0.19644122165155,0.258878859016634,2.285,4.87364105470077
"mmu-miR-455*",0.199337018877908,0.262207692735504,2.5575,5.88686686250247
"mmu-miR-297a*",0.201606744150065,0.264321317401397,1.8075,3.50035197898084
"mmu-miR-450b-5p",0.201689467861997,0.264321317401397,1.77,3.41053956707182
"mmu-miR-759",0.203470329451806,0.266163216939723,2.2275,4.68321736412857
"mmu-miR-203*",0.213821968647132,0.279119714494996,3.6025,12.1467630416607
"mmu-miR-677",0.214162376142846,0.279119714494996,3.0125,8.0696158703232
"mmu-miR-291a-3p",0.214929966221918,0.279606139543743,1.155,2.22684323645738
"mmu-miR-1956",0.215938342695904,0.280403452328564,1.0975,2.13983565780056
"mmu-miR-466l",0.219033589979013,0.283512301987667,1.91,3.75809099685605
"mmu-miR-465a-3p",0.219132216486942,0.283512301987667,0.850000000000003,1.80250092522166
"mmu-miR-669e",0.220557346789451,0.28483635496124,0.722500000000002,1.65003885802697
"mmu-miR-2144",0.221139611358742,0.285069062642451,-1.475,-2.77983643968467
"mmu-miR-1969",0.222671258483573,0.286522544945288,1.1675,2.24622119020479
"mmu-miR-224",0.230062837483086,0.295497376404906,2.0275,4.07697751438031
"mmu-miR-1839-5p",0.235719554267586,0.302215486393704,2.6975,6.48676871227597
"mmu-miR-467a",0.237432292676435,0.303861905248362,1.9325,3.81716090012875
"mmu-miR-1937b",0.239677827600737,0.30581462755296,0.705,1.63014466480525
"mmu-miR-1901",0.239820779858175,0.30581462755296,1.2675,2.40744026264818
"mmu-miR-875-5p",0.240808041839523,0.306522265106323,1.905,3.74508898973797
"mmu-miR-144",0.245039315185171,0.311349237394778,1.7725,3.41645470538121
"mmu-miR-29a*",0.248067847709116,0.31463345979564,1.1925,2.28548444500409
"mmu-miR-292-3p",0.253480568377456,0.320449665494476,1.02,2.02791895958006
"mmu-miR-676*",0.25355749272553,0.320449665494476,-1.7375,-3.33456830170544
"mmu-miR-582-5p",0.256679700686323,0.323818341257301,3.045,8.25346543441088
"mmu-miR-181b",0.26371962052106,0.332108722823147,1.2975,2.4580257000795
"mmu-miR-29c*",0.267629109193615,0.336379377251218,1.565,2.95877501849768
"mmu-miR-7b",0.268059729403298,0.336379377251218,2.4275,5.37960408226803
"mmu-miR-218",0.269413704823543,0.337481124946806,-2.1,-4.28709385014517
"mmu-miR-22*",0.270933431807158,0.338786248944048,1.22,2.32946717293691
"mmu-miR-744*",0.273632251091207,0.341558566943074,2.1525,4.4459755053341
"mmu-miR-409-3p",0.282269563268763,0.351720773914856,1.695,3.23776886618964
"mmu-miR-684",0.284147356009876,0.353439430545618,3.9775,15.7524027733986
"mmu-miR-741",0.290411742456932,0.360304419820327,1.5425,2.91298848795283
"mmu-miR-871",0.290682832351519,0.360304419820327,2.1325,4.38476644673689
"mmu-miR-880",0.294983811678073,0.364997421430635,2.4225,5.36099206605325
"mmu-miR-125b*",0.301066054074981,0.371874272367877,0.815,1.75929815184487
"mmu-miR-712",0.304586862307641,0.375568844132378,-1.1675,-2.24622119020478
"mmu-miR-1-2-as",0.314983320759775,0.387713844476875,1.79,3.45814892523146
"mmu-miR-1937c",0.315570309116694,0.387763170127792,0.657500000000001,1.57734692017861
"mmu-miR-9",0.317510950938967,0.388867743706908,2.7125,6.55456482834432
"mmu-miR-465c-3p",0.317566182801551,0.388867743706908,1.0875,2.12505473323031
"mmu-miR-341",0.319851856074623,0.390991320615358,1.5625,2.953652291879
"mmu-miR-196a*",0.325593293163874,0.397324689936637,1.29,2.44528055538414
"mmu-miR-2141",0.34026070720552,0.414510036784732,-1.0525,-2.07412091302063
"mmu-miR-125b-3p",0.34159297573771,0.415419244936597,1.4525,2.73681895263021
"mmu-miR-1965",0.349858430737643,0.424742512659227,-0.737499999999998,-1.66728415085272
"mmu-miR-720",0.350810209552333,0.42516998046599,0.692500000000001,1.61608154935877
"mmu-miR-504",0.352033059582736,0.425923957754539,0.740000000000002,1.67017583885674
"mmu-miR-199a-3p",0.357519437889865,0.431825011011778,2.475,5.55967287936935
"mmu-miR-2145",0.36352525662557,0.438332324740696,-1.5925,-3.0157148051313
"mmu-miR-204",0.365196821271991,0.439131322341279,1.3025,2.46655934714007
"mmu-miR-374*",0.365601229798596,0.439131322341279,1.4175,2.67122222126141
"mmu-miR-1954",0.366846970814362,0.439131322341279,-1.0525,-2.07412091302062
"mmu-miR-2133",0.367174278571518,0.439131322341279,-1.0025,-2.00346874046939
"mmu-miR-542-3p",0.367286787116256,0.439131322341279,2.7125,6.55456482834432
"mmu-miR-2142",0.367930911593324,0.439131322341279,-1.1425,-2.20763245462209
"mmu-miR-1960",0.368523465152414,0.439131322341279,0.942500000000002,1.92185567692207
"mmu-miR-511",0.370995550879102,0.441335311364569,1.6275,3.08977117991831
"mmu-miR-672",0.374882524568211,0.445212244420203,2.095,4.27226163219141
"mmu-miR-2139",0.380135502768096,0.450695771676555,-0.617500000000001,-1.53421428569726
"mmu-miR-1187",0.380954335738572,0.45075163490779,0.655000000000001,1.57461595313841
"mmu-miR-1893",0.381454133913504,0.45075163490779,-0.962499999999999,-1.94868378240341
"mmu-miR-466d-5p",0.383791843329853,0.452759429152855,6.49,89.8844720472318
"mmu-miR-208b",0.393166408913957,0.463048146046504,1.6525,3.14377942881103
"mmu-miR-709",0.398228715665719,0.468232436827521,-0.602499999999999,-1.51834538020759
"mmu-miR-34b-5p",0.399119138218477,0.468502432114073,1.015,2.02090289297353
"mmu-miR-761",0.401480492610215,0.470495321091971,0.650000000000001,1.5691681957935
"mmu-miR-488*",0.418106470337296,0.488372012889109,-1.9625,-3.89736756480683
"mmu-miR-883a-3p",0.418112569567968,0.488372012889109,2.6275,6.17954235983663
"mmu-miR-1933-5p",0.421203129625048,0.491172728460787,1.625,3.08442165081588
"mmu-miR-742",0.425242141066845,0.495068436808527,0.430000000000001,1.34723357686569
"mmu-miR-669m",0.430498279213497,0.499685583248889,1.7625,3.39285552891463
"mmu-miR-9*",0.43061761828642,0.499685583248889,1.2425,2.36608187989782
"mmu-miR-466c-5p",0.437908373566303,0.506866851336188,1.5125,2.85304005173806
"mmu-miR-1958",0.438236078799835,0.506866851336188,2.075,4.21344414381934
"mmu-miR-1905",0.440020471160852,0.508101814418639,0.7175,1.64433015725439
"mmu-miR-1940",0.440897820597665,0.508207381640234,-1.6775,-3.19873172526541
"mmu-miR-130b*",0.441545482497016,0.508207381640234,1.755,3.37526318452006
"mmu-miR-146b*",0.44437853900983,0.510639196366239,0.515,1.42899413974109
"mmu-miR-717",0.451653906735068,0.518159579086024,9.73,849.223214913988
"mmu-miR-193",0.456402555439978,0.522609350394599,1.095,2.1361308160957
"mmu-miR-719",0.457006766212484,0.522609350394599,-1.32,-2.49666109780323
"mmu-miR-592",0.46606901573682,0.532114222475693,1.4025,2.64359285203558
"mmu-miR-331-3p",0.470522823853329,0.536335501787798,2.17,4.50023393875524
"mmu-miR-882",0.477368866501951,0.543265692375415,1.8475,3.59876026775313
"mmu-miR-1894-3p",0.481256671522923,0.546459993059432,0.415000000000001,1.3332986770912
"mmu-miR-190b",0.481717201216001,0.546459993059432,1.8,3.4822022531845
"mmu-miR-467d",0.4985655341598,0.564669271117089,-4.0875,-17.0004378658425
"mmu-miR-539",0.508803769427899,0.575345889193589,0.9725,1.96223794999664
"mmu-miR-1943",0.517848606607209,0.584641181663235,0.830000000000001,1.77768536233314
"mmu-miR-708",0.520343918152982,0.586508751023672,0.550000000000001,1.46408569594563
"mmu-miR-1186",0.521157282291838,0.586508751023672,0.429999999999998,1.34723357686569
"mmu-miR-1192",0.529052311796138,0.594450220385834,1.2225,2.33350733146436
"mmu-miR-470*",0.531431847451289,0.596179082030007,1.585,3.00007797857164
"mmu-miR-681",0.534037479680816,0.598155723686728,0.765,1.6993699982773
"mmu-miR-669a",0.542352841353566,0.606511300504224,0.5975,1.51309230425555
"mmu-miR-1906",0.548105865931835,0.611979620386883,2.0675,4.19159695350028
"mmu-miR-465b-3p",0.556045622674681,0.619868469302435,1.07,2.09943336724614
"mmu-miR-219",0.562146879214996,0.625686243898637,0.677499999999999,1.5993658626327
"mmu-miR-1900",0.568183710816261,0.631414186471362,0.617500000000001,1.53421428569725
"mmu-miR-688",0.577436017075056,0.640691918789068,-1.8,-3.4822022531845
"mmu-miR-302a*",0.583056007061441,0.645728091272523,-0.712500000000001,-1.63864120708608
"mmu-miR-690",0.583796483082774,0.645728091272523,1.235,2.35381347443754
"mmu-let-7c-1*",0.58858599537785,0.650011636640024,0.36,1.2834258975629
"mmu-miR-1937a",0.594895106507664,0.655957434702851,0.357500000000002,1.2812038158002
"mmu-miR-125a-5p",0.606016988204062,0.667183299125279,0.6375,1.55563111901202
"mmu-miR-876-5p",0.61895615926465,0.680371964214941,0.887500000000001,1.84996759504874
"mmu-miR-883a-5p",0.622119137210394,0.682155129760802,0.960000000000004,1.94530989482458
"mmu-miR-1892",0.622861146467838,0.682155129760802,-0.592499999999998,-1.50785740256565
"mmu-miR-673-5p",0.623464773039492,0.682155129760802,0.905,1.87254449486898
"mmu-miR-1195",0.625270695806259,0.683076923461692,0.345000000000002,1.27015098253879
"mmu-miR-10b*",0.627335929886982,0.684278729676723,0.757499999999999,1.69055857026078
"mmu-miR-29b*",0.628799268139862,0.684821322751402,0.815000000000001,1.75929815184487
"mmu-miR-20a*",0.638516415749607,0.694337636144895,0.3475,1.27235389459647
"mmu-miR-1274a",0.639499329681346,0.694341538658613,-0.374999999999998,-1.29683955465101
"mmu-miR-2135",0.642046253266642,0.696040968755426,-0.274999999999999,-1.20999408921929
"mmu-miR-1932",0.647628688791688,0.701020977638636,-1.135,-2.1961856275741
"mmu-miR-376b*",0.6493125056337,0.701772205021788,1.675,3.1931935454266
"mmu-miR-881",0.651883049306554,0.703478054731121,1.3325,2.51838700220643
"mmu-miR-673-3p",0.654513084096026,0.705242821617147,0.482500000000001,1.39716266825036
"mmu-miR-2132",0.671569390989703,0.722335807536295,0.2675,1.20372013132409
"mmu-miR-879*",0.672414150880049,0.722335807536295,0.417500000000001,1.33561111063071
"mmu-miR-1957",0.679257778846124,0.72858360847489,0.454999999999999,1.3707828049797
"mmu-miR-703",0.685182820413447,0.733828730624069,1,2
"mmu-miR-1938",0.690032847643769,0.737908429833231,0.790000000000001,1.72907446261573
"mmu-miR-804",0.695479970052546,0.742504381138423,-1.35,-2.54912125463852
"mmu-miR-1946b",0.696425124763119,0.742504381138423,0.282500000000002,1.21630074786166
"mmu-miR-469",0.705471064694557,0.751019496799461,0.372500000000001,1.29459424891968
"mmu-miR-216b",0.71858423081045,0.763832413260284,0.6525,1.57188971440552
"mmu-miR-1930",0.721881346164667,0.76618843477657,-0.434999999999999,-1.35191083302812
"mmu-miR-1931",0.731530306960739,0.775269039813399,0.370000000000001,1.29235283063749
"mmu-miR-199b*",0.740278504149097,0.783369342450313,0.290000000000001,1.22264027769207
"mmu-miR-105",0.742450491281864,0.78449686783732,0.890000000000001,1.85317612378074
"mmu-miR-154*",0.744977253501992,0.785995346328738,0.81,1.75321144263207
"mmu-miR-1839-3p",0.746306278903051,0.786227565738876,-0.182499999999999,-1.13484872538582
"mmu-miR-1935",0.778450988439273,0.818875001192054,0.227499999999999,1.17080434103214
"mmu-miR-767",0.783715127101383,0.823191148318341,-0.482499999999998,-1.39716266825035
"mmu-miR-10a*",0.786404948802013,0.823808355465739,-0.509999999999999,-1.42405019559707
"mmu-miR-664",0.786626596121729,0.823808355465739,0.2575,1.19540542902444
"mmu-miR-1966",0.796707895771578,0.832747312258715,-0.5525,-1.46662496259772
"mmu-miR-742*",0.797511177748473,0.832747312258715,0.132499999999999,1.09619161168422
"mmu-miR-196b",0.805831528842269,0.84019787345466,0.2175,1.16271700470412
"mmu-miR-106b",0.808218832061926,0.841449562308231,0.560000000000002,1.4742692172911
"mmu-miR-34c*",0.811926255027769,0.84406996307139,0.280000000000001,1.21419488439505
"mmu-miR-150*",0.813215173632055,0.844172120212485,-0.232499999999998,-1.17486907925804
"mmu-miR-881*",0.815534486105421,0.844516764484084,0.2275,1.17080434103214
"mmu-miR-675-3p",0.815929455108036,0.844516764484084,0.490000000000001,1.404444875738
"mmu-miR-873",0.817612013685703,0.845024661374874,-0.327500000000001,-1.25483702254054
"mmu-miR-2136",0.83915306636233,0.866025508079901,0.157500000000002,1.11535270354201
"mmu-let-7b*",0.84309339674422,0.868827352168099,-0.344999999999999,-1.27015098253879
"mmu-miR-15b*",0.846789777356145,0.87137003214152,-0.142499999999999,-1.10381622731105
"mmu-miR-1896",0.856755021629574,0.880346826572997,-0.147499999999998,-1.10764839965298
"mmu-miR-715",0.859698646389174,0.882093111852279,0.1275,1.0923990768175
"mmu-miR-1224",0.861421736063573,0.882583830735655,0.100000000000003,1.0717734625363
"mmu-miR-302b*",0.869406799670822,0.889479683934506,-0.33,-1.25701337452183
"mmu-miR-133a*",0.878694695379242,0.89768665565401,0.190000000000001,1.14076371586842
"mmu-miR-24-1*",0.893824971460087,0.911830078798851,-0.212499999999999,-1.15869430946228
"mmu-miR-140*",0.906686695491814,0.922190952003942,0.0850000000000009,1.06068774136822
"mmu-miR-2137",0.907647065344446,0.922190952003942,0.1425,1.10381622731105
"mmu-miR-669b",0.907883334977082,0.922190952003942,-0.220000000000001,-1.16473358646846
"mmu-miR-124*",0.926397731197003,0.939650917623284,-0.0899999999999999,-1.06437018245336
"mmu-miR-153",0.93627122870424,0.948309001644723,0.149999999999999,1.10956947206784
"mmu-miR-300*",0.944960771599699,0.95574491735262,-0.175000000000001,-1.12896440480613
"mmu-miR-26b*",0.949601487894573,0.958291668273707,0.1125,1.08110001783426
"mmu-miR-503*",0.950182006765044,0.958291668273707,-0.197499999999998,-1.14670953610976
"mmu-miR-674*",0.954045217309129,0.960821106636608,0.155000000000001,1.11342161822869
"mmu-miR-744",0.957383276798658,0.962815238652834,-0.0449999999999982,-1.03168317930136
"mmu-miR-93*",0.9680863500618,0.971622640634584,0.04,1.02811382665607
"mmu-miR-132",0.968881815132088,0.971622640634584,-0.0749999999999984,-1.05336103595483
"mmu-miR-1950",0.985918177051266,0.98708099523487,-0.0274999999999999,-1.01924437859508
"mmu-miR-1946a",0.98708099523487,0.98708099523487,-0.00999999999999979,-1.00695555005672
