"","HIVvsCon.p","HIVvsCon.FDR","HIVvsCon.logFC","HIVvsCon.FC"
"hsa-miR-548e",7.66199052125993e-06,0.00438265857816068,-9.0175,-518.248419020368
"hsa-miR-452",0.000144941308378254,0.0414532141961806,-5.6975,-51.8941496982078
"hsa-miR-516b",0.000260818227389019,0.049729342022173,-3.425,-10.7405800222421
"hsa-miR-375",0.000410571686097341,0.0587117511119198,-6.59,-96.3357918343083
"hsa-miR-365",0.00070278658147103,0.0803987849202858,-5.7725,-54.6632752860992
"hsa-miR-34c-5p",0.000940302636270201,0.0813415643404485,-6.6925,-103.429219158961
"hsa-miR-106b",0.00105903333353463,0.0813415643404485,-3.465,-11.042538827173
"hsa-miR-335",0.00143228900677604,0.0813415643404485,-8.105,-275.326563957089
"hsa-miR-362-5p",0.00153035341555087,0.0813415643404485,-7.975,-251.602073227584
"hsa-miR-199b-5p",0.00153364931900753,0.0813415643404485,-7.11,-138.141214272567
"hsa-miR-767-3p",0.00170288814519523,0.0813415643404485,-3.34,-10.1260527517623
"hsa-miR-324-5p",0.00190965819443944,0.0813415643404485,-9.6375,-796.483132934153
"hsa-miR-525-3p",0.001911842184629,0.0813415643404485,-5.5425,-46.6078158072454
"hsa-miR-9",0.0019908774488921,0.0813415643404485,-5.6925,-51.7146095794805
"hsa-miR-409-5p",0.00266296534377765,0.0985911681202215,-3.275,-9.67995271375437
"hsa-miR-374b",0.00287203414515182,0.0985911681202215,6.4575,87.882255991993
"hsa-miR-101",0.00334259287918759,0.0985911681202215,6.385,83.5750263736908
"hsa-miR-410",0.00335008642105057,0.0985911681202215,-3.99,-15.8894799269926
"hsa-miR-382",0.00338243569773738,0.0985911681202215,-7.1375,-140.799656099612
"hsa-miR-346",0.00356462651361462,0.0985911681202215,-7.05,-132.513910251696
"hsa-miR-770-5p",0.00361960582259554,0.0985911681202215,-2.6825,-6.4196738347298
"hsa-miR-224",0.00402389380837687,0.100983295352828,-8.7175,-420.948520257125
"hsa-miR-548a-5p",0.00406051712083051,0.100983295352828,-4.95,-30.9099625255951
"hsa-miR-100",0.00435057076062578,0.103688603128248,-4.395,-21.0390841632811
"hsa-miR-541",0.00492277122076829,0.10588596048413,-4.27,-19.2929252430522
"hsa-miR-369-5p",0.00547088931191978,0.10588596048413,-4.7325,-26.5842525743922
"hsa-miR-220c",0.00566372484431922,0.10588596048413,-4.485,-22.3933738495231
"hsa-miR-645",0.00573034186919989,0.10588596048413,-4.5825,-23.959069930834
"hsa-miR-630",0.00589325099857757,0.10588596048413,-3.28,-9.71355907516038
"hsa-miR-342-3p",0.00596700608401018,0.10588596048413,-4.28,-19.4271181503207
"hsa-miR-302e",0.00605998443074097,0.10588596048413,-3.4225,-10.7219841321065
"hsa-miR-299-5p",0.00642975580160574,0.10588596048413,-3.0625,-8.35419025941932
"hsa-miR-487a",0.00667292130005691,0.10588596048413,-3.55000000000001,-11.7126855675651
"hsa-miR-545",0.00731785436244788,0.10588596048413,-4.34,-20.2521055035245
"hsa-miR-140-5p",0.00735330200695294,0.10588596048413,-3.845,-14.370117966143
"hsa-miR-520e",0.0075262702025011,0.10588596048413,-4.7125,-26.2182593133774
"hsa-miR-516a-5p",0.0076024125383508,0.10588596048413,-3.815,-14.074385214759
"hsa-miR-421",0.00769436865672632,0.10588596048413,-4.97,-31.3414495227816
"hsa-miR-448",0.00769660658335219,0.10588596048413,-3.4475,-10.9094011134656
"hsa-miR-557",0.0078117754581218,0.10588596048413,5.305,39.5333963880616
"hsa-miR-554",0.00789532544636125,0.10588596048413,-4.3775,-20.7854200731804
"hsa-miR-339-3p",0.00799094901234963,0.10588596048413,-5.475,-44.4773830349548
"hsa-miR-222",0.00826510391937428,0.10588596048413,-2.65,-6.27667278317401
"hsa-miR-19a",0.00832951779693561,0.10588596048413,3.735,13.3151797553844
"hsa-miR-383",0.00834730907902762,0.10588596048413,-5.835,-57.083425242886
"hsa-miR-485-3p",0.0085862460601929,0.10588596048413,-2.4675,-5.53084533891519
"hsa-miR-19b",0.00870041982998968,0.10588596048413,3.055,8.31087282638131
"hsa-miR-449b",0.00909446390044725,0.108375694813663,-3.805,-13.9771663346671
"hsa-miR-501-3p",0.00977151388655104,0.114067468226677,-3.99,-15.8894799269926
"hsa-miR-486-3p",0.0104910112804288,0.120017169048106,-3.52,-11.4716419841266
"hsa-miR-610",0.0107564185760684,0.120640616186493,-2.5125,-5.70608010347612
"hsa-miR-29c",0.0115449269798181,0.123696582288658,-6.04,-65.7992849059882
"hsa-miR-920",0.0116616501520964,0.123696582288658,-3.2425,-9.46432751959127
"hsa-miR-16",0.0116776493769013,0.123696582288658,3.255,9.54668594425377
"hsa-miR-520c-3p",0.012600777096008,0.126989122244592,-4.1925,-18.2838755600327
"hsa-miR-632",0.0126417093965661,0.126989122244592,-4.865,-29.1414346749434
"hsa-miR-539",0.01272733751995,0.126989122244592,-5.0275,-32.6158201150425
"hsa-miR-195",0.0128765193884376,0.126989122244592,3.245,9.48074216753266
"hsa-miR-449a",0.013553567950205,0.129095291874859,-3.8475,-14.3950410710125
"hsa-miR-542-3p",0.0135672117208092,0.129095291874859,-4.415,-21.3327788334592
"hsa-miR-130b",0.0138585392607577,0.129095291874859,-3.0875,-8.50021893292122
"hsa-miR-657",0.0139928463221001,0.129095291874859,-4.1125,-17.2976002853482
"hsa-miR-21",0.0145598765740492,0.132194434926288,3.23,9.38267959385503
"hsa-miR-509-3-5p",0.0151644339577998,0.135532128497836,-2.9175,-7.55535738684055
"hsa-miR-323-3p",0.015907923288236,0.139989724936477,-1.9475,-3.8570557530078
"hsa-miR-646",0.0166077343971192,0.143933698108367,-2.2975,-4.916051400159
"hsa-miR-635",0.0171473465679512,0.144452905910567,-3.8625,-14.5454900724409
"hsa-miR-566",0.0171727230802772,0.144452905910567,-4.27,-19.2929252430522
"hsa-miR-181b",0.017533786529306,0.145352549199464,-2.6925,-6.46432619743507
"hsa-miR-10b",0.0178697179838784,0.146021124096835,-2.2075,-4.61874212675477
"hsa-miR-603",0.0182449043683571,0.146987116883102,-4.6375,-24.8900979041923
"hsa-miR-508-5p",0.019393202552989,0.150929384503329,-4.02,-16.2233516766404
"hsa-miR-518d-3p",0.0194424837172082,0.150929384503329,-3.7875,-13.8086463956358
"hsa-miR-885-3p",0.0195258294637174,0.150929384503329,-3.21,-9.25350547124232
"hsa-miR-583",0.0203527979482305,0.155224005685171,-2.585,-6.00015595714325
"hsa-miR-889",0.0210188563183973,0.158194550185832,-4.235,-18.8305077955003
"hsa-miR-483-5p",0.021761965104401,0.160349449546621,-2.01,-4.02782220022688
"hsa-miR-374a",0.021875030539854,0.160349449546621,-3.7425,-13.3845803369469
"hsa-miR-370",0.0229513515485562,0.160349449546621,-4.405,-21.1854225663263
"hsa-miR-519e",0.0234647199702747,0.160349449546621,-2.74,-6.68070335542696
"hsa-miR-149",0.0236340216057701,0.160349449546621,-2.1275,-4.36959630727
"hsa-miR-147",0.0238406676227808,0.160349449546621,-1.905,-3.74508898973797
"hsa-miR-193a-5p",0.0240114616507184,0.160349449546621,1.8575,3.62379162493761
"hsa-miR-592",0.0240727510865359,0.160349449546621,-5.55,-46.8507422702601
"hsa-miR-648",0.0243810434470998,0.160349449546621,-2.7275,-6.62306951189179
"hsa-miR-141",0.0244306509723349,0.160349449546621,-2.6075,-6.09446677407293
"hsa-miR-500",0.0246881293322811,0.160349449546621,-2.7725,-6.83290941076243
"hsa-miR-671-5p",0.024840572961092,0.160349449546621,-2.405,-5.29635564158159
"hsa-miR-875-3p",0.0249494772895966,0.160349449546621,-3.7425,-13.3845803369469
"hsa-miR-490-3p",0.0253297674713858,0.160934923838012,-3.545,-11.6721627539214
"hsa-miR-890",0.0257743719815675,0.160934923838012,-4.57,-23.7523771300648
"hsa-miR-338-3p",0.0258846380998202,0.160934923838012,4.64,24.933266549136
"hsa-miR-769-5p",0.0265857204457416,0.163402196831524,-6.4175,-85.4791110803653
"hsa-miR-126",0.0268528085702155,0.163402196831524,5.0275,32.6158201150425
"hsa-miR-649",0.0271760519148226,0.163628438897669,-6,-64
"hsa-miR-935",0.0278219412655352,0.165549235514572,-2.9775,-7.8762013866993
"hsa-miR-654-3p",0.0280739088197787,0.165549235514572,-3.9125,-15.0584356720811
"hsa-miR-520c-5p",0.0289802200105469,0.169149855571763,-4.545,-23.3443255078428
"hsa-miR-220a",0.0309500088865471,0.177825252576068,-4.6825,-25.6786953389192
"hsa-miR-483-3p",0.031088330869942,0.177825252576068,-1.83,-3.55537072466628
"hsa-miR-15a",0.0320167514570031,0.181322592409958,2.1125,4.32440007133705
"hsa-miR-371-3p",0.0346532064879711,0.194329746187446,3.16499999999999,8.96932862422801
"hsa-miR-362-3p",0.0355362450087763,0.197346914029321,4.1275,17.4783852290799
"hsa-miR-615-3p",0.0374478948650786,0.203882948647283,-2.96,-7.78123957929828
"hsa-miR-767-5p",0.0375726685585329,0.203882948647283,-2.6225,-6.15816276742751
"hsa-miR-30a",0.0380175792565084,0.203882948647283,2.235,4.70762694887507
"hsa-miR-103",0.0386075156243329,0.203882948647283,3.7425,13.3845803369469
"hsa-miR-326",0.0386113899268285,0.203882948647283,-5.815,-56.2975408590358
"hsa-miR-516a-3p",0.0388518206338354,0.203882948647283,-2.98,-7.88986163594687
"hsa-miR-544",0.0392819730683937,0.204266259955647,-3.2725,-9.66319315916695
"hsa-miR-631",0.0436998962859176,0.225192258338242,-1.8425,-3.58630950308119
"hsa-miR-487b",0.0451633694367028,0.230655779623161,-2.1825,-4.5393949015433
"hsa-miR-422a",0.0458865765297005,0.232275413937953,-3.0475,-8.2677799991934
"hsa-miR-323-5p",0.046928051880119,0.235463558556386,-3.735,-13.3151797553844
"hsa-miR-520d-5p",0.0475008521497148,0.235543085847201,-3.535,-11.591537236439
"hsa-miR-511",0.0477674789480337,0.235543085847201,-2.7025,-6.5092891418843
"hsa-miR-133b",0.0485193009629729,0.237205471374534,-4.2075,-18.4749685070191
"hsa-miR-802",0.0489397701958565,0.237233462305338,-2.455,-5.48313121991881
"hsa-miR-183",0.0494930149417376,0.237899197871209,-3.625,-12.3376866032635
"hsa-miR-409-3p",0.0502666029229988,0.239604140599628,-3.2025,-9.20552498586069
"hsa-let-7a",0.0512247517247148,0.239810121129737,4.5675,23.7112530385673
"hsa-miR-18a",0.051441893344273,0.239810121129737,2.9225,7.58158768758705
"hsa-miR-28-3p",0.0515675610121638,0.239810121129737,-2.835,-7.13542815536075
"hsa-miR-488",0.0524898925262663,0.241320458541083,-3.915,-15.0845525746918
"hsa-miR-377",0.0527361141916702,0.241320458541083,-1.7875,-3.45216159890895
"hsa-miR-33b",0.0536758550183873,0.243671341829504,-2.8,-6.96440450636899
"hsa-miR-656",0.0551943785199456,0.248592004042589,-2.6675,-6.35327294255489
"hsa-miR-888",0.0560520139916872,0.249856543889696,-3.93,-15.242207968703
"hsa-miR-891a",0.0563487660170818,0.249856543889696,-2.065,-4.18433975917012
"hsa-miR-668",0.057260375322223,0.251945651417781,-1.795,-3.47015474860827
"hsa-miR-18b",0.0598213558292534,0.261204698735366,-2.765,-6.7974799931092
"hsa-miR-491-3p",0.0613052622217483,0.264998315589702,-2.47,-5.54043787244369
"hsa-miR-484",0.0616167412122908,0.264998315589702,-3.6775,-12.7949269010616
"hsa-miR-765",0.0624749133246868,0.266683958371051,-2.7425,-6.69229016847345
"hsa-miR-372",0.0638845220700298,0.270681086104126,-2.9975,-7.98614906077915
"hsa-miR-526a",0.0664451461418084,0.278074768487821,-3.02,-8.11167583832025
"hsa-miR-675",0.066601823921034,0.278074768487821,-2.315,-4.97604661319389
"hsa-miR-593",0.0679386529707635,0.279132555616887,-3.16000000000001,-8.93829710457779
"hsa-miR-644",0.0681352278319019,0.279132555616887,-3.085,-8.48550193094574
"hsa-miR-412",0.0685081591490707,0.279132555616887,-2.1375,-4.39998925311286
"hsa-miR-651",0.0688071509475193,0.279132555616887,-1.4975,-2.82353007822175
"hsa-miR-210",0.0708432203681465,0.280792649614728,-2.0225,-4.06287224372387
"hsa-miR-423-5p",0.0709704314319039,0.280792649614728,-2.7425,-6.69229016847345
"hsa-miR-520b",0.0710601891312466,0.280792649614728,-3.1875,-9.11030907805353
"hsa-miR-548u",0.0722025776914257,0.280792649614728,-1.7625,-3.39285552891463
"hsa-miR-125a-3p",0.0723034592433271,0.280792649614728,-1.4425,-2.71791436322692
"hsa-miR-548p",0.0723430581201712,0.280792649614728,-3.8075,-14.0014079159233
"hsa-miR-873",0.072652643606608,0.280792649614728,-2.71,-6.54321646846224
"hsa-miR-501-5p",0.0749808625762107,0.287845995930151,-1.545,-2.91804068848035
"hsa-miR-622",0.0761856677973585,0.288905907260669,-2.9425,-7.68742270768828
"hsa-miR-376c",0.0764890104075574,0.288905907260669,-2.87,-7.31065160183519
"hsa-miR-140-3p",0.0772235792733372,0.288905907260669,1.48,2.78948733270081
"hsa-miR-548t",0.0772772793896545,0.288905907260669,-4.4775,-22.277261642104
"hsa-miR-142-3p",0.0783882949361002,0.291156524048372,3.25,9.51365692002177
"hsa-miR-766",0.079001365575324,0.291540523284421,-1.42,-2.67585510957223
"hsa-miR-520a-3p",0.0796945525796069,0.292213359458559,-3.16,-8.93829710457774
"hsa-miR-20a",0.0810995929524632,0.293066741994868,2.8025,6.97648336224721
"hsa-miR-886-3p",0.0812987455820586,0.293066741994868,-3.3075,-9.90049048350842
"hsa-miR-376a",0.0818831854990869,0.293066741994868,-3.5925,-12.0628592205252
"hsa-miR-194",0.0819767110475155,0.293066741994868,1.55,2.92817139189125
"hsa-miR-647",0.0827366180973136,0.293946245662505,-1.995,-3.98616105131148
"hsa-miR-329",0.083262055764666,0.293987011712278,3.485,11.1966869247616
"hsa-miR-92b",0.0843734902035853,0.296083658873931,-1.275,-2.41998817843859
"hsa-miR-769-3p",0.0849883136549806,0.296422654942981,-3.0325,-8.18226350997827
"hsa-let-7e",0.0876999114745291,0.304026359778367,3.6075,12.1889335481459
"hsa-miR-485-5p",0.0889438508006833,0.304960946360997,-2.8175,-7.04939770477355
"hsa-miR-24",0.0893152965425542,0.304960946360997,1.33,2.51402674904366
"hsa-miR-885-5p",0.0900676417405648,0.304960946360997,-1.5675,-2.96390662982092
"hsa-miR-500b",0.0903581364623028,0.304960946360997,-2.905,-7.49017797947595
"hsa-miR-188-3p",0.0915077421715778,0.304960946360997,-1.4425,-2.71791436322692
"hsa-miR-147b",0.0918586623106784,0.304960946360997,-2.3975,-5.26889343115481
"hsa-miR-626",0.0920793186008847,0.304960946360997,-3.35,-10.1964850185541
"hsa-miR-518d-5p",0.0922346918189729,0.304960946360997,-2.6075,-6.09446677407294
"hsa-miR-431",0.0931734670307198,0.306294385871102,-2.475,-5.55967287936935
"hsa-miR-7",0.0945283109765466,0.307786098764627,-3.775,-13.6895204109217
"hsa-miR-339-5p",0.0947034150045007,0.307786098764627,-1.6525,-3.14377942881104
"hsa-miR-876-5p",0.0970396728807427,0.312350713707844,-2.8925,-7.42556086915792
"hsa-miR-202",0.0979814680401539,0.312350713707844,-2.105,-4.30197756182951
"hsa-miR-128",0.0982720110324236,0.312350713707844,-3.7875,-13.8086463956358
"hsa-miR-551a",0.0990174482362006,0.312350713707844,-2.5475,-5.84620330278816
"hsa-miR-23a",0.0991080030757176,0.312350713707844,1.5575,2.94343343125123
"hsa-miR-513b",0.0993843179979503,0.312350713707844,-2.075,-4.21344414381935
"hsa-miR-379",0.10040284984541,0.312810547942989,-2.02,-4.05583791916013
"hsa-miR-320c",0.101379215958214,0.312810547942989,3.49,11.235559005904
"hsa-miR-548b-3p",0.102493490614805,0.312810547942989,2.2125,4.6347772378491
"hsa-let-7g",0.102620217688506,0.312810547942989,-3.245,-9.48074216753268
"hsa-miR-376b",0.102775664738271,0.312810547942989,-2.825,-7.08614015281889
"hsa-miR-627",0.102811858414828,0.312810547942989,-4.095,-17.0890465287656
"hsa-miR-580",0.104158364874934,0.314321386864497,1.1375,2.19999462655643
"hsa-miR-331-3p",0.104810766506333,0.314321386864497,3.8375,14.2956072591304
"hsa-miR-520a-5p",0.105115956278948,0.314321386864497,-2.665,-6.3422730928823
"hsa-miR-493",0.105606690669928,0.314321386864497,-1.4,-2.63901582154579
"hsa-miR-510",0.106301914008178,0.314321386864497,-2.3,-4.92457765337967
"hsa-miR-17",0.1071833148908,0.314321386864497,2.9,7.46426393229446
"hsa-miR-576-5p",0.108203300897088,0.314321386864497,-3.28250000000001,-9.73040598289333
"hsa-miR-497",0.108402204413174,0.314321386864497,-2.1875,-4.55515453902678
"hsa-miR-219-2-3p",0.108959444335351,0.314321386864497,-1.9675,-3.91089824484092
"hsa-miR-518c",0.109280052865112,0.314321386864497,-2.905,-7.49017797947594
"hsa-miR-125b",0.109353069905656,0.314321386864497,3.91,15.0323639874242
"hsa-miR-129-3p",0.110194606668168,0.314622317192255,-3.3625,-10.2852146659046
"hsa-miR-659",0.110557842230146,0.314622317192255,-1.3925,-2.62533222234752
"hsa-miR-30b",0.114385686227914,0.322872350778385,-1.6975,-3.24338435613799
"hsa-miR-30d",0.115031899841446,0.322872350778385,1.365,2.57576325901965
"hsa-miR-211",0.115150278948935,0.322872350778385,-2.2025,-4.60276249293036
"hsa-miR-429",0.116649289242838,0.32344036289281,-2.76,-6.77396249890022
"hsa-miR-29a",0.11690360218463,0.32344036289281,3.41,10.6294865127721
"hsa-miR-142-5p",0.117049222235685,0.32344036289281,2.8925,7.4255608691579
"hsa-miR-760",0.117802084693316,0.323955732906619,-1.9125,-3.76460891802027
"hsa-miR-564",0.118584005134014,0.324545698261512,-1.455,-2.74156560995941
"hsa-miR-892a",0.119689193498842,0.326010565149227,-2.43,-5.38893430746275
"hsa-miR-655",0.120542004443357,0.32677737697441,1.5475,2.92310165139408
"hsa-miR-93",0.122120328442866,0.328344284282947,1.4825,2.79432533650071
"hsa-miR-144",0.122268063902566,0.328344284282947,-2.795,-6.94030949721654
"hsa-miR-29b",0.123176275329969,0.329237520975432,1.7825,3.440218027101
"hsa-miR-26a",0.127904120677611,0.340284451291133,1.33,2.51402674904366
"hsa-miR-181c",0.129089422137497,0.341847914178927,2.03,4.08404850282877
"hsa-miR-548n",0.130246874073276,0.343215731162042,-4.22,-18.6357373834953
"hsa-miR-513a-5p",0.131090783058406,0.343215731162042,-1.8825,-3.68713438678581
"hsa-miR-654-5p",0.132313290451865,0.343215731162042,-2.095,-4.27226163219142
"hsa-miR-505",0.132340348625208,0.343215731162042,-2.18000000000001,-4.53153554118321
"hsa-miR-129-5p",0.132838609217803,0.343215731162042,4.3475,20.3576623135436
"hsa-miR-522",0.133206105451002,0.343215731162042,2.565,5.91755003699535
"hsa-miR-515-3p",0.134872154914408,0.34589906376224,-1.9025,-3.73860486474127
"hsa-miR-200b",0.135456976018779,0.34589906376224,4.39,20.9662944617338
"hsa-miR-490-5p",0.139024245828524,0.352201913725687,-2.2025,-4.60276249293035
"hsa-miR-30e",0.139156700178331,0.352201913725687,1.5675,2.96390662982091
"hsa-miR-502-5p",0.14013715726643,0.353120942539198,-1.68,-3.2042795103585
"hsa-miR-296-5p",0.143013719902137,0.358788806070274,-2.5675,-5.92781325964183
"hsa-miR-298",0.146080654816547,0.364081847449134,-1.4175,-2.67122222126141
"hsa-miR-744",0.146396547051225,0.364081847449134,-1.75,-3.36358566101486
"hsa-miR-637",0.148291346978487,0.367197621089586,-2.92,-7.56846117380477
"hsa-miR-214",0.15069512663868,0.371541432919504,-1.47250000000001,-2.77502352148843
"hsa-miR-345",0.154354260386616,0.37892977227959,-1.54,-2.90794503464063
"hsa-miR-509-5p",0.159575674412562,0.390073870786262,-1.77,-3.41053956707184
"hsa-miR-555",0.163062755873663,0.396901686637172,3.415,10.6663894167296
"hsa-miR-106a",0.16802096339323,0.404031891971311,1.26,2.39495740923785
"hsa-miR-559",0.168444398214208,0.404031891971311,-2.11,-4.3169129460177
"hsa-miR-665",0.169010347901592,0.404031891971311,-1.0925,-2.13243238883302
"hsa-miR-532-5p",0.170904875032315,0.404031891971311,2.785,6.89236927769615
"hsa-miR-936",0.170979723524858,0.404031891971311,-1.67,-3.18214593501967
"hsa-miR-507",0.171066061382626,0.404031891971311,-1.4725,-2.77502352148842
"hsa-miR-621",0.172282039452535,0.404031891971311,-1.6225,-3.07908138371376
"hsa-miR-503",0.172299327989638,0.404031891971311,-2.4025,-5.28718570407114
"hsa-miR-548c-5p",0.172349268603147,0.404031891971311,-1.9775,-3.93810069334967
"hsa-miR-27b",0.173552669043197,0.404379985315884,1.3275,2.50967404508107
"hsa-miR-124",0.173911672006482,0.404379985315884,-2.6425,-6.24412751612314
"hsa-miR-638",0.17534100720703,0.406052858795227,-0.957500000000003,-1.94194184868471
"hsa-miR-934",0.176732532358237,0.407625034310128,-2.165,-4.48466431211404
"hsa-miR-582-3p",0.179400668901823,0.411311191134672,-1.98750000000001,-3.96549234985067
"hsa-miR-496",0.179889995058923,0.411311191134672,-2.1175,-4.33941330083921
"hsa-miR-302a",0.180487952753151,0.411311191134672,-1.94,-3.83705647730106
"hsa-miR-518a-3p",0.184267526507925,0.417316339663373,-1.9175,-3.77767869342027
"hsa-miR-433",0.1845822271588,0.417316339663373,-1.66,-3.1601652474535
"hsa-miR-373",0.185407456603345,0.4175317526658,-2.585,-6.00015595714325
"hsa-miR-548m",0.186373897149319,0.418062232036904,-3.005,-8.02777398807603
"hsa-miR-122",0.188050097445509,0.420174436479809,-1.36,-2.56685179512581
"hsa-miR-96",0.191005429947024,0.424928924428406,-2.685,-6.43080792594521
"hsa-miR-155",0.191776601156018,0.424928924428406,2.1125,4.32440007133705
"hsa-miR-526b",0.192406628368806,0.424928924428406,2.225,4.67510899424498
"hsa-miR-517a",0.194485402763375,0.427867886079425,-2.095,-4.27226163219142
"hsa-miR-587",0.197548880658617,0.432639737875765,-2.215,-4.64281565753489
"hsa-miR-130a",0.198167152663375,0.432639737875765,1.72,3.29436406907029
"hsa-miR-34c-3p",0.201813199089559,0.437656819746425,-1.81,-3.50642288526414
"hsa-miR-518e",0.201995455267581,0.437656819746425,-2.8125,-7.0250086414932
"hsa-miR-32",0.206038383376057,0.443000240852867,2.355,5.11594232510972
"hsa-miR-196a",0.206338353561549,0.443000240852867,-2.43,-5.38893430746275
"hsa-miR-548i",0.206785077461041,0.443000240852867,2.1975,4.58683814443906
"hsa-miR-132",0.212050706785963,0.451572398513608,-2.04,-4.11245530662427
"hsa-miR-520g",0.213086712466234,0.451572398513608,-1.8025,-3.48824168112361
"hsa-miR-154",0.213653579049328,0.451572398513608,-2.505,-5.67649342480153
"hsa-miR-519b-3p",0.214196882082659,0.451572398513608,-1.51,-2.84810039119414
"hsa-miR-891b",0.216857826982451,0.451572398513608,-2.8375,-7.14780362956522
"hsa-miR-31",0.217292667235367,0.451572398513608,-2.0875,-4.2501094664606
"hsa-miR-576-3p",0.217546227398499,0.451572398513608,-3.455,-10.9662624398376
"hsa-miR-513a-3p",0.217766792598867,0.451572398513608,-1.565,-2.95877501849768
"hsa-miR-550",0.218077294610247,0.451572398513608,3.1225,8.70895730499702
"hsa-miR-886-5p",0.21913573121372,0.451572398513608,-1.115,-2.16595009105185
"hsa-miR-320b",0.21981929634909,0.451572398513608,2.5275,5.76571689432678
"hsa-miR-937",0.220259963610658,0.451572398513608,-1.0025,-2.00346874046939
"hsa-miR-296-3p",0.221467845107554,0.452427169291147,-1.0925,-2.13243238883301
"hsa-miR-432",0.222386459130826,0.452687027127518,-1.7875,-3.45216159890894
"hsa-miR-922",0.229011785133983,0.463121394320939,-1.15,-2.21913894413569
"hsa-miR-544b",0.229131738798646,0.463121394320939,-2.3175,-4.98467692032626
"hsa-miR-553",0.233706251089849,0.470704139518992,-1.0175,-2.02440788679831
"hsa-miR-623",0.235910369687018,0.471387420057804,-1.37,-2.58470566127499
"hsa-miR-34b",0.2366371880091,0.471387420057804,-1.7925,-3.46414663579453
"hsa-miR-137",0.23703783431618,0.471387420057804,1.39,2.62078680771672
"hsa-miR-525-5p",0.237897800709852,0.471387420057804,2.465,5.52126941358653
"hsa-miR-367",0.238166021672562,0.471387420057804,1.1875,2.27757726951338
"hsa-miR-874",0.2391264784228,0.471487324458564,-0.862500000000004,-1.81818625905512
"hsa-miR-625",0.239865054925598,0.471487324458564,-1.1925,-2.2854844450041
"hsa-miR-486-5p",0.241316621211036,0.472716121002441,1.265,2.4032720990537
"hsa-miR-613",0.24219155616127,0.472810819536677,-1.8375,-3.5739018147826
"hsa-miR-650",0.245322570802647,0.477294253398347,-1.7075,-3.26594387838028
"hsa-let-7f",0.249948983370799,0.483723398131879,-1.8525,-3.61125425834876
"hsa-miR-640",0.250318401830483,0.483723398131879,-0.949999999999999,-1.93187265784969
"hsa-miR-611",0.251927725167044,0.484176557355124,-1.14,-2.20381023175322
"hsa-miR-489",0.252245828831866,0.484176557355124,-1.67,-3.18214593501968
"hsa-miR-548d-3p",0.260392048739484,0.498141310632056,-2.28,-4.85677953758018
"hsa-miR-521",0.261321109979193,0.498252249693661,-1.955,-3.87715926774026
"hsa-miR-143",0.263575562171944,0.500881134758645,-1.8175,-3.52469885238678
"hsa-miR-561",0.265573312202187,0.502691802587977,-1.915,-3.77113814367297
"hsa-miR-584",0.266286042279995,0.502691802587977,-0.975000000000003,-1.96564119709051
"hsa-miR-455-3p",0.273896122334617,0.515173487702513,-2.1575,-4.46141081416804
"hsa-miR-671-3p",0.274699149911305,0.515173487702513,-0.734999999999999,-1.66439746942305
"hsa-miR-181d",0.276828987029756,0.517471178369348,-2.42,-5.35171021914445
"hsa-miR-151-5p",0.278785881064665,0.519431674166087,-1.0075,-2.01042428008295
"hsa-miR-300",0.288833018862609,0.532897397118796,-0.934999999999999,-1.91189063518748
"hsa-miR-361-5p",0.288847751017792,0.532897397118796,-1.635,-3.10587550000415
"hsa-miR-636",0.289436431812445,0.532897397118796,-2.13,-4.37717480504297
"hsa-miR-328",0.289739668713192,0.532897397118796,-2.585,-6.00015595714326
"hsa-miR-187",0.292127754896717,0.533184585060265,-0.800000000000002,-1.74110112659225
"hsa-miR-653",0.29370118061703,0.533184585060265,-1.99,-3.97236998174814
"hsa-miR-585",0.293844132990081,0.533184585060265,-2.3075,-4.95024524175421
"hsa-miR-509-3p",0.294192131988459,0.533184585060265,-1.22,-2.32946717293691
"hsa-miR-139-5p",0.29551430204771,0.533184585060265,1.915,3.77113814367296
"hsa-miR-524-5p",0.295843384059545,0.533184585060265,1.96,3.89061978964913
"hsa-miR-571",0.296420800785252,0.533184585060265,-1.5,-2.82842712474619
"hsa-miR-600",0.300159116474807,0.537484160761384,-1.48000000000001,-2.78948733270082
"hsa-miR-223",0.300690439586788,0.537484160761384,0.9175,1.88883934671013
"hsa-miR-548l",0.305663994698134,0.542464190855103,2.6925,6.46432619743507
"hsa-miR-628-3p",0.306120859045413,0.542464190855103,-1.275,-2.41998817843859
"hsa-miR-136",0.308586304816939,0.542464190855103,1.765,3.39873999655459
"hsa-miR-103-as",0.309122528888088,0.542464190855103,-2.24,-4.72397064571811
"hsa-miR-548a-3p",0.309552849823254,0.542464190855103,-1.275,-2.41998817843858
"hsa-miR-186",0.310265001753591,0.542464190855103,-1.865,-3.64267933436791
"hsa-miR-614",0.310988464465673,0.542464190855103,-0.842499999999999,-1.79315475154059
"hsa-miR-381",0.31106338216866,0.542464190855103,1.8925,3.71278043457895
"hsa-miR-198",0.313070031469945,0.543520262172223,1.6125,3.05781261500603
"hsa-miR-664",0.313569382022436,0.543520262172223,-1.67,-3.18214593501967
"hsa-miR-921",0.315880563891614,0.543626491045126,-1.6,-3.0314331330208
"hsa-miR-423-3p",0.316024890616805,0.543626491045126,-0.672500000000005,-1.59383247710592
"hsa-miR-652",0.318370194422401,0.543626491045126,-1.8475,-3.59876026775312
"hsa-miR-616",0.320183166559376,0.543626491045126,-2.0975,-4.27967131560112
"hsa-miR-612",0.321180547844965,0.543626491045126,-1.795,-3.47015474860828
"hsa-miR-875-5p",0.321211903052347,0.543626491045126,-1.64,-3.116658318642
"hsa-miR-633",0.323788542666847,0.543626491045126,-2.2025,-4.60276249293035
"hsa-miR-25",0.326277880939029,0.543626491045126,1.0325,2.04556587749456
"hsa-miR-219-1-3p",0.329309182819842,0.543626491045126,2.0875,4.25010946646062
"hsa-miR-302f",0.330207340616851,0.543626491045126,0.617500000000001,1.53421428569726
"hsa-miR-450a",0.330207340616851,0.543626491045126,0.617500000000001,1.53421428569726
"hsa-miR-548f",0.330207340616851,0.543626491045126,0.617500000000001,1.53421428569726
"hsa-miR-556-3p",0.330207340616851,0.543626491045126,0.617500000000001,1.53421428569726
"hsa-miR-590-3p",0.330207340616851,0.543626491045126,0.617500000000001,1.53421428569726
"hsa-miR-607",0.330207340616851,0.543626491045126,0.617500000000001,1.53421428569726
"hsa-miR-620",0.330207340616851,0.543626491045126,0.617500000000001,1.53421428569726
"hsa-miR-876-3p",0.330207340616851,0.543626491045126,0.617500000000001,1.53421428569726
"hsa-miR-216b",0.331248821050979,0.543626491045126,-1.56250000000001,-2.95365229187901
"hsa-miR-297",0.331688191214596,0.543626491045126,-1.1925,-2.2854844450041
"hsa-miR-575",0.333488971827986,0.544081052996424,-1.3825,-2.60719772804235
"hsa-miR-662",0.334201055638388,0.544081052996424,1.815,3.51859630368974
"hsa-miR-570",0.334819109536261,0.544081052996424,-1.69,-3.2265670368885
"hsa-miR-579",0.337440053168707,0.544897414705479,-1.8725,-3.66166548918484
"hsa-miR-758",0.337767123511492,0.544897414705479,-1.61250000000001,-3.05781261500603
"hsa-miR-139-3p",0.338230099794532,0.544897414705479,1.1225,2.17723932624926
"hsa-miR-99a",0.339131957404109,0.544897414705479,-1.71,-3.27160823423112
"hsa-miR-548o",0.341863631597705,0.547747891523493,-2.6925,-6.46432619743509
"hsa-miR-617",0.344622243384358,0.550625483843164,-1.37,-2.58470566127499
"hsa-miR-206",0.351743622985194,0.560438307374738,-1.30500000000001,-2.47083727425387
"hsa-miR-216a",0.35440467704533,0.56310965352758,-1.375,-2.59367910930202
"hsa-miR-663b",0.357186751738044,0.565957955662497,-0.825000000000001,-1.77153503820472
"hsa-miR-302d",0.358831067098351,0.566992735857062,-1.5175,-2.86294508928524
"hsa-miR-199a-5p",0.369261330152538,0.58086340374618,1.1925,2.2854844450041
"hsa-miR-184",0.369640347838478,0.58086340374618,-2.1575,-4.46141081416804
"hsa-miR-450b-3p",0.371296169476055,0.581641257580441,0.835000000000003,1.78385703884019
"hsa-miR-517c",0.372169056423849,0.581641257580441,-1.2375,-2.35789585846562
"hsa-miR-639",0.379494681303189,0.59147399919734,-1.1175,-2.1697066504196
"hsa-miR-514",0.384273844608531,0.594111436941862,0.852500000000001,1.80562712917438
"hsa-miR-597",0.384954767494712,0.594111436941862,-1.3175,-2.49233846016313
"hsa-miR-200a",0.385605265412873,0.594111436941862,0.81,1.75321144263207
"hsa-miR-518f",0.385762819144773,0.594111436941862,-1.0075,-2.01042428008295
"hsa-miR-514b-5p",0.38688895056437,0.594111436941862,1.0425,2.05979391334979
"hsa-miR-586",0.388011412498668,0.594111436941862,-1.9,-3.73213196614723
"hsa-miR-519c-5p",0.389315078476064,0.594111436941862,-1.145,-2.21146130664054
"hsa-miR-598",0.389496134358738,0.594111436941862,-0.994999999999996,-1.99308052565573
"hsa-miR-363",0.392380033955313,0.594405990209385,1.4925,2.81376140625349
"hsa-miR-188-5p",0.392738000711677,0.594405990209385,-0.7575,-1.69055857026078
"hsa-miR-520d-3p",0.39280675576774,0.594405990209385,-1.13,-2.18858740252149
"hsa-miR-1",0.394197308941326,0.594936307953663,2.645,6.25495714502874
"hsa-miR-605",0.396892759331793,0.597192788904126,-0.580000000000002,-1.49484924863494
"hsa-miR-513c",0.398915326199148,0.597192788904126,-1.12,-2.17346972505212
"hsa-miR-663",0.399190039528175,0.597192788904126,1.3425,2.53590376906246
"hsa-miR-609",0.400835374855011,0.597192788904126,-1.445,-2.72262823299894
"hsa-miR-203",0.400912641502071,0.597192788904126,-2.6625,-6.33129228799082
"hsa-miR-708",0.403132524518618,0.598939750713376,-2.02,-4.05583791916012
"hsa-miR-95",0.404468400036238,0.599367680882715,1.655,3.1492319062768
"hsa-miR-199a-3p",0.407503559687427,0.601241793888937,-1.1125,-2.16220003566853
"hsa-miR-33a",0.408921468506002,0.601241793888937,0.972499999999998,1.96223794999664
"hsa-miR-628-5p",0.409040477941199,0.601241793888937,-1.2575,-2.39081085804887
"hsa-miR-556-5p",0.409937586742457,0.601241793888937,-4.6225,-24.6326510697101
"hsa-miR-519b-5p",0.411039067710842,0.601315464784148,1.6625,3.16564614399541
"hsa-miR-454",0.413138105597994,0.602844378576664,-1.2725,-2.41579828979175
"hsa-miR-361-3p",0.421310783599416,0.613205517096352,-1.0725,-2.10307456198802
"hsa-miR-578",0.424754964285705,0.614602358459363,-1.5375,-2.90291031339907
"hsa-miR-145",0.425339849939274,0.614602358459363,1.51,2.84810039119414
"hsa-miR-548b-5p",0.425493940471867,0.614602358459363,0.929999999999998,1.90527599608787
"hsa-miR-127-3p",0.432087157700914,0.622553788929276,-0.840000000000002,-1.79005014185595
"hsa-miR-330-3p",0.43864801029553,0.630418748464932,-1.8025,-3.48824168112362
"hsa-let-7b",0.441423019369909,0.632816960099218,-1.3725,-2.58918849783935
"hsa-miR-325",0.442540864873327,0.632833436768858,-1.3725,-2.58918849783935
"hsa-miR-371-5p",0.452428501078507,0.645359358146898,0.827499999999997,1.7746075358447
"hsa-miR-384",0.455753933547077,0.647889554662621,0.474999999999998,1.38991821984233
"hsa-miR-641",0.456467640785028,0.647889554662621,-1.175,-2.25792880961226
"hsa-miR-218",0.45842032372374,0.649050557351434,-1.045,-2.06336635860272
"hsa-miR-320a",0.461063319183942,0.65118078660053,0.534999999999998,1.44894215455488
"hsa-miR-933",0.463115915544832,0.652468728304541,-0.617499999999998,-1.53421428569725
"hsa-miR-450b-5p",0.469176509774629,0.659383202926506,0.617500000000007,1.53421428569726
"hsa-miR-523",0.47141910959256,0.660911104624863,1.175,2.25792880961226
"hsa-miR-512-3p",0.485933696015553,0.677951134422976,-0.562500000000002,-1.4768261459395
"hsa-miR-23b",0.487029852736645,0.677951134422976,0.487499999999999,1.40201326566138
"hsa-miR-499-5p",0.487628472233151,0.677951134422976,1.09499999999999,2.13613081609569
"hsa-miR-877",0.4883144534655,0.677951134422976,-0.562500000000004,-1.4768261459395
"hsa-miR-518b",0.492178228872454,0.679412859387762,-0.867499999999998,-1.82449854448999
"hsa-miR-181a",0.492660448547194,0.679412859387762,1.97,3.9176811903477
"hsa-miR-588",0.494021074531775,0.679412859387762,-1.0775,-2.11037590796397
"hsa-miR-558",0.494118443191099,0.679412859387762,1.1975,2.29341907221953
"hsa-miR-494",0.50465152867073,0.690601214014258,2.15,4.43827788827138
"hsa-miR-208a",0.504670117933496,0.690601214014258,-0.880000000000004,-1.84037530124976
"hsa-miR-604",0.508494894947709,0.69417441505988,-1.1975,-2.29341907221953
"hsa-miR-338-5p",0.517553743844211,0.704858908283068,-0.490000000000002,-1.404444875738
"hsa-miR-491-5p",0.524239071926914,0.712267812689299,-0.9975,-1.99653726519479
"hsa-miR-337-5p",0.527546400064462,0.71506289297837,-0.832500000000001,-1.78076852691223
"hsa-miR-524-3p",0.534378040864029,0.721758242115485,-1.2375,-2.35789585846562
"hsa-miR-196b",0.535009606043646,0.721758242115485,-0.94,-1.91852823865053
"hsa-miR-200c",0.53703985310839,0.722792461124704,1.1675,2.24622119020479
"hsa-miR-599",0.543779104084409,0.730144712526484,-0.695,-1.61888443309482
"hsa-miR-548c-3p",0.550869236295394,0.734812100945905,1.485,2.79917173119039
"hsa-miR-548d-5p",0.551885152904199,0.734812100945905,1.485,2.79917173119038
"hsa-miR-10a",0.553939042731771,0.734812100945905,-0.869999999999999,-1.8276629004588
"hsa-miR-205",0.556846379737586,0.734812100945905,-0.777499999999998,-1.7141578884562
"hsa-miR-331-5p",0.557067889763636,0.734812100945905,-1.0775,-2.11037590796397
"hsa-miR-563",0.558412236348369,0.734812100945905,-0.955,-1.93857963387013
"hsa-miR-22",0.558942538248357,0.734812100945905,0.487499999999997,1.40201326566138
"hsa-miR-548g",0.559556145313595,0.734812100945905,0.617500000000001,1.53421428569726
"hsa-miR-661",0.560032203956758,0.734812100945905,-0.575000000000001,-1.4896774631227
"hsa-miR-152",0.560101531490235,0.734812100945905,1.0775,2.11037590796397
"hsa-miR-221",0.562845473937464,0.736722222179015,-0.477500000000004,-1.3923288526315
"hsa-miR-425",0.564859747362741,0.7376707203002,0.527499999999998,1.44142922358169
"hsa-miR-299-3p",0.569883869019285,0.742536612936289,-0.4975,-1.41176503911088
"hsa-miR-15b",0.571191275442873,0.742548658075735,-0.627500000000001,-1.54488558995916
"hsa-miR-512-5p",0.573874380587726,0.743556992466604,-0.899999999999999,-1.86606598307361
"hsa-miR-514b-3p",0.574566766906012,0.743556992466604,-0.832499999999998,-1.78076852691222
"hsa-miR-658",0.578468305864032,0.745297261826495,0.485000000000001,1.3995858655952
"hsa-miR-192",0.580209199220524,0.745297261826495,0.424999999999997,1.34257250278026
"hsa-miR-543",0.58034975379479,0.745297261826495,-0.977499999999999,-1.96905034667483
"hsa-miR-562",0.581123389466114,0.745297261826495,-1.0825,-2.11770260237694
"hsa-miR-20b",0.585819333092426,0.74963905711156,-0.942500000000001,-1.92185567692207
"hsa-miR-606",0.589621742164305,0.75282061722764,0.617499999999998,1.53421428569725
"hsa-miR-618",0.593977022724998,0.756692331845655,-0.927500000000004,-1.90197726333528
"hsa-miR-330-5p",0.597659474118308,0.759691598212605,-1.8025,-3.48824168112361
"hsa-miR-548s",0.605972838375233,0.767250518160202,1.0525,2.07412091302062
"hsa-miR-924",0.606288870993726,0.767250518160202,-1.025,-2.03495938420537
"hsa-miR-577",0.608771076720905,0.767837357824497,-0.9375,-1.91520656139715
"hsa-let-7d",0.609732082254395,0.767837357824497,-0.394999999999998,-1.31494276020507
"hsa-miR-502-3p",0.610779716451305,0.767837357824497,-0.770000000000005,-1.70526978353592
"hsa-miR-378",0.614651350862359,0.769135887623799,-0.614999999999998,-1.53155799709438
"hsa-miR-582-5p",0.614949114908099,0.769135887623799,-1.1425,-2.20763245462209
"hsa-miR-190b",0.615846567363111,0.769135887623799,-0.4125,-1.33099024722374
"hsa-miR-146b-5p",0.622024180815952,0.775158674132298,-0.9925,-1.98962977100284
"hsa-miR-34a",0.625767661315668,0.778128483201222,0.609999999999996,1.52625920896055
"hsa-miR-199b-3p",0.64056156430686,0.79205193168461,-1.1475,-2.21529679930596
"hsa-miR-520h",0.641262596597086,0.79205193168461,0.325000000000001,1.25266443862413
"hsa-miR-519d",0.64215471736409,0.79205193168461,-3.055,-8.3108728263813
"hsa-miR-340",0.64250366486304,0.79205193168461,0.717499999999998,1.64433015725439
"hsa-miR-629",0.644986156717604,0.793188722617338,-1.0175,-2.02440788679831
"hsa-miR-301a",0.647545991424058,0.793188722617338,0.787499999999994,1.72608079945447
"hsa-miR-302c",0.647585897661358,0.793188722617338,-0.7575,-1.69055857026078
"hsa-miR-574-3p",0.661720422899518,0.808415677862449,0.402499999999999,1.32179642601778
"hsa-miR-548h",0.662844323282323,0.808415677862449,-0.907500000000002,-1.87579218030403
"hsa-miR-643",0.66506914299642,0.808803839748233,-0.685,-1.6077019814863
"hsa-miR-98",0.665990574338143,0.808803839748233,1.7,3.24900958542494
"hsa-miR-508-3p",0.66993481945347,0.811870162558018,0.489999999999997,1.40444487573799
"hsa-miR-518a-5p",0.67458720132235,0.815779871366563,-0.542500000000002,-1.45649424397642
"hsa-miR-451",0.677274023660948,0.816611914683704,0.399999999999997,1.31950791077289
"hsa-miR-573",0.678838291358677,0.816611914683704,-0.815000000000007,-1.75929815184488
"hsa-miR-720",0.679558166764761,0.816611914683704,-0.29,-1.22264027769207
"hsa-miR-551b",0.681830639119488,0.816992232884401,-0.584999999999997,-1.50003898928582
"hsa-miR-532-3p",0.682731271536265,0.816992232884401,-0.280000000000001,-1.21419488439505
"hsa-miR-568",0.684456177328187,0.817346416350152,0.272499999999996,1.20789914489587
"hsa-miR-615-5p",0.686417527519346,0.817980886960553,-0.279999999999994,-1.21419488439504
"hsa-miR-302b",0.6894669146196,0.818750786104003,-0.627500000000001,-1.54488558995916
"hsa-miR-151-3p",0.690476299434997,0.818750786104003,-0.630000000000003,-1.54756499354239
"hsa-miR-411",0.691357744210198,0.818750786104003,0.542500000000002,1.45649424397642
"hsa-miR-28-5p",0.694972066889339,0.821330624505582,-0.790000000000003,-1.72907446261573
"hsa-miR-220b",0.703746841719475,0.829985965904206,0.570000000000002,1.48452357062905
"hsa-miR-424",0.710293847668612,0.835983705486515,-0.727500000000001,-1.65576737797295
"hsa-miR-324-3p",0.71297876018529,0.836819762328929,1.11,2.15845647300885
"hsa-miR-624",0.713930146882024,0.836819762328929,0.2525,1.19126964042587
"hsa-miR-591",0.715711371960385,0.837192034276769,-0.3375,-1.26356510426384
"hsa-miR-596",0.718594959906922,0.838849626666856,-0.25,-1.18920711500272
"hsa-miR-660",0.720305725775521,0.838942315894383,-0.7875,-1.72608079945448
"hsa-miR-27a",0.722779848254808,0.838942315894383,-0.610000000000001,-1.52625920896056
"hsa-miR-455-5p",0.72398107698658,0.838942315894383,-0.477499999999997,-1.39232885263149
"hsa-miR-590-5p",0.725907941633501,0.838942315894383,-0.584999999999999,-1.50003898928582
"hsa-miR-498",0.726284954990027,0.838942315894383,0.439999999999996,1.35660432744767
"hsa-miR-492",0.727474455740584,0.838942315894383,-0.397500000000003,-1.3172233577887
"hsa-miR-99b",0.731710782214012,0.842129914338863,-0.335000000000003,-1.26137740883125
"hsa-miR-107",0.736130522733278,0.84551537952497,-0.365000000000006,-1.28788162950983
"hsa-miR-135a",0.740552775200399,0.848890155139536,0.634999999999999,1.55293775000208
"hsa-miR-569",0.743835082132419,0.850947333959487,0.429999999999998,1.34723357686569
"hsa-miR-150",0.745496501985991,0.851145706858258,0.277499999999996,1.21209266695179
"hsa-miR-548j",0.74844794338256,0.852813194451841,-0.910000000000002,-1.87904549842803
"hsa-miR-380",0.751481246931853,0.853533254434467,-0.374999999999998,-1.29683955465101
"hsa-miR-208b",0.752064266145055,0.853533254434467,0.389999999999995,1.31039340385836
"hsa-miR-602",0.75493993437024,0.854515934449609,0.489999999999997,1.40444487573799
"hsa-miR-125a-5p",0.756461298096631,0.854515934449609,0.2475,1.18714816056886
"hsa-miR-92a",0.757411850989426,0.854515934449609,-0.287500000000002,-1.22052343817016
"hsa-miR-608",0.761288483491336,0.854608042066767,-0.295,-1.2268849772538
"hsa-miR-548x",0.761376613215089,0.854608042066767,-0.302500000000004,-1.23327967357004
"hsa-miR-153",0.761975701842746,0.854608042066767,-0.292500000000004,-1.22476078859744
"hsa-miR-567",0.774292840515866,0.865114508616251,-0.557499999999999,-1.47171671562562
"hsa-miR-127-5p",0.775644797276284,0.865114508616251,-0.645000000000001,-1.56373928625719
"hsa-miR-519c-3p",0.775880669440799,0.865114508616251,-0.255000000000004,-1.19333574303173
"hsa-miR-138",0.777920681441231,0.865701614366506,-0.445000000000002,-1.36131411649948
"hsa-miR-193a-3p",0.780577489964136,0.866860081789859,0.509999999999996,1.42405019559707
"hsa-miR-495",0.781992661195047,0.866860081789859,0.484999999999998,1.39958586559519
"hsa-miR-515-5p",0.785684415173337,0.869267863596033,-0.390000000000001,-1.31039340385836
"hsa-miR-506",0.793639874660391,0.876374533408772,-0.375000000000002,-1.29683955465101
"hsa-let-7i",0.802098282386383,0.88400812625243,-0.297500000000001,-1.22901285003975
"hsa-miR-342-5p",0.806132656802841,0.886745922483125,-0.3475,-1.27235389459647
"hsa-miR-369-3p",0.811014681993565,0.890403835125372,0.220000000000001,1.16473358646846
"hsa-miR-499-3p",0.813121332427238,0.89061499268096,-0.192499999999999,-1.14274222250205
"hsa-miR-549",0.815187104906039,0.89061499268096,0.372499999999999,1.29459424891967
"hsa-miR-134",0.815878070218222,0.89061499268096,0.614999999999995,1.53155799709438
"hsa-miR-148b",0.818658104205631,0.891947496391659,-0.265000000000002,-1.20163604952685
"hsa-miR-601",0.823259356551042,0.895255421952844,-0.282500000000004,-1.21630074786167
"hsa-miR-212",0.832610814355227,0.903706614442486,-0.1525,-1.11149387633353
"hsa-miR-148a",0.838248338916354,0.908102367159384,0.359999999999998,1.2834258975629
"hsa-miR-204",0.845593647232685,0.914328102489784,0.374999999999998,1.29683955465101
"hsa-miR-323b-3p",0.85478959465097,0.92252763800067,0.250000000000002,1.18920711500272
"hsa-miR-642",0.85698088395749,0.923002528764227,-0.304999999999998,-1.23541863712693
"hsa-miR-217",0.858456897382113,0.923002528764227,-0.164999999999997,-1.12116607802851
"hsa-miR-301b",0.863466929368891,0.924910407898795,-0.335000000000003,-1.26137740883125
"hsa-miR-892b",0.866368219720369,0.924910407898795,0.110000000000001,1.07922823650443
"hsa-miR-619",0.866586456961182,0.924910407898795,0.232499999999998,1.17486907925804
"hsa-miR-520f",0.866699263345724,0.924910407898795,-0.1625,-1.1192249276281
"hsa-miR-191",0.870728028675011,0.927479389948056,0.125,1.09050773266526
"hsa-miR-938",0.881573355706206,0.937286170007341,0.227499999999999,1.17080434103214
"hsa-miR-552",0.887660917513306,0.940642966559392,-0.2525,-1.19126964042587
"hsa-miR-517b",0.890345109908037,0.940642966559392,0.174999999999995,1.12896440480613
"hsa-miR-197",0.892154324410394,0.940642966559392,0.212499999999999,1.15869430946228
"hsa-miR-146b-3p",0.892744898449647,0.940642966559392,-0.252500000000003,-1.19126964042587
"hsa-miR-182",0.895770616630966,0.940642966559392,0.290000000000001,1.22264027769207
"hsa-miR-190",0.896075757690805,0.940642966559392,0.617500000000001,1.53421428569726
"hsa-miR-26b",0.896802434501136,0.940642966559392,0.102499999999999,1.07363231452805
"hsa-miR-548k",0.89788646807942,0.940642966559392,0.399999999999997,1.31950791077289
"hsa-miR-574-5p",0.901159468452043,0.940826154323261,0.139999999999999,1.10190511587661
"hsa-miR-133a",0.901350931064942,0.940826154323261,-0.225,-1.16877724856125
"hsa-miR-193b",0.905374882090796,0.941818462304391,0.102499999999997,1.07363231452805
"hsa-miR-453",0.90707834931516,0.941818462304391,-0.185000000000004,-1.13681697323602
"hsa-miR-30c",0.908216054213804,0.941818462304391,0.0924999999999994,1.0662161944165
"hsa-miR-320d",0.909419185443145,0.941818462304391,-0.0975000000000019,-1.06991782890028
"hsa-miR-634",0.911580969058426,0.941818462304391,-0.1975,-1.14670953610976
"hsa-miR-219-5p",0.912810100943926,0.941818462304391,-0.154999999999999,-1.11342161822869
"hsa-miR-337-3p",0.914438208846896,0.941818462304391,0.224999999999994,1.16877724856124
"hsa-miR-589",0.91547388993224,0.941818462304391,0.130000000000001,1.09429370126074
"hsa-miR-215",0.918360712843209,0.942390681433787,-0.205000000000004,-1.15268634679887
"hsa-miR-146a",0.919325175244848,0.942390681433787,-0.2125,-1.15869430946228
"hsa-miR-548v",0.922966498210166,0.944430835377844,0.185,1.13681697323601
"hsa-miR-527",0.928493766633544,0.948390061632835,-0.174999999999999,-1.12896440480613
"hsa-let-7c",0.950408805182997,0.968857776619821,-0.0600000000000023,-1.04246576084112
"hsa-miR-581",0.95192208375573,0.968857776619821,-0.0924999999999976,-1.0662161944165
"hsa-miR-887",0.953613510903775,0.968857776619821,0.0675000000000008,1.04789923837507
"hsa-miR-105",0.964906496471624,0.977021039281822,0.119999999999999,1.08673486252606
"hsa-miR-135b",0.9650644881018,0.977021039281822,-0.0375000000000023,-1.02633378389043
"hsa-miR-185",0.96893549144823,0.979206892417646,0.0424999999999986,1.0298969566749
"hsa-miR-572",0.972435540206653,0.981010809520645,0.0224999999999991,1.01571806093096
"hsa-miR-519a",0.97514206469871,0.982009262337433,0.0250000000000021,1.01747969210269
"hsa-miR-548w",0.981138685390231,0.984865466490712,-0.0375000000000014,-1.02633378389043
"hsa-miR-504",0.981421880943542,0.984865466490712,-0.0300000000000065,-1.0210121257072
"hsa-miR-542-5p",0.998460189767873,0.998806255896953,-0.0024999999999995,-1.0017343702347
"hsa-miR-595",0.998806255896953,0.998806255896953,0.00249999999999506,1.00173437023469
