"","CGLvsCon.p","CGLvsCon.FDR","CGLvsCon.logFC","CGLvsCon.FC"
"hsa-miR-423-3p",1.63010459925748e-07,9.32419830775276e-05,-6.9,-119.428222916712
"hsa-miR-548e",5.27436264673349e-06,0.00150846771696578,-9.3575,-655.976353689704
"hsa-miR-452",3.20587753125372e-05,0.00556519745422284,-6.7175,-105.237130064281
"hsa-miR-630",4.08416514654279e-05,0.00556519745422284,-6.1625,-71.6303953681984
"hsa-miR-516b",4.86468308935563e-05,0.00556519745422284,-4.135,-17.5694850205928
"hsa-miR-365",9.45794232423319e-05,0.00656584801202862,-7.3175,-159.50966145044
"hsa-miR-770-5p",0.00010098298574166,0.00656584801202862,-4.2325,-18.7979052681286
"hsa-miR-767-3p",0.000102653806934345,0.00656584801202862,-4.7175,-26.3092825160703
"hsa-miR-409-5p",0.000103308797392059,0.00656584801202862,-4.925,-30.3789478704167
"hsa-miR-342-3p",0.000174331357177065,0.00997175363052811,-6.865,-116.565738699773
"hsa-miR-375",0.00020490642759235,0.0106551342348022,-7.1575,-142.765146053377
"hsa-miR-487b",0.000241276665107852,0.010682458216616,-5.025,-32.5593501472861
"hsa-miR-891a",0.000257244696768429,0.010682458216616,-4.995,-31.8892884104918
"hsa-miR-920",0.000271005090820765,0.010682458216616,-5.54,-46.52712055425
"hsa-miR-501-5p",0.000280134393792378,0.010682458216616,-4.0075,-16.0833942406636
"hsa-miR-302e",0.000397799959795805,0.0142213485627,-4.9925,-31.8340763360455
"hsa-miR-548c-5p",0.000502392135370279,0.0165734786847741,-6.42,-85.6273635063112
"hsa-miR-19b",0.000556268814091869,0.0165734786847741,4.5425,23.3039079036226
"hsa-miR-658",0.000577078066074196,0.0165734786847741,-3.9325,-15.268643600515
"hsa-miR-500",0.000579492261705388,0.0165734786847741,-5,-32
"hsa-miR-648",0.000674993077833623,0.0180285121461714,-4.8125,-28.1000345659728
"hsa-miR-509-3-5p",0.000693404313314284,0.0180285121461714,-4.665,-25.3690923715291
"hsa-miR-362-5p",0.000818887317540416,0.0195314187417178,-8.665,-405.905477944466
"hsa-miR-548a-5p",0.000875568818394098,0.0195314187417178,-6.14,-70.5219274161032
"hsa-miR-545",0.000878904095882635,0.0195314187417178,-5.9125,-60.2337426883243
"hsa-miR-412",0.000913625613987747,0.0195314187417178,-4.665,-25.3690923715291
"hsa-miR-484",0.000921937597948217,0.0195314187417178,-7.7825,-220.173953734464
"hsa-miR-224",0.00106122199964642,0.0202275156051636,-10.53,-1478.58349621504
"hsa-miR-34c-5p",0.00107300823073529,0.0202275156051636,-6.5775,-95.5047113839387
"hsa-miR-605",0.00107418572625535,0.0202275156051636,-2.8225,-7.07387144074799
"hsa-miR-637",0.0011211194750248,0.0202275156051636,-8.035,-262.286546696398
"hsa-miR-299-5p",0.00116012556168997,0.0202275156051636,-3.9375,-15.3216524911772
"hsa-miR-656",0.00120081343041453,0.0202275156051636,-5.2925,-39.192345235118
"hsa-miR-106b",0.00120794921500309,0.0202275156051636,-3.405,-10.5927112831632
"hsa-miR-525-3p",0.00123769763318309,0.0202275156051636,-5.8825,-58.994150188573
"hsa-miR-222",0.0012915769526198,0.0205217226916256,-3.5025,-11.3333306582494
"hsa-miR-596",0.00161302084042215,0.024349947054587,-2.7425,-6.69229016847344
"hsa-miR-760",0.00161765382530473,0.024349947054587,-4.5925,-24.1257184410504
"hsa-miR-323-5p",0.00182039592715676,0.0252004903174361,-6.715,-105.054925927744
"hsa-miR-346",0.00183847657653643,0.0252004903174361,-7.76,-216.766799964807
"hsa-miR-296-3p",0.00186681283217021,0.0252004903174361,-3.36,-10.2674071805032
"hsa-miR-512-3p",0.00186950826558809,0.0252004903174361,-3.1025,-8.58905851622444
"hsa-miR-421",0.00189444245393313,0.0252004903174361,-6.1575,-71.3825730266885
"hsa-miR-324-5p",0.00207585315310953,0.0265949856793396,-9.525,-736.733992965541
"hsa-miR-298",0.00211264265739724,0.0265949856793396,-3.555,-11.7533490662265
"hsa-miR-542-3p",0.00219641002257839,0.0265949856793396,-5.9225,-60.6527015006967
"hsa-miR-101",0.0022615702609884,0.0265949856793396,6.76,108.383399982404
"hsa-miR-511",0.00227292667209156,0.0265949856793396,-4.73,-26.5382254660621
"hsa-miR-646",0.00232129975901912,0.0265949856793396,-3.1775,-9.04737957652687
"hsa-miR-448",0.00235213439313913,0.0265949856793396,-4.1425,-17.6610596369767
"hsa-miR-433",0.00240422921823326,0.0265949856793396,-4.5125,-22.8243204139045
"hsa-miR-622",0.00245745807100756,0.0265949856793396,-5.785,-55.1389542215692
"hsa-miR-382",0.00246422070105769,0.0265949856793396,-7.4775,-178.218093136831
"hsa-miR-19a",0.00253400811045703,0.0268417155403967,4.5,22.6274169979695
"hsa-miR-323-3p",0.00261960298958674,0.0269136926939192,-2.625,-6.16884330163177
"hsa-miR-671-3p",0.00263490697702706,0.0269136926939192,-2.425,-5.37029001112105
"hsa-miR-582-3p",0.00278177158685777,0.0279153218891692,-5.2225,-37.3361173034297
"hsa-miR-449a",0.00341821888758592,0.0333413676993952,-4.8375,-28.5912145182608
"hsa-miR-92b",0.00344342755859128,0.0333413676993952,-2.46,-5.50216727255899
"hsa-miR-369-5p",0.00349734626217432,0.0333413676993952,-5.0725,-33.6491929918083
"hsa-miR-645",0.00362112150006234,0.0338091782580436,-4.9225,-30.3263507503483
"hsa-miR-744",0.00366463120978794,0.0338091782580436,-4.0525,-16.592967304165
"hsa-miR-485-3p",0.00406787767514726,0.0363291000540762,-2.785,-6.89236927769614
"hsa-miR-210",0.00408087216965415,0.0363291000540762,-3.61,-12.2100736716845
"hsa-miR-766",0.00412830682432684,0.0363291000540762,-2.6125,-6.11562523001205
"hsa-miR-765",0.00434082390053946,0.0376204738046753,-4.68,-25.6342360828679
"hsa-miR-874",0.00454436586583526,0.038796675750116,-2.4225,-5.36099206605325
"hsa-miR-449b",0.00474530620228585,0.0396052793847325,-4.235,-18.8305077955003
"hsa-miR-631",0.00477755992578067,0.0396052793847325,-2.8225,-7.07387144074799
"hsa-miR-519c-5p",0.00493656856690272,0.0403049624060714,-4.4025,-21.1487428162846
"hsa-miR-140-3p",0.0053418732395043,0.0403049624060714,2.5975,6.05236921702219
"hsa-miR-505",0.00539129436538905,0.0403049624060714,-4.5725,-23.7935725459625
"hsa-miR-147",0.00539703583841354,0.0403049624060714,-2.495,-5.6372830205681
"hsa-miR-370",0.00541856121015334,0.0403049624060714,-5.72,-52.7098251051246
"hsa-miR-21",0.00542141757684567,0.0403049624060714,3.8325,14.2461482152978
"hsa-miR-125a-3p",0.00545328462757981,0.0403049624060714,-2.475,-5.55967287936935
"hsa-miR-337-5p",0.00547575901877864,0.0403049624060714,4.3225,20.007929859979
"hsa-miR-583",0.00549613123719155,0.0403049624060714,-3.2675,-9.62976105059268
"hsa-miR-149",0.00559928382767199,0.0405416499927643,-2.765,-6.79747999310921
"hsa-miR-516a-3p",0.00586072299420488,0.041181813038698,-4.295,-19.6301596360609
"hsa-miR-491-3p",0.00589482558164274,0.041181813038698,-3.995,-15.9446442052459
"hsa-miR-383",0.00593708754500507,0.041181813038698,-6.175,-72.2537219075924
"hsa-miR-659",0.00597568266120968,0.041181813038698,-2.6925,-6.46432619743507
"hsa-miR-502-5p",0.00652017762315096,0.0438910333978953,-3.4925,-11.255045625014
"hsa-miR-409-3p",0.0065750899377184,0.0438910333978953,-4.8275,-28.3937205735153
"hsa-miR-509-5p",0.00663922395313315,0.0438910333978953,-3.865,-14.5707173374717
"hsa-miR-657",0.00667573410072883,0.0438910333978953,-4.6825,-25.6786953389192
"hsa-miR-526a",0.00699002349501145,0.0454351527175745,-4.8575,-28.9903329995009
"hsa-miR-181b",0.00718272296298869,0.0461631183688712,-3.1625,-8.95379942102482
"hsa-miR-374b",0.00744950153812849,0.0473457208867722,5.5625,47.2584366700639
"hsa-miR-219-2-3p",0.00812000140738104,0.0499780642705842,-3.5975,-12.1047384340444
"hsa-miR-212",0.00817343551044731,0.0499780642705842,-2.2325,-4.69947631703214
"hsa-miR-500b",0.00823081377145763,0.0499780642705842,-4.9825,-31.6141823084966
"hsa-miR-887",0.00832274995603488,0.0499780642705842,-3.5825,-11.979534965417
"hsa-miR-493",0.00841245663299391,0.0499780642705842,-2.5175,-5.72589017857047
"hsa-miR-202",0.00843900185920552,0.0499780642705842,-3.69,-12.906268147554
"hsa-miR-554",0.00847530110882285,0.0499780642705842,-4.325,-20.0426310179861
"hsa-miR-483-3p",0.00860808791489993,0.0502431253808445,-2.35,-5.09824250927706
"hsa-miR-890",0.00899761141549341,0.0519861992895175,-5.59,-48.1678959171542
"hsa-miR-199b-5p",0.00915790051723367,0.0523831909585766,-5.41,-42.5179460510884
"hsa-miR-888",0.00954192268394144,0.0540394037149951,-5.7225,-52.8012434568631
"hsa-miR-544",0.0099243175432508,0.0552930636691098,-4.3275,-20.0773923606486
"hsa-miR-31",0.0100068254324902,0.0552930636691098,-4.895,-29.7537581636212
"hsa-miR-126",0.0100532843034745,0.0552930636691098,6.085,67.884015447566
"hsa-miR-106a",0.0102199099639599,0.0554479787004527,2.6125,6.11562523001204
"hsa-miR-339-5p",0.0104540637070454,0.0554479787004527,-2.76,-6.77396249890022
"hsa-miR-300",0.0104594022179294,0.0554479787004527,-2.5525,-5.86649985039086
"hsa-miR-34c-3p",0.0105828627366052,0.0554479787004527,-4.0525,-16.592967304165
"hsa-miR-632",0.0106286508688765,0.0554479787004527,-5.02,-32.446703353281
"hsa-miR-193a-5p",0.0106630728270101,0.0554479787004527,2.1725,4.50803901054778
"hsa-miR-29c",0.0113352566658507,0.0584123136294291,-6.06,-66.7178086938317
"hsa-miR-34b",0.0118178781908403,0.0603555921889346,-4.265,-19.2261767924296
"hsa-miR-647",0.0122779908384497,0.0621505376955152,-3.1025,-8.58905851622442
"hsa-miR-220a",0.0126840702014548,0.0636256632958558,-5.6075,-48.7557341925836
"hsa-miR-10b",0.0127918728654256,0.0636256632958558,-2.3525,-5.10708474933439
"hsa-miR-519e",0.012923522207044,0.0637263336416309,-3.08,-8.45614432449104
"hsa-miR-564",0.0131055650407951,0.0638489606104256,-2.5175,-5.72589017857046
"hsa-miR-626",0.0131716387273256,0.0638489606104256,-5.3175,-39.8774153626101
"hsa-miR-16",0.0133751538490777,0.064290655476239,3.175,9.03171523844904
"hsa-miR-221",0.0135268142964576,0.0644778148131146,-2.32,-4.99332219560646
"hsa-miR-188-3p",0.0136521017393142,0.0645372082222124,-2.27,-4.82323131076305
"hsa-miR-654-5p",0.013894458998244,0.0650382182689346,-3.7325,-13.2921262871961
"hsa-miR-30b",0.0139854909913968,0.0650382182689346,-2.865,-7.28535866873584
"hsa-miR-610",0.0141363065460122,0.0652094140670885,-2.39,-5.24157361543345
"hsa-miR-367",0.0143601835906355,0.065490437006871,2.735,6.65758987769219
"hsa-miR-665",0.0144262151448702,0.065490437006871,-2.1325,-4.38476644673689
"hsa-miR-153",0.0151975204464839,0.0670454768153868,-2.67,-6.36429187003935
"hsa-miR-520b",0.015211731668363,0.0670454768153868,-4.5525,-23.4659994015635
"hsa-miR-933",0.0153541622915732,0.0670454768153868,-2.3,-4.92457765337966
"hsa-miR-539",0.015376726082426,0.0670454768153868,-4.8525,-28.89003406679
"hsa-miR-496",0.015455314888967,0.0670454768153868,-4.1925,-18.2838755600328
"hsa-miR-936",0.0155435886076236,0.0670454768153868,-3.23,-9.38267959385503
"hsa-miR-497",0.0157086483347388,0.0670454768153868,-3.545,-11.6721627539214
"hsa-miR-195",0.0158001611444955,0.0670454768153868,3.1225,8.70895730499704
"hsa-miR-17",0.0158236702274077,0.0670454768153868,4.675,25.5455483634128
"hsa-miR-133b",0.0160491924954304,0.0675010154954865,-5.365,-41.2122121443144
"hsa-miR-617",0.0162761017523737,0.0679556949077207,-3.8875,-14.7997407603899
"hsa-miR-548u",0.0164057880206883,0.0680008025205342,-2.4925,-5.62752281250699
"hsa-miR-937",0.0165345067207107,0.0680412794550111,-2.1575,-4.46141081416804
"hsa-miR-877",0.0172182954460152,0.0696393339427439,-2.1725,-4.50803901054779
"hsa-miR-128",0.0172553442296,0.0696393339427439,-5.8325,-56.9845928611911
"hsa-miR-188-5p",0.0172880863983735,0.0696393339427439,-2.3575,-5.12481526320081
"hsa-miR-220b",0.0186039339574423,0.074170915973181,-3.98,-15.7797232718937
"hsa-miR-141",0.0186723984268148,0.074170915973181,-2.755,-6.75052636904013
"hsa-miR-548a-3p",0.0192738728628017,0.0760321053622247,-3.245,-9.48074216753264
"hsa-miR-668",0.0196092817983924,0.0765292513332828,-2.2975,-4.916051400159
"hsa-miR-487a",0.0197002710093026,0.0765292513332828,-2.91750000000001,-7.55535738684057
"hsa-miR-720",0.0198012748204997,0.0765292513332828,-1.84,-3.58010028371189
"hsa-miR-638",0.0202494906900574,0.0777362998302873,-1.7775,-3.4283157769124
"hsa-miR-593",0.0204866892447533,0.0781225749866591,-4.20250000000001,-18.4110499717215
"hsa-miR-623",0.0207060624051004,0.0784362099054136,-2.9225,-7.58158768758709
"hsa-miR-490-5p",0.021043504112402,0.0786634173421786,-3.68750000000001,-12.8839226555941
"hsa-miR-30a",0.021118214115444,0.0786634173421786,2.5425,5.82597697590566
"hsa-miR-550",0.0211786123613558,0.0786634173421786,6.365,82.4244242886286
"hsa-miR-211",0.0215823014398253,0.079645654345678,-3.4225,-10.7219841321065
"hsa-miR-206",0.0219564975376724,0.0805071576381322,-3.5425,-11.6519539518114
"hsa-miR-378",0.0222769760584843,0.0811619764678535,-3.12,-8.69387890020845
"hsa-miR-876-5p",0.0225747708961435,0.0817263857759118,-4.20250000000001,-18.4110499717215
"hsa-miR-758",0.0235127746493502,0.0845868371033228,-4.1875,-18.2206181561071
"hsa-miR-508-5p",0.0240897587038557,0.0861208873662841,-3.845,-14.3701179661429
"hsa-miR-453",0.0244695076142807,0.0864606407032281,-3.99,-15.8894799269926
"hsa-miR-921",0.0244871045348303,0.0864606407032281,-3.93000000000001,-15.2422079687031
"hsa-miR-507",0.024831680870979,0.0871393954490795,-2.5925,-6.03142961026258
"hsa-miR-377",0.0250976253064052,0.0875356199711207,-2.1275,-4.36959630726998
"hsa-miR-566",0.0254041229901594,0.0880676263658858,-3.9425,-15.3748454153766
"hsa-miR-934",0.0255662668503027,0.088095811074537,-3.8425,-14.3452380123247
"hsa-miR-557",0.0259458282627058,0.0888243395349727,4.2275,18.7328694565142
"hsa-miR-520c-3p",0.0260882675557262,0.0888243395349727,-3.63,-12.3805199483391
"hsa-miR-875-3p",0.0264867236117781,0.0895907058237769,-3.695,-12.9510754647586
"hsa-miR-935",0.026872656714206,0.0895907058237769,-3,-8
"hsa-miR-133a",0.0269833622783117,0.0895907058237769,-4.475,-22.2386915174774
"hsa-let-7d",0.0269934420575707,0.0895907058237769,-1.8975,-3.72567027451881
"hsa-miR-20a",0.02709648969845,0.0895907058237769,3.7025,13.0185782837686
"hsa-miR-612",0.0278719855959144,0.0916251480509368,-4.3375,-20.2170416682215
"hsa-miR-331-3p",0.0282077437479415,0.0916815082642088,5.455,43.8650497593506
"hsa-miR-802",0.0282096948505258,0.0916815082642088,-2.795,-6.94030949721653
"hsa-miR-640",0.0293019055535518,0.0946931637097833,-1.945,-3.85037777240701
"hsa-miR-576-5p",0.0298772440713841,0.0960100202743353,-4.6575,-25.2375507228578
"hsa-miR-520e",0.0305894968248929,0.0977496770046856,-3.6,-12.1257325320832
"hsa-miR-376a",0.0315651725550257,0.100052392997454,-4.6025,-24.2935260833215
"hsa-miR-600",0.0316599355463972,0.100052392997454,-3.3225,-10.0039649299895
"hsa-miR-614",0.0324818096535991,0.10208568748274,-1.925,-3.79736848380208
"hsa-miR-650",0.0328357030967407,0.10263400093626,-3.37,-10.3388226450999
"hsa-miR-147b",0.0336571186085486,0.104629738283097,-3.13749999999999,-8.79997850622569
"hsa-miR-548i",0.0344150534293046,0.106356223726129,3.9275,15.2158181066822
"hsa-miR-551b",0.0345843664563987,0.106356223726129,-3.3175,-9.9693538406525
"hsa-miR-135b",0.0349750177765584,0.106424967502432,-1.9925,-3.97925954200569
"hsa-miR-636",0.0352857120296669,0.106424967502432,-4.5575,-23.5474674500099
"hsa-miR-603",0.0354097911591836,0.106424967502432,-4.025,-16.279675073643
"hsa-miR-30d",0.0354979305803408,0.106424967502432,1.9025,3.73860486474127
"hsa-miR-518a-3p",0.0355370083793087,0.106424967502432,-3.2225,-9.33402932585741
"hsa-miR-143",0.0369677026184691,0.109474359766846,-3.635,-12.4235020000166
"hsa-miR-490-3p",0.0371148995476304,0.109474359766846,-3.255,-9.54668594425378
"hsa-miR-518d-3p",0.0371294157251191,0.109474359766846,-3.2925,-9.79808630877949
"hsa-miR-190",0.0374373990275324,0.109816370480762,10.825,1814.05187912164
"hsa-miR-634",0.0388488840355478,0.113375314634354,-4.0375,-16.4213405422467
"hsa-miR-514b-5p",0.03926489883408,0.113529443875865,-2.685,-6.43080792594521
"hsa-miR-651",0.0392986536493381,0.113529443875865,-1.7325,-3.32303157179902
"hsa-miR-196b",0.0402915494876063,0.115812896014627,-3.3825,-10.4287909121694
"hsa-miR-891b",0.0411667725094594,0.117330471025618,-4.9775,-31.5048055467973
"hsa-miR-196a",0.0412297634198413,0.117330471025618,-4.1575,-17.8456432566722
"hsa-miR-873",0.0426481307888442,0.120765994114945,-3.1225,-8.70895730499704
"hsa-miR-199a-5p",0.0435783949258419,0.122456902162942,-2.8825,-7.37426877357164
"hsa-miR-192",0.0436734406315389,0.122456902162942,1.685,3.2154039629726
"hsa-miR-28-5p",0.044476731862713,0.123766439935435,-4.4125,-21.2958439555799
"hsa-miR-609",0.0448271741753915,0.123766439935435,-3.71499999999999,-13.1318657409679
"hsa-miR-575",0.0449600496613887,0.123766439935435,-3.07,-8.39773346898454
"hsa-miR-587",0.0450059781583399,0.123766439935435,-3.6325,-12.4019923536276
"hsa-miR-518d-5p",0.0457728998598998,0.125273199616568,-3.175,-9.03171523844905
"hsa-miR-450b-5p",0.0486332524497724,0.132112076406171,1.8125,3.5125043207466
"hsa-miR-216b",0.0489510798055095,0.132112076406171,-3.38,-10.4107348435355
"hsa-miR-339-3p",0.0489646157309585,0.132112076406171,-3.7775,-13.7132631076496
"hsa-miR-513a-5p",0.0496872785567125,0.133432503917557,-2.535,-5.79576861821952
"hsa-miR-183",0.0511212351204427,0.136641806022866,-3.595,-12.0837806845026
"hsa-miR-431",0.0517899366548692,0.137785319844582,-2.93,-7.62110398435151
"hsa-miR-323b-3p",0.0525725272453729,0.138637518407411,-2.875,-7.33603234563738
"hsa-miR-144",0.0525950026126016,0.138637518407411,-3.615,-12.2524639767551
"hsa-miR-296-5p",0.0530312414070329,0.139146193049646,-3.515,-11.4319531179287
"hsa-miR-767-5p",0.0539102747739998,0.140209742752357,-2.3975,-5.26889343115479
"hsa-miR-194",0.0541650426308097,0.140209742752357,1.7425,3.34614508423672
"hsa-miR-520d-3p",0.0541719460634108,0.140209742752357,-2.72000000000001,-6.58872813814061
"hsa-miR-613",0.0552868626189857,0.142450835216486,-3.17,-9.00046787751048
"hsa-miR-769-3p",0.0565780804868537,0.145124045015607,-3.4075,-10.6110829663175
"hsa-miR-541",0.0570983702985439,0.145804767012353,-2.615,-6.12623198837753
"hsa-miR-376b",0.0582767795917304,0.148152524117644,-3.3475,-10.1788311567718
"hsa-miR-374a",0.0596056536597071,0.150604798556772,-2.9575,-7.76776739473881
"hsa-miR-513b",0.0597679882384393,0.150604798556772,-2.415,-5.3331947083648
"hsa-miR-769-5p",0.0600816290522239,0.150731104464351,-5.2725,-38.6527726366678
"hsa-miR-584",0.0617672205370334,0.154283188415647,-1.7225,-3.30007771605394
"hsa-miR-639",0.0640507346536618,0.158099895723914,-2.4975,-5.64706015644351
"hsa-miR-93",0.064070690112956,0.158099895723914,1.8175,3.52469885238677
"hsa-miR-205",0.0641244332306785,0.158099895723914,-2.6225,-6.15816276742753
"hsa-miR-15a",0.0645912353353798,0.158567324514323,1.7725,3.41645470538121
"hsa-miR-572",0.0654746299120669,0.159450654042332,-1.2925,-2.44952157719488
"hsa-miR-193a-3p",0.0655085729020071,0.159450654042332,-3.6275,-12.3590847196732
"hsa-miR-671-5p",0.0660034433721766,0.159974447495276,-1.8975,-3.72567027451882
"hsa-miR-9",0.0666981549487667,0.160976137682255,-2.92,-7.56846117380477
"hsa-miR-644",0.0681352278319019,0.16375357277247,-3.085,-8.48550193094574
"hsa-miR-590-5p",0.0684392995125898,0.163796147787453,-3.2625,-9.5964446083272
"hsa-miR-885-3p",0.0687374769018015,0.163824319949294,-2.3825,-5.2143954560847
"hsa-miR-302a",0.0700671758461045,0.166300516945941,-2.7125,-6.55456482834432
"hsa-miR-489",0.0716747033784595,0.169412935258177,-2.7425,-6.69229016847345
"hsa-miR-503",0.0741510607115634,0.174544883650264,-3.2375,-9.43158343386252
"hsa-miR-611",0.0751659700559078,0.17550868993878,-1.845,-3.59252949153574
"hsa-miR-432",0.0752363167073165,0.17550868993878,-2.705,-6.52057865922099
"hsa-miR-501-3p",0.0756584816507811,0.17550868993878,-2.53,-5.77571678209
"hsa-miR-124",0.075787843382655,0.17550868993878,-3.5525,-11.7329997007818
"hsa-miR-615-3p",0.0765172888313805,0.176483424240119,-2.4525,-5.47363790526043
"hsa-miR-518c",0.0772742640152505,0.177513570348286,-3.245,-9.48074216753264
"hsa-miR-548b-3p",0.078448490681066,0.179490146678279,2.4075,5.3055414831587
"hsa-miR-520g",0.084259297177505,0.192017203129613,-2.58,-5.97939699453975
"hsa-miR-595",0.0849427953423655,0.192175640633241,-3.0725,-8.41229824795207
"hsa-miR-338-3p",0.085046041825222,0.192175640633241,3.4275,10.759208164536
"hsa-miR-220c",0.0853367355259496,0.192175640633241,-2.5025,-5.66666532912472
"hsa-miR-148b",0.0862992803055051,0.193581130724506,2.1125,4.32440007133705
"hsa-miR-454",0.087712236448161,0.19598202831386,-2.79,-6.91629785046293
"hsa-let-7i",0.0884322201736514,0.19682190637871,-2.1525,-4.44597550533412
"hsa-miR-140-5p",0.0909471771586948,0.201634826878967,-2.195,-4.57889664239475
"hsa-miR-586",0.0919214219205136,0.203007927948007,-3.885,-14.7741169716703
"hsa-miR-532-5p",0.0941820448074262,0.206580313737826,3.475,11.1193457587387
"hsa-miR-518a-5p",0.0943124187187652,0.206580313737826,-2.29,-4.89056111076829
"hsa-miR-301a",0.094622451397396,0.206580313737826,3.0475,8.26777999919339
"hsa-miR-33a",0.0953024505611474,0.207273770802191,-2.0575,-4.16264347841786
"hsa-miR-451",0.0962197802718854,0.208476190589085,1.6925,3.23216309871753
"hsa-miR-885-5p",0.098590572786146,0.212806821259153,-1.5225,-2.87288451463175
"hsa-miR-502-3p",0.100101143492496,0.215255090517699,-2.625,-6.16884330163177
"hsa-miR-526b",0.101173983042381,0.2165936655487,2.86,7.26015324253728
"hsa-miR-591",0.101480948194146,0.2165936655487,-1.605,-3.04195750648202
"hsa-miR-216a",0.102564101038046,0.218091694400604,-2.5225,-5.74576902926348
"hsa-miR-675",0.104202571322977,0.220755077024973,-2.0175,-4.04881577359664
"hsa-miR-633",0.105046968697096,0.221450547414417,-3.7525,-13.4776774554687
"hsa-miR-129-3p",0.105305155413848,0.221450547414417,-3.415,-10.6663894167296
"hsa-miR-635",0.106671573216818,0.223502343882857,-2.4375,-5.41702218774756
"hsa-miR-548t",0.108363744047086,0.226219202901216,-4.02,-16.2233516766405
"hsa-miR-520c-5p",0.109374200303545,0.227498336631373,-3.17,-9.00046787751048
"hsa-miR-130a",0.110982663736721,0.228900304721559,2.1725,4.50803901054778
"hsa-miR-543",0.111203231295354,0.228900304721559,-2.9575,-7.76776739473881
"hsa-miR-372",0.111248749497541,0.228900304721559,-2.525,-5.75573432004329
"hsa-miR-654-3p",0.112035023939126,0.229691877036487,-2.6875,-6.44196132779703
"hsa-miR-649",0.112816255822375,0.230467494037137,-4.0825,-16.9416208190155
"hsa-miR-510",0.114396017566131,0.232863067785861,-2.2425,-4.73216375979564
"hsa-miR-127-3p",0.115151990206041,0.233570703538495,-1.755,-3.37526318452007
"hsa-let-7c",0.115589484524454,0.233629629498189,-1.6025,-3.03669076041518
"hsa-miR-125b",0.117331743464252,0.236316046695605,3.815,14.0743852147589
"hsa-miR-107",0.117882847474759,0.236592943001973,-1.7825,-3.440218027101
"hsa-miR-553",0.120144723533917,0.240289447067833,-1.3575,-2.5624076316004
"hsa-miR-520d-5p",0.123570274638977,0.245571470281275,-2.6525,-6.28755885762208
"hsa-miR-515-3p",0.123644376645118,0.245571470281275,-1.965,-3.9041270431049
"hsa-miR-302d",0.128346035862372,0.254027448142827,-2.59750000000001,-6.05236921702222
"hsa-miR-483-5p",0.130002281610481,0.256418293383431,-1.24,-2.36198532285907
"hsa-miR-570",0.131137584850924,0.25776872348704,-2.725,-6.61160254523369
"hsa-miR-488",0.131833017734986,0.258248240220588,-2.9425,-7.68742270768827
"hsa-miR-297",0.132962807632238,0.259572443568737,-1.9,-3.73213196614723
"hsa-miR-576-3p",0.133504126521953,0.259742722348835,-4.2725,-19.3263863183339
"hsa-miR-519b-3p",0.134039388571323,0.259900102585752,-1.85,-3.60500185044332
"hsa-miR-151-5p",0.135199015951703,0.26126296325802,-1.4225,-2.68049603302662
"hsa-miR-664",0.136995368113587,0.263446273757617,-2.53,-5.77571678209
"hsa-miR-581",0.137249981782815,0.263446273757617,2.3925,5.25066444469502
"hsa-miR-548n",0.139840403373403,0.267520771670858,-4.1075,-17.2377551346523
"hsa-miR-486-5p",0.142096012852552,0.2709297311722,1.6125,3.05781261500602
"hsa-miR-130b",0.143814401484912,0.273295141692258,-1.6775,-3.19873172526542
"hsa-miR-495",0.149706832857653,0.283550690048271,2.6375,6.22252447604806
"hsa-miR-132",0.151191449005632,0.284170926821213,-2.3725,-5.1783769956787
"hsa-miR-589",0.151392229052255,0.284170926821213,-1.8375,-3.57390181478261
"hsa-miR-499-3p",0.151524707483339,0.284170926821213,-1.22,-2.32946717293691
"hsa-miR-606",0.152413533054263,0.284903728454373,1.7025,3.25464457094215
"hsa-miR-486-3p",0.153213570023501,0.28546632590698,-1.7725,-3.41645470538121
"hsa-miR-548s",0.153776806363686,0.28558549753256,3.025,8.13983753682149
"hsa-miR-198",0.156041050166052,0.288852688333275,-2.3175,-4.98467692032626
"hsa-miR-516a-5p",0.156790853984207,0.289304414448279,-1.8,-3.48220225318449
"hsa-miR-100",0.157325703973402,0.289357886407672,-1.8925,-3.71278043457895
"hsa-miR-320c",0.158250253125318,0.290125464063083,2.96,7.78123957929828
"hsa-miR-938",0.160699055907683,0.293673674054935,-2.235,-4.70762694887507
"hsa-miR-512-5p",0.161940820128415,0.295000474883609,-2.32,-4.99332219560645
"hsa-miR-376c",0.162730819576089,0.295498504119121,-2.2025,-4.60276249293033
"hsa-miR-139-3p",0.166511276236564,0.301406487364919,-1.6575,-3.15469384035722
"hsa-miR-562",0.167426122146279,0.30210644122294,-2.805,-6.98858316733357
"hsa-miR-518e",0.168949644546724,0.303896844907943,-3.05,-8.28211939073102
"hsa-miR-330-5p",0.174617036375367,0.313106410052382,-4.7975,-27.8093862537124
"hsa-miR-597",0.17666576464775,0.315790054307854,-2.0975,-4.27967131560111
"hsa-miR-103-as",0.179032144980215,0.319023012238887,-3.01,-8.05564440045375
"hsa-miR-532-3p",0.179672043927618,0.319168972442849,-0.952500000000002,-1.93522324028469
"hsa-miR-521",0.1810559905832,0.320631661342385,-2.355,-5.11594232510971
"hsa-miR-518f",0.185387450183538,0.326550452503686,-1.5725,-2.97419656824531
"hsa-miR-515-5p",0.18596679584122,0.326550452503686,-1.9675,-3.91089824484093
"hsa-miR-485-5p",0.186110922231122,0.326550452503686,-2.135,-4.39237125514821
"hsa-miR-193b",0.187476587596077,0.327940697568673,-1.18,-2.2657677705916
"hsa-miR-410",0.191551247984735,0.334046688558745,-1.515,-2.85798827948218
"hsa-miR-204",0.19520710440674,0.338324846900122,-2.585,-6.00015595714328
"hsa-miR-299-3p",0.195436972772584,0.338324846900122,-1.1675,-2.24622119020478
"hsa-miR-219-1-3p",0.195778888678218,0.338324846900122,-2.8125,-7.02500864149319
"hsa-miR-219-5p",0.205006816884758,0.353204515837594,-1.8575,-3.62379162493761
"hsa-let-7g",0.206514668302543,0.354733904711876,-2.4525,-5.47363790526044
"hsa-miR-338-5p",0.208200754693656,0.35655937630171,-0.977500000000004,-1.96905034667483
"hsa-miR-663b",0.210430303005272,0.359301890504524,-1.14,-2.20381023175322
"hsa-miR-142-3p",0.214316980864259,0.364849145995108,-2.215,-4.64281565753488
"hsa-miR-491-5p",0.21570066952312,0.366115082988796,-1.9875,-3.96549234985066
"hsa-miR-522",0.218580624552987,0.368395835237179,2.0675,4.19159695350029
"hsa-miR-548g",0.21881658678051,0.368395835237179,1.335,2.5227548176625
"hsa-miR-7",0.218976545420701,0.368395835237179,-2.6975,-6.48676871227597
"hsa-miR-142-5p",0.220774359353816,0.370331183432208,2.2125,4.63477723784912
"hsa-miR-567",0.222553783695122,0.371531238662012,-2.445,-5.4452564659979
"hsa-miR-653",0.222788837169703,0.371531238662012,-2.33,-5.02805349808731
"hsa-miR-30e",0.224436021018593,0.373190127972777,1.2675,2.40744026264817
"hsa-miR-588",0.228683001180265,0.379149787464091,-1.9375,-3.8304131227943
"hsa-miR-151-3p",0.231194923897242,0.382206637194285,-1.9475,-3.85705575300781
"hsa-miR-551a",0.233514688350053,0.384929111631788,-1.7875,-3.45216159890895
"hsa-miR-145",0.240900658126573,0.395963150713793,2.2575,4.78162171609773
"hsa-miR-544b",0.246144476764266,0.402751851979018,-2.23,-4.69133979692752
"hsa-miR-625",0.246439070266881,0.402751851979018,-1.175,-2.25792880961226
"hsa-miR-577",0.247681338106499,0.403628847284665,-2.1675,-4.49244238040957
"hsa-miR-548b-5p",0.249261118596045,0.405049317718573,-1.365,-2.57576325901965
"hsa-miR-208a",0.25266011033958,0.408260973280802,-1.5375,-2.90291031339908
"hsa-miR-619",0.252737686851953,0.408260973280802,-1.6275,-3.08977117991831
"hsa-miR-103",0.253669790942192,0.408260973280802,1.9325,3.81716090012874
"hsa-miR-184",0.25409249386008,0.408260973280802,-2.7725,-6.83290941076241
"hsa-miR-424",0.25719705600978,0.412091641561888,2.275,4.83997635687717
"hsa-miR-571",0.259165672670839,0.414085935105362,-1.6275,-3.08977117991831
"hsa-miR-579",0.260635270610783,0.415274024482919,-2.2125,-4.63477723784912
"hsa-miR-608",0.26287807262834,0.417684048731695,-1.115,-2.16595009105185
"hsa-miR-520a-5p",0.264450646392454,0.419018752732642,-1.78,-3.43426174575102
"hsa-miR-524-5p",0.27082220903945,0.427929015388302,2.07,4.19886673449226
"hsa-miR-134",0.271582830763552,0.427948703021355,-2.9775,-7.87620138669932
"hsa-miR-150",0.276460206053863,0.433270328506266,0.952499999999997,1.93522324028468
"hsa-miR-345",0.276474947385991,0.433270328506266,-1.155,-2.22684323645738
"hsa-miR-217",0.278640655147515,0.43547118782617,-1.02749999999999,-2.03848875719015
"hsa-miR-628-3p",0.27981215743358,0.436110501504108,-1.35,-2.54912125463853
"hsa-miR-875-5p",0.281463134946469,0.436669856554578,-1.7875,-3.45216159890895
"hsa-miR-218",0.281697862008111,0.436669856554578,-1.5375,-2.90291031339907
"hsa-miR-18a",0.286448483157255,0.442833871259324,1.50749999999999,2.84316928301747
"hsa-let-7a",0.288102209322388,0.4433208172311,2.345,5.08060393015516
"hsa-miR-326",0.288313538478967,0.4433208172311,-2.7825,-6.880436054202
"hsa-miR-148a",0.290048665018331,0.44479312705224,1.91,3.75809099685605
"hsa-miR-527",0.294106821817997,0.448034907365292,-2.095,-4.27226163219141
"hsa-miR-361-3p",0.294327387090743,0.448034907365292,-1.4125,-2.66198049444749
"hsa-miR-33b",0.294512456589773,0.448034907365292,-1.435,-2.70382166605625
"hsa-miR-337-3p",0.298143296819922,0.451656492559565,2.23,4.6913397969275
"hsa-miR-628-5p",0.298472297530622,0.451656492559565,-1.5975,-3.0261846085111
"hsa-miR-32",0.300754104694097,0.453908569617475,1.905,3.74508898973797
"hsa-miR-604",0.302023917883357,0.454625476392843,-1.895,-3.71921977045265
"hsa-miR-552",0.306232661620521,0.459750872564142,-1.87,-3.6553258009176
"hsa-miR-592",0.310546320405832,0.465006532126011,-2.2775,-4.84837066780718
"hsa-miR-20b",0.313702164230832,0.468505582088867,1.77,3.41053956707183
"hsa-miR-330-3p",0.319336167913774,0.475677833454893,-2.3375,-5.05426041705538
"hsa-miR-329",0.321538337975997,0.477303873279585,1.9075,3.75158436060806
"hsa-miR-504",0.322277652930082,0.477303873279585,-1.3025,-2.46655934714007
"hsa-miR-379",0.322931117061537,0.477303873279585,-1.17,-2.25011696937762
"hsa-miR-455-3p",0.328288679305007,0.483971970521815,-1.9175,-3.77767869342028
"hsa-miR-187",0.329777488453524,0.484917026723434,-0.737500000000002,-1.66728415085272
"hsa-miR-542-5p",0.332931105324784,0.488298954476349,-1.28,-2.4283897687901
"hsa-miR-320b",0.335245418533798,0.489409332731743,1.96,3.89061978964914
"hsa-miR-548v",0.335399402851125,0.489409332731743,1.88,3.6807506024995
"hsa-miR-325",0.339955754452662,0.494795652791152,1.7175,3.28866031450878
"hsa-miR-573",0.340849710784797,0.494837651190112,-1.905,-3.74508898973798
"hsa-miR-548h",0.34342943422243,0.495753628523755,2.0025,4.00693748093877
"hsa-miR-518b",0.343513101035767,0.495753628523755,-1.2075,-2.30937106337738
"hsa-miR-371-3p",0.344644142484725,0.495753628523755,1.30749999999999,2.47512262087709
"hsa-miR-152",0.344947454811983,0.495753628523755,-1.7675,-3.4046346700401
"hsa-miR-98",0.346712633340802,0.497041669851977,3.7625,13.5714221156585
"hsa-miR-155",0.360333234016777,0.51338976857245,1.4525,2.7368189526302
"hsa-miR-29a",0.360853013428224,0.51338976857245,1.9175,3.77767869342027
"hsa-let-7f",0.361071959368495,0.51338976857245,-1.455,-2.74156560995941
"hsa-miR-892a",0.361844366702917,0.51338976857245,-1.375,-2.59367910930202
"hsa-miR-138",0.362603962418304,0.51338976857245,-1.46,-2.75108363627949
"hsa-miR-190b",0.36591819325236,0.516117129011156,-0.752499999999996,-1.68470968193358
"hsa-miR-30c",0.36633488527715,0.516117129011156,-0.737499999999999,-1.66728415085272
"hsa-miR-598",0.367991672713113,0.517177485975186,-1.0425,-2.05979391334979
"hsa-miR-191",0.373503082342038,0.523636674263838,-0.695,-1.61888443309482
"hsa-miR-23a",0.37809582863555,0.527822058713861,0.797499999999998,1.73808664085702
"hsa-miR-214",0.378333993134061,0.527822058713861,-0.877500000000003,-1.83718893544461
"hsa-miR-27a",0.380997431415542,0.530244600412871,1.52749999999999,2.88285844716338
"hsa-miR-499-5p",0.386219880652026,0.536208183817861,-1.375,-2.59367910930202
"hsa-miR-559",0.394126269074764,0.545767256618729,-1.2725,-2.41579828979174
"hsa-miR-660",0.395013364056213,0.545767256618729,1.895,3.71921977045265
"hsa-miR-548d-3p",0.411464303458076,0.566468251204394,-1.6425,-3.12206375806157
"hsa-miR-411",0.41243600143056,0.566468251204394,-1.1325,-2.19238322336844
"hsa-miR-520a-3p",0.412967239077329,0.566468251204394,-1.4,-2.63901582154579
"hsa-miR-320d",0.414015685878675,0.566547780676082,-0.709999999999999,-1.63580411711556
"hsa-miR-22",0.41647832986834,0.568557529080407,0.682499999999996,1.60491845868245
"hsa-miR-15b",0.422506254493597,0.575413279929376,-0.895000000000001,-1.85960988522633
"hsa-miR-99a",0.426933866886894,0.5793399779216,-1.4125,-2.66198049444749
"hsa-miR-28-3p",0.427415158536565,0.5793399779216,-1.0775,-2.11037590796397
"hsa-miR-563",0.436352513686959,0.590055881392295,-1.2775,-2.42418533390359
"hsa-miR-208b",0.438179770972326,0.591129313670213,-0.967500000000003,-1.95544912242047
"hsa-miR-519d",0.439660225284916,0.591730938501111,5.1225,34.8358292199882
"hsa-miR-429",0.442151166924832,0.593686543382638,-1.2975,-2.4580257000795
"hsa-miR-127-5p",0.443711529428718,0.593961137860275,1.7525,3.36941936386717
"hsa-miR-886-5p",0.444440275929946,0.593961137860275,-0.680000000000003,-1.60213975517925
"hsa-miR-369-3p",0.445470853395207,0.593961137860275,-0.709999999999999,-1.63580411711556
"hsa-miR-616",0.452664973984966,0.602149686324188,-1.57,-2.9690471412581
"hsa-miR-99b",0.460689870082336,0.610849647179801,-0.727500000000001,-1.65576737797295
"hsa-miR-548l",0.461340992275654,0.610849647179801,-1.915,-3.77113814367295
"hsa-miR-302c",0.46564273513108,0.613938772392707,-1.2175,-2.32543400940824
"hsa-miR-548w",0.465882694598834,0.613938772392707,-1.17,-2.25011696937762
"hsa-miR-643",0.467722662633476,0.613938772392707,-1.1575,-2.23070540708402
"hsa-miR-146b-5p",0.468025825887173,0.613938772392707,-1.47,-2.77021893622185
"hsa-miR-455-5p",0.469040635551771,0.613938772392707,-0.987499999999995,-1.98274617492532
"hsa-miR-708",0.473485444977496,0.618341722664676,-1.725,-3.30580127261685
"hsa-miR-342-5p",0.475590346437986,0.619470492652683,1.02,2.02791895958006
"hsa-miR-561",0.47747261922099,0.619470492652683,-1.2025,-2.30138124646518
"hsa-miR-498",0.477598753950757,0.619470492652683,-0.900000000000004,-1.86606598307362
"hsa-miR-886-3p",0.483269932610998,0.625408148084821,-1.2575,-2.39081085804887
"hsa-miR-517b",0.486372590928703,0.627877911182592,-0.8925,-1.85639021728948
"hsa-miR-615-5p",0.487373763225648,0.627877911182592,-0.484999999999996,-1.39958586559519
"hsa-miR-602",0.490036347694693,0.629609150816023,-1.0925,-2.13243238883301
"hsa-miR-203",0.490919023188717,0.629609150816023,-2.1725,-4.50803901054779
"hsa-miR-146b-3p",0.504989700250665,0.645803403110743,-1.26,-2.39495740923786
"hsa-let-7b",0.505804063974848,0.645803403110743,1.1825,2.26969745077164
"hsa-miR-519c-3p",0.509750572434915,0.649392711431562,-0.595000000000004,-1.51047258556283
"hsa-miR-335",0.513225917347478,0.652367166050572,-1.3275,-2.50967404508108
"hsa-miR-585",0.520203333303816,0.656150798904191,-1.3925,-2.62533222234752
"hsa-miR-492",0.520544176420855,0.656150798904191,-0.737500000000002,-1.66728415085272
"hsa-miR-580",0.521267034841167,0.656150798904191,0.427499999999997,1.344901020567
"hsa-miR-548x",0.52179822749099,0.656150798904191,-0.6425,-1.56103187903078
"hsa-miR-548p",0.52193813549197,0.656150798904191,-1.275,-2.41998817843858
"hsa-miR-661",0.52534441165934,0.658984656730576,-0.627500000000001,-1.54488558995916
"hsa-miR-129-5p",0.529137996970677,0.662290884611001,1.7475,3.3577620584455
"hsa-miR-558",0.53576188113287,0.669117458532755,1.0825,2.11770260237693
"hsa-miR-642",0.537075569597358,0.669296788256403,-1.0525,-2.07412091302063
"hsa-miR-302b",0.542834709448474,0.674605500978312,-0.960000000000003,-1.94530989482457
"hsa-miR-373",0.543694293620632,0.674605500978312,-1.15,-2.21913894413569
"hsa-miR-599",0.548067864408595,0.678560213077308,-0.687500000000002,-1.61049033194926
"hsa-miR-663",0.550875408619154,0.680563139805952,0.942499999999997,1.92185567692206
"hsa-miR-423-5p",0.558832332978092,0.688905375998855,-0.832499999999998,-1.78076852691222
"hsa-miR-181a",0.574306479615541,0.706458723312021,-1.6075,-3.04723338703647
"hsa-miR-26a",0.57604026236586,0.707070879985562,-0.467500000000003,-1.3827113347288
"hsa-miR-182",0.58384612128347,0.714396826535053,1.22,2.32946717293692
"hsa-miR-146a",0.585927274206613,0.714396826535053,-1.15,-2.21913894413569
"hsa-miR-185",0.586418971225118,0.714396826535053,0.597499999999998,1.51309230425555
"hsa-miR-506",0.587004385439642,0.714396826535053,-0.782499999999997,-1.7201090135505
"hsa-miR-627",0.588263077357907,0.714408662948455,-1.29,-2.44528055538414
"hsa-miR-924",0.589906420088,0.714886593835457,-1.0725,-2.10307456198801
"hsa-miR-549",0.602016732284404,0.728020234390442,0.834999999999999,1.78385703884018
"hsa-miR-362-3p",0.604429997574503,0.729396537157417,0.927499999999993,1.90197726333527
"hsa-miR-574-5p",0.619524512979772,0.746037939840905,-0.5625,-1.4768261459395
"hsa-miR-889",0.623117397645069,0.747231701716344,-0.805000000000001,-1.74714579183339
"hsa-miR-340",0.623128534473245,0.747231701716344,0.759999999999996,1.69349062472505
"hsa-miR-200c",0.626522485141316,0.7497298357758,-0.917500000000002,-1.88883934671014
"hsa-miR-520f",0.634289653030886,0.757105535553771,-0.4625,-1.37792751692571
"hsa-miR-652",0.647409452015623,0.757105535553771,-0.832500000000001,-1.78076852691223
"hsa-miR-555",0.647585526410648,0.757105535553771,-1.0775,-2.11037590796397
"hsa-miR-517c",0.648032505644716,0.757105535553771,-0.624999999999995,-1.54221082540794
"hsa-miR-548c-3p",0.650309967608212,0.757105535553771,-1.125,-2.18101546533052
"hsa-miR-25",0.651372800285635,0.757105535553771,0.467499999999998,1.38271133472879
"hsa-miR-324-3p",0.651487694717135,0.757105535553771,1.365,2.57576325901965
"hsa-miR-508-3p",0.654296036764945,0.757105535553771,-0.515000000000002,-1.4289941397411
"hsa-miR-302f",0.65649826422131,0.757105535553771,0.277500000000002,1.21209266695179
"hsa-miR-450a",0.65649826422131,0.757105535553771,0.277500000000002,1.21209266695179
"hsa-miR-548f",0.65649826422131,0.757105535553771,0.277500000000002,1.21209266695179
"hsa-miR-556-3p",0.65649826422131,0.757105535553771,0.277500000000002,1.21209266695179
"hsa-miR-590-3p",0.65649826422131,0.757105535553771,0.277500000000002,1.21209266695179
"hsa-miR-607",0.65649826422131,0.757105535553771,0.277500000000002,1.21209266695179
"hsa-miR-620",0.65649826422131,0.757105535553771,0.277500000000002,1.21209266695179
"hsa-miR-876-3p",0.65649826422131,0.757105535553771,0.277500000000002,1.21209266695179
"hsa-let-7e",0.658315581299631,0.757105535553771,0.880000000000001,1.84037530124975
"hsa-miR-181d",0.658564159440456,0.757105535553771,-0.962500000000002,-1.94868378240342
"hsa-miR-514b-3p",0.659129831810301,0.757105535553771,-0.652499999999998,-1.57188971440552
"hsa-miR-523",0.660094218607747,0.757105535553771,0.7125,1.63864120708608
"hsa-miR-1",0.661752919655952,0.757105535553771,1.3425,2.53590376906246
"hsa-miR-331-5p",0.661805538071478,0.757105535553771,0.799999999999999,1.74110112659225
"hsa-miR-519a",0.663943023105738,0.758034748935094,0.35,1.27456062731926
"hsa-miR-578",0.665381532639812,0.758163818067675,0.825000000000001,1.77153503820472
"hsa-miR-548j",0.66779387753854,0.759399797121362,-1.22,-2.32946717293691
"hsa-miR-223",0.672545869679421,0.763286185429819,0.3675,1.29011529307386
"hsa-miR-601",0.678875292653424,0.768281830331219,-0.525000000000004,-1.43893358001082
"hsa-miR-92a",0.679633926831463,0.768281830331219,-0.385000000000002,-1.30585978708892
"hsa-miR-381",0.682537043416138,0.768560868113835,0.749999999999998,1.68179283050743
"hsa-miR-629",0.683320285485011,0.768560868113835,-0.9,-1.86606598307362
"hsa-miR-548o",0.683911681590808,0.768560868113835,-1.135,-2.1961856275741
"hsa-miR-24",0.689064098804939,0.772690696386334,0.295,1.2268849772538
"hsa-miR-371-5p",0.690288366876602,0.772690696386334,0.434999999999997,1.35191083302812
"hsa-miR-509-3p",0.696114362869024,0.777690264767738,0.444999999999999,1.36131411649947
"hsa-miR-548d-5p",0.699266706465866,0.779689193174416,-0.960000000000004,-1.94530989482458
"hsa-miR-125a-5p",0.704937763677192,0.784190971279926,-0.3025,-1.23327967357003
"hsa-miR-200a",0.706046066799234,0.784190971279926,-0.347499999999998,-1.27235389459647
"hsa-miR-494",0.710087141011449,0.786254028887711,1.19,2.28152743173685
"hsa-miR-624",0.711240006671998,0.786254028887711,-0.254999999999997,-1.19333574303172
"hsa-miR-136",0.712027249936774,0.786254028887711,-0.627500000000003,-1.54488558995916
"hsa-miR-514",0.713453183577352,0.786310637776966,-0.354999999999999,-1.27898558127743
"hsa-miR-197",0.732196011061926,0.804269584403577,-0.537500000000001,-1.45145515669954
"hsa-miR-548m",0.732560233346614,0.804269584403577,-0.750000000000002,-1.68179283050743
"hsa-miR-524-3p",0.739816358671347,0.810273636954574,-0.657499999999997,-1.5773469201786
"hsa-miR-556-5p",0.740862084138535,0.810273636954574,1.8325,3.56153705382445
"hsa-miR-582-5p",0.742959402370384,0.811016752205839,-0.742500000000001,-1.67307254211836
"hsa-miR-922",0.750680691499536,0.817436384617507,-0.295,-1.2268849772538
"hsa-miR-199b-3p",0.75343147659687,0.817436384617507,-0.770000000000001,-1.70526978353591
"hsa-miR-892b",0.754182184675739,0.817436384617507,-0.204999999999997,-1.15268634679886
"hsa-miR-26b",0.754556662723853,0.817436384617507,0.247500000000002,1.18714816056886
"hsa-miR-95",0.758489437362918,0.820143588226066,0.602499999999994,1.51834538020758
"hsa-miR-122",0.76535220748732,0.826002759778768,0.2975,1.22901285003975
"hsa-miR-655",0.769572351700151,0.828993192415228,0.277500000000002,1.21209266695179
"hsa-miR-199a-3p",0.783034037985717,0.841630651840334,-0.365,-1.28788162950983
"hsa-miR-328",0.784569241587705,0.841630651840334,-0.652499999999998,-1.57188971440552
"hsa-miR-569",0.785718126018773,0.841630651840334,0.357499999999996,1.2812038158002
"hsa-miR-513a-3p",0.78854519757567,0.843080099090249,-0.330000000000004,-1.25701337452183
"hsa-miR-135a",0.791115990714048,0.844250646806783,-0.5075,-1.42158464150874
"hsa-miR-186",0.795087779483261,0.845561707977739,-0.467499999999999,-1.38271133472879
"hsa-miR-548k",0.795798793751197,0.845561707977739,-0.807500000000003,-1.75017598949042
"hsa-miR-662",0.796779301748254,0.845561707977739,-0.474999999999998,-1.38991821984233
"hsa-miR-519b-5p",0.798309361974984,0.845616583425353,0.51,1.42405019559707
"hsa-miR-139-5p",0.801518933563024,0.847447005541681,0.449999999999998,1.36604025675439
"hsa-miR-450b-3p",0.8129212287303,0.857916868696922,0.217500000000003,1.16271700470412
"hsa-miR-27b",0.818692290334471,0.861751434298988,0.214999999999998,1.16070391438372
"hsa-miR-301b",0.820394844946557,0.861751434298988,0.442499999999997,1.35895718161345
"hsa-miR-105",0.821074356106553,0.861751434298988,-0.617499999999998,-1.53421428569725
"hsa-miR-641",0.825051595591377,0.862833762703484,-0.344999999999997,-1.27015098253879
"hsa-miR-618",0.825122496851059,0.862833762703484,-0.382500000000006,-1.30359886402118
"hsa-miR-425",0.828325361870681,0.863499969131557,-0.197500000000003,-1.14670953610977
"hsa-miR-10a",0.829216407868305,0.863499969131557,0.315,1.24401165329847
"hsa-miR-384",0.830288431857266,0.863499969131557,0.134999999999996,1.09809281378705
"hsa-miR-422a",0.83995796956733,0.870543319796095,-0.282500000000002,-1.21630074786166
"hsa-miR-574-3p",0.840104742180847,0.870543319796095,-0.185000000000001,-1.13681697323602
"hsa-miR-200b",0.848625308529384,0.876417645053753,-0.535000000000002,-1.44894215455488
"hsa-miR-361-5p",0.849853259722989,0.876417645053753,-0.284999999999998,-1.21841026367519
"hsa-miR-215",0.850370267490967,0.876417645053753,-0.377500000000003,-1.29908875457378
"hsa-miR-621",0.862713940837165,0.887540241292911,-0.197499999999998,-1.14670953610976
"hsa-miR-525-5p",0.864884790883906,0.888176122774855,-0.344999999999999,-1.27015098253879
"hsa-miR-320a",0.878189606567781,0.900223037556937,0.109999999999999,1.07922823650443
"hsa-miR-363",0.894665153987873,0.915151461544622,-0.227500000000004,-1.17080434103214
"hsa-miR-137",0.897122212944878,0.915151461544622,-0.147499999999999,-1.10764839965298
"hsa-miR-18b",0.897552394976456,0.915151461544622,-0.174999999999999,-1.12896440480613
"hsa-miR-181c",0.899922609229125,0.91593546704459,-0.16,-1.11728713807222
"hsa-miR-29b",0.911166428872055,0.925732144431289,-0.122500000000004,-1.08861966312463
"hsa-miR-568",0.919548809361952,0.932592054884817,-0.0675000000000043,-1.04789923837507
"hsa-miR-23b",0.925406020111375,0.936871227440188,0.0649999999999995,1.04608493979253
"hsa-miR-96",0.927515698546242,0.937348020438959,0.179999999999998,1.1328838852958
"hsa-miR-380",0.942657962904571,0.950248150396771,0.0850000000000026,1.06068774136822
"hsa-miR-513c",0.943603058435954,0.950248150396771,-0.0925000000000065,-1.06621619441651
"hsa-miR-34a",0.959944959884039,0.964947616150029,-0.0625000000000018,-1.04427378242742
"hsa-miR-517a",0.961573673436218,0.964947616150029,-0.0750000000000046,-1.05336103595484
"hsa-miR-154",0.975425081086825,0.97713335618505,-0.0600000000000005,-1.04246576084112
"hsa-miR-520h",0.982762796993191,0.982762796993191,-0.0149999999999988,-1.01045144648676
