"","SALvsWT.p","SALvsWT.FDR","SALvsWT.logFC","SALvsWT.FC","BATvsSAL.p","BATvsSAL.FDR","BATvsSAL.logFC","BATvsSAL.FC","EPIvsSAL.p","EPIvsSAL.FDR","EPIvsSAL.logFC","EPIvsSAL.FC","INGvsSAL.p","INGvsSAL.FDR","INGvsSAL.logFC","INGvsSAL.FC"
"mmu-miR-22",6.39088741031213e-12,1.97236563313717e-09,-13.0741666666667,-8624.15066278613,5.05223953403588e-12,1.01536488485662e-09,13.2741666666667,9906.547679589,9.85127523069023e-12,3.69422821150884e-09,11.77,3492.39251668155,5.33382191243949e-11,6.66727739054936e-09,10.5425,1491.45010583185
"mmu-miR-19b",1.3878903636086e-11,1.97236563313717e-09,-14.4408333333333,-22239.4476002119,7.06076911375629e-12,1.01536488485662e-09,15.0875,34816.8967492453,3.24403775276011e-11,5.50218030303703e-09,12.65,6427.31292997018,4.96401245332335e-11,6.66727739054936e-09,12.3025,5051.51354294285
"mmu-miR-19a",1.57789250650973e-11,1.97236563313717e-09,-14.3875,-21432.3139614201,8.12291907885299e-12,1.01536488485662e-09,15.0208333333333,33244.6215352327,4.40174424242962e-11,5.50218030303703e-09,12.4575,5624.46438348757,3.06891932045977e-11,6.66727739054936e-09,12.755,6912.5390018971
"mmu-miR-17",0.000387854519817512,0.00167178672335134,-3.975,-15.725129576724,9.18569119942428e-07,7.82871409041842e-06,6.815,112.595081718072,0.106576518425616,0.159227866173728,-1.4125,-2.66198049444748,1.49454099508463e-08,5.60452873156735e-07,-8.54,-372.216964433999
"mmu-miR-323-5p",2.36612051955019e-09,1.67775375451115e-07,-10.1041666666667,-1100.67030007879,1.94603170090237e-10,1.53434027996344e-08,11.9541666666667,3967.91846851206,4.96184109141145e-10,3.72138081855858e-08,10.3975,1348.83671837563,1.58303183939027e-10,1.46635492022671e-08,11.22,2385.3743850874
"mmu-miR-92b",2.68440600721785e-09,1.67775375451115e-07,-8.54083333333333,-372.432027490211,9.6282527612522e-10,4.51324348183697e-08,9.1575,571.060584213508,2.28867140009669e-10,2.14562943759065e-08,9.335,645.8252333216,1.33009002918047e-08,5.54204178825196e-07,7.0775,135.064058109694
"mmu-let-7a",5.68094189810521e-09,2.10489489555429e-07,-9.4175,-683.832888642921,2.04578703995125e-10,1.53434027996344e-08,11.7941666666667,3551.38650871641,4.6720891697803e-09,2.19004179833452e-07,8.8375,457.459432292174,9.58818747852003e-09,4.49446288055627e-07,8.4075,339.554654922157
"mmu-miR-193b",6.17435836029257e-09,2.10489489555429e-07,-7.95416666666667,-247.994904282003,5.21651659647646e-09,1.56454617207299e-07,8.0475,264.568959974189,6.98364391722845e-10,4.36477744826778e-08,8.545,373.509208125485,7.10620659233314e-10,3.8068963887499e-08,8.535,370.929191566049
"mmu-miR-103",1.75176824018717e-08,5.47427575058492e-07,-8.5075,-363.925668226237,2.38030336157762e-09,9.9179306732401e-08,9.77083333333333,873.602596107614,0.00879196446615775,0.0198613655108985,2.295,4.90753990901522,0.0419518998616791,0.0836806513198386,1.7025,3.25464457094215
"mmu-miR-200b",0.000250319439873105,0.00115888629570882,-5.38083333333333,-41.6670002275344,9.94697509822667e-06,5.04077265218506e-05,7.26416666666667,153.720596192016,0.952241823291464,0.954787924423259,-0.0649999999999977,-1.04608493979253,1.3373017615152e-06,1.92880061756999e-05,-7.92,-242.190757561753
"mmu-miR-15a",1.87313312929741e-09,1.67775375451115e-07,-10.8941666666667,-1903.14090762583,9.3377363058744e-10,4.51324348183697e-08,11.4208333333333,2741.65881914941,6.85305236556713e-08,1.97684202852898e-06,7.8375,228.729716146087,3.25897500738837e-08,1.11101420706422e-06,8.2675,308.152353618966
"mmu-miR-133b",4.60895644784999e-09,1.92039851993749e-07,-12.6033333333333,-6222.73603270902,3.50434792490762e-09,1.19466406530942e-07,12.8433333333333,7349.00558864246,3.29912713277817e-09,1.76738953541688e-07,11.94,3929.14583275629,9.47361463851138e-08,2.73277345341674e-06,9.42,685.018908050489
"mmu-miR-204",1.04587645853025e-05,8.00415657038453e-05,-5.84416666666667,-57.4472794293374,1.63112366976202e-07,2.35258221600292e-06,8.11083333333333,276.442061633192,2.08797212155572e-06,2.61576479905857e-05,6.1775,72.379036612215,1.95513989363562e-10,1.46635492022671e-08,11.985,4053.63366467669
"mmu-miR-128",6.90427059867604e-08,1.9071225378324e-06,-8.32833333333333,-321.423885876378,7.06748466927177e-10,4.41717791829485e-08,11.455,2807.36318459844,1.59962399655188e-05,0.000117619411511167,5.03,32.6723880226302,0.00111152284571101,0.00458045128727066,3.29,9.78112222153655
"mmu-miR-185",4.47381505890275e-09,1.92039851993749e-07,-9.76416666666667,-869.575007803306,1.23117205400589e-08,3.07793013501472e-07,9.10083333333333,549.06507366213,1.17170763452804e-08,3.99445784498196e-07,8.455,350.920398074804,1.98385536820431e-07,4.87872428910145e-06,6.8975,119.221448784602
"mmu-miR-291a-5p",7.11992414124095e-08,1.9071225378324e-06,-8.915,-482.705682390138,5.42376006318635e-09,1.56454617207299e-07,10.695,1657.73765948909,9.44411123524121e-09,3.54154171321545e-07,9.5275,738.011762473828,1.3107690747271e-06,1.92880061756999e-05,6.63,99.044159586713
"mmu-miR-207",1.32680659966993e-07,3.10970296797639e-06,-6.8875,-118.397926083119,1.05820649699805e-08,2.83448168838762e-07,8.25416666666667,305.317540944796,7.70902540881583e-09,3.21209392033993e-07,7.8125,224.800276527782,9.53479669609641e-07,1.55458641784181e-05,5.495,45.0982641645447
"mmu-let-7e",3.18940335042795e-07,7.03544856712048e-06,-7.27083333333333,-154.432579942467,2.94606373646376e-09,1.10477390117391e-07,10.1608333333333,1144.76307953296,8.80259199899359e-07,1.37540499984275e-05,6.23,75.0614367508403,7.87707208376542e-06,8.43972008974866e-05,5.2225,37.3361173034296
"mmu-miR-34a",2.77872313989259e-06,2.6050529436493e-05,-6.28916666666667,-78.2037924416468,3.97523007538481e-06,2.48451879711551e-05,6.10916666666667,69.0307219095341,0.268032935392004,0.351441785916089,0.955,1.93857963387013,0.0101147842240047,0.026901021872353,-2.4225,-5.36099206605325
"mmu-miR-21",2.57941520536552e-06,2.6050529436493e-05,-5.70416666666667,-52.1345065029812,4.12075606866157e-08,8.58490847637826e-07,7.79416666666667,221.961656794776,0.00253844510767383,0.00816403918337247,2.675,6.3863870908532,0.984302171573811,0.986933995561976,-0.0150000000000015,-1.01045144648676
"mmu-miR-142-5p",3.15692492822012e-05,0.000190943040013314,-4.69416666666667,-25.887193580712,2.75174109686296e-06,1.81035598477827e-05,5.77416666666667,54.7264612686346,0.441634746993478,0.535964498778493,0.602500000000001,1.51834538020759,0.00287290289494889,0.010068584912204,-2.6775,-6.39746345053082
"mmu-miR-212",1.21422448065742e-07,3.03556120164355e-06,-10.0933333333333,-1092.43621677605,9.6210452389149e-08,1.56864868025786e-06,10.2666666666667,1231.89763694809,3.36824654638368e-07,6.82018144747403e-06,8.6625,405.202706431413,2.08158903001662e-07,4.87872428910145e-06,8.98,504.9511447006
"mmu-let-7c",7.67694163879489e-07,1.10725119790311e-05,-5.81583333333333,-56.3300689873891,2.29260821556978e-08,5.37330050524168e-07,7.5325,185.143488427548,7.66613785547749e-07,1.3067280435473e-05,5.385,41.7875131868454,6.39085511060422e-06,7.48928333273932e-05,4.545,23.3443255078428
"mmu-miR-25",2.06381462296335e-06,2.27693963250742e-05,-6.17,-72.0037430200839,4.95001933785764e-08,9.28128625848308e-07,8.17333333333333,288.681197323726,2.64463323316052e-07,6.19835914021997e-06,6.6925,103.429219158961,0.000150696298896099,0.000941851868100617,3.915,15.0845525746918
"mmu-miR-195",5.10008912915927e-07,1.00659653864986e-05,-6.79916666666667,-111.36612592296,3.47397945026469e-08,7.66318996381917e-07,8.28583333333333,312.093247575097,8.11731888270798e-06,7.24760614527498e-05,5.0475,33.0711199967737,9.39742080873799e-05,0.00061825136899592,4.0525,16.592967304165
"mmu-miR-92a",6.0617275825133e-07,1.08245135402023e-05,-7.20333333333334,-147.373501465598,3.73550057851788e-07,4.12003740277707e-06,7.47333333333333,177.704121661413,1.20270099775337e-07,3.05394294529437e-06,7.5275,184.502940618457,0.000198662939463335,0.00116404066091798,4.04,16.4498212264971
"mmu-miR-27a",1.04583044176344e-06,1.3072880522043e-05,-7.0475,-132.284479987094,4.42469132552287e-08,8.73294340563725e-07,8.92083333333333,484.661385680112,6.47349930968446e-06,5.9208835149553e-05,5.635,49.6940080000665,1.80828695011705e-06,2.51150965294035e-05,6.25,76.1092553601741
"mmu-miR-16",6.93092972510641e-07,1.08436522792305e-05,-6.38833333333334,-83.7683489356572,6.83251197425286e-08,1.22009142397372e-06,7.59166666666667,192.894295228746,9.8227412956891e-06,8.03804849091198e-05,4.7775,27.4265262152992,0.000452125731096944,0.00223088354159676,3.32,9.9866443912129
"mmu-miR-24",6.35990043863642e-07,1.08407393840394e-05,-6.44916666666667,-87.3760914435216,7.96725779858132e-08,1.35805530657636e-06,7.52916666666667,184.716209939086,2.21842080654485e-06,2.61576479905857e-05,5.415,42.6655576669183,9.61420050871484e-06,0.00010014792196578,4.8,27.857618025476
"mmu-miR-29a",4.03964086874458e-07,8.41591847655122e-06,-11.1116666666667,-2212.8142956446,2.91424716605627e-07,3.4151333977222e-06,11.3883333333333,2680.58716594103,1.45378647117655e-06,2.0191478766341e-05,9.32,639.145241037625,6.75140966117719e-07,1.26588931147072e-05,9.8925,950.471791252212
"mmu-miR-199a-5p",8.27640794191208e-07,1.14950110304334e-05,-6.3375,-80.868166672886,3.11297943340394e-07,3.53747662886811e-06,6.8275,113.574882294061,2.13179281569733e-06,2.61576479905857e-05,5.4475,43.6376044538625,3.46720412267967e-07,7.64824438826397e-06,6.27,77.1717009722086
"mmu-miR-130a",7.36942799824966e-07,1.10541419973745e-05,-8.78833333333333,-442.131996371934,1.86690411170191e-07,2.50031800674362e-06,9.74833333333333,860.083747360863,3.1320590657713e-05,0.000202503818907627,5.9675,62.5743719174549,8.60026435663882e-07,1.53576149225693e-05,8.04,263.197139623953
"mmu-miR-188-3p",6.93993745870755e-07,1.08436522792305e-05,-6.91583333333333,-120.746146167044,2.17745524999938e-07,2.81567489224058e-06,7.54916666666667,187.294752138622,4.26420700147791e-06,4.4325451365957e-05,5.545,46.6886510156856,9.39133339481444e-07,1.55458641784181e-05,6.255,76.3734875540301
"mmu-miR-145",4.20904938813636e-06,3.64554960255628e-05,-5.6375,-49.7801958083847,1.49822908120588e-07,2.33795372632367e-06,7.2975,157.313644805088,8.48964349952351e-07,1.37540499984275e-05,5.9275,60.8632724267289,0.000869844365512971,0.0037495234535531,3.14,8.81524092701288
"mmu-miR-205",9.42751213427134e-07,1.21907484494888e-05,-6.88416666666667,-118.124684570153,1.55863581754911e-07,2.33795372632367e-06,7.8875,236.795852166238,4.84811751306095e-06,4.6616514548663e-05,5.5925,48.2514368821008,0.000284091646828723,0.00152797433713824,3.85,14.4200074017733
"mmu-miR-101a",1.46981623240901e-06,1.72244089735431e-05,-7.9975,-255.556769944932,9.24752830412113e-06,4.88425790710623e-05,6.88416666666667,118.124684570153,4.54236369587969e-06,4.48259575251285e-05,6.7625,108.571376925268,8.78438320110289e-08,2.73277345341674e-06,9.16,572.051014692977
"mmu-miR-20b",1.19004838775484e-06,1.43957466260666e-05,-7.50083333333334,-181.123927056571,1.80344165336225e-07,2.50031800674362e-06,8.6575,403.800811565723,1.14180322372025e-05,8.92033768531445e-05,5.775,54.7580816436865,0.000143283426068028,0.000910699741957808,4.58,23.917587978159
"mmu-miR-328",2.52041381211185e-06,2.6050529436493e-05,-10.0816666666667,-1083.63761797242,6.73211448502791e-07,6.15742178508651e-06,11.1816666666667,2322.82808389776,3.92048055844154e-07,7.35090104707788e-06,10.7875,1767.50673864139,2.00517016769763e-05,0.000179033050687288,7.845,229.921887458287
"mmu-miR-20a",9.19016818869982e-07,1.21907484494888e-05,-10.1083333333333,-1103.85375543588,4.07268726677073e-07,4.36359350011149e-06,10.7583333333333,1732.13220583721,2.16872303110524e-06,2.61576479905857e-05,8.7475,429.793543481025,1.92614987948723e-05,0.000176172245075051,7.29,156.497955544585
"mmu-miR-326",9.13339059458889e-06,7.44569885428442e-05,-8.09416666666667,-273.26685373967,5.80326370177957e-06,3.40034982526147e-05,8.4075,339.554654922157,1.22157717811775e-07,3.05394294529437e-06,10.5025,1450.66632425593,0.000258520301087581,0.00142566342511534,5.4925,45.0201825000559
"mmu-miR-302c",0.000248232802022824,0.00115888629570882,-5.04083333333333,-32.9186515211728,5.78241090426854e-07,5.86055159216407e-06,8.54416666666667,373.293523045004,1.00143027980372e-06,1.50214541970558e-05,7.5825,191.672559446672,0.0111107637934491,0.0289342807121069,2.865,7.28535866873583
"mmu-miR-1",5.70642871752665e-07,1.06995538453625e-05,-11.7475,-3438.3483478482,7.35677828013799e-07,6.565254464511e-06,11.5208333333333,2938.43716569293,0.00252083524612359,0.00816403918337247,4.9,29.8570557291778,0.000630507094732051,0.00295550200655649,5.7975,55.6187725074248
"mmu-miR-107",2.06442526680673e-06,2.27693963250742e-05,-6.95083333333333,-123.711287910361,6.18243483536863e-06,3.46263278361106e-05,6.3575,81.9970442112128,0.476454433761224,0.57083198933054,0.655000000000001,1.57461595313841,0.0274108323562738,0.0597619891488527,2.1775,4.52368978826343
"mmu-miR-148a",3.021704792074e-06,2.76375438299451e-05,-5.95666666666667,-62.1062548155866,2.89662650903271e-07,3.4151333977222e-06,7.14666666666667,141.6971240442,1.23632249534774e-05,9.27241871510804e-05,4.905,29.9607119179038,1.00503671686778e-05,0.000101861829412275,4.9925,31.8340763360455
"mmu-miR-222",4.3248586097794e-06,3.64554960255628e-05,-6.04166666666667,-65.8753431451836,6.27794588770525e-07,6.03648643048582e-06,7.03833333333334,131.446628963966,3.11452090690365e-06,3.5392283032996e-05,5.745,53.6311766187488,0.000497292285331179,0.00239082829486144,3.5925,12.0628592205252
"mmu-miR-214",4.10653669944364e-06,3.64554960255628e-05,-7.08416666666667,-135.689630850278,1.01701231321272e-06,8.47510261010603e-06,7.9175,241.771436378897,5.27582845301267e-06,4.94608917469938e-05,6.425,85.9246401779369,0.00391417927460371,0.0130232128787256,3.2525,9.53015712340696
"mmu-miR-7a",0.000343248773534096,0.00153236059613436,-4.83083333333333,-28.4593998445032,1.35457571508529e-06,9.58426213503741e-06,7.93083333333333,244.016236104385,0.0120343546427388,0.0254965140735992,2.8025,6.97648336224722,1.05036258168148e-06,1.64119153387731e-05,7.49,179.768944094464
"mmu-miR-181d",5.39473595744371e-05,0.000311234766775599,-6.185,-72.756286287105,2.71031785244548e-07,3.38789731555685e-06,9.56166666666667,755.698352143035,2.76843762560068e-05,0.000184946236049609,6.085,67.884015447566,4.13070285225407e-06,5.34142610205267e-05,7.1575,142.765146053377
"mmu-miR-133a",2.77224272213223e-06,2.6050529436493e-05,-9.50583333333334,-727.010975121462,1.15979119019623e-06,9.09030480075078e-06,10.1858333333333,1164.77318569372,2.23211929519664e-06,2.61576479905857e-05,8.955,496.276386270755,9.18267938643208e-05,0.00061491156605572,6.4825,89.4184107680228
"mmu-miR-148b",2.70814594680949e-06,2.6050529436493e-05,-7.68416666666667,-205.667021383447,6.60805086758589e-07,6.15742178508651e-06,8.58416666666667,383.788232443724,1.19535851748992e-05,9.14815191956568e-05,6.29,78.2489777722924,1.10481468519671e-05,0.000106232181268914,6.3325,80.5883840706056
"mmu-miR-106a",2.30261174167456e-06,2.46708400893703e-05,-9.94416666666667,-985.127513396336,1.52633627849584e-06,1.05995574895545e-05,10.2741666666667,1238.31845994863,8.60324798286967e-06,7.33231362176392e-05,8.2625,307.086227466471,6.36810923661174e-05,0.000449470008953902,6.9175,120.885718189449
"mmu-miR-183",0.000352329770044324,0.00155439604431319,-6.9075,-120.050699539458,0.0049442654192889,0.0109710031493097,4.99083333333333,31.797321403518,0.0010078539385415,0.00370534536228491,5.685,51.4464634075617,1.68480670123309e-07,4.51287509258864e-06,12.3375,5175.56266706471
"mmu-miR-335-3p",2.62623276549051e-05,0.000161448735583433,-6.3425,-81.1489206099989,6.23359106769805e-07,6.03648643048582e-06,8.6225,394.122417115362,8.34268125302008e-06,7.27559411600589e-05,6.485,89.5734953980926,1.34874689883742e-05,0.000126445021766008,6.225,74.8017439079197
"mmu-miR-140",1.81135373482072e-05,0.000125788453806995,-7.4275,-172.147330632577,4.85598399690681e-06,2.98523606367222e-05,8.30416666666667,316.084540773651,0.0177394581178445,0.0346473791364151,3.035,8.19645458426242,0.691380693361977,0.790450487837626,0.465,1.38031735339663
"mmu-miR-127*",9.42313604868553e-06,7.51845961331292e-05,-7.00083333333333,-128.073957056839,1.00815453043701e-05,5.04077265218506e-05,6.96083333333333,124.571767966003,7.65317469679454e-07,1.3067280435473e-05,7.935,244.722001303998,0.000358167867418511,0.00181503986867489,4.6025,24.2935260833214
"mmu-miR-125a-3p",0.000405134866240254,0.00172642698681926,-5.69083333333333,-51.6549010154338,1.26854032305034e-05,5.94628276429846e-05,7.9175,241.771436378897,3.31451999494929e-07,6.82018144747403e-06,9.81,897.644258627619,0.000154428094987311,0.00094935304295478,5.8225,56.5909715259839
"mmu-miR-29c",2.44800523190974e-05,0.000153803127643121,-8.31416666666667,-318.283082619156,7.52815845263928e-07,6.565254464511e-06,11.0708333333333,2151.06191136301,0.00040481458850695,0.00178594671400125,5.86,58.0812259402983,0.0382538618741263,0.0779630337108552,2.9825,7.90354557712413
"mmu-miR-197",7.91695508229264e-05,0.000424122593694248,-5.22083333333333,-37.2930098340047,4.30601897813935e-07,4.48543643556183e-06,8.08083333333333,270.752966270325,2.76876946312047e-05,0.000184946236049609,5.325,40.0852620359721,0.00194223962316394,0.00707126076394637,3.4125,10.64792197779
"mmu-miR-706",0.000459558908516622,0.00187320207275797,-5.0975,-34.2373705248089,1.03219848085054e-05,5.09294358905942e-05,7.3175,159.50966145044,1.26146104371286e-06,1.81941496689355e-05,8.04,263.197139623953,4.32331693696597e-06,5.40414617120746e-05,7.285,155.956513750425
"mmu-miR-146a",9.64398944849245e-06,7.53436675663472e-05,-8.10666666666667,-275.644817471366,1.06885062477516e-06,8.71345618023224e-06,9.69,826.001161443458,2.14228210758336e-05,0.0001487695908044,7.005,128.444383809216,0.0011946585336212,0.00486953206639076,4.66,25.2813219796281
"mmu-miR-30e",0.0360843587555787,0.07680491237393,-2.89333333333333,-7.42985128030839,2.95861929800181e-05,0.000127526693879388,7.24666666666667,151.867217268286,0.227646116055394,0.305975962440045,1.47,2.77021893622185,0.0162556886588267,0.0392713526661739,-3.1425,-8.83052981848838
"mmu-miR-30d",1.6086531043385e-05,0.000116008637332103,-4.98500000000001,-31.6690130052867,1.29080760584489e-06,9.49858342907622e-06,6.135,70.2779400823713,3.41403633300225e-05,0.000216993834724719,4.3175,19.9387076813051,7.83872224516687e-06,8.43972008974866e-05,4.9075,30.0126748848644
"mmu-miR-93",4.37465952306754e-06,3.64554960255628e-05,-8.39166666666667,-335.848474735988,3.15368642229111e-06,2.00446170908333e-05,8.61833333333333,392.985789084758,1.00235249083479e-05,8.03804849091198e-05,7.25,152.218510720348,0.00100077261886884,0.0042167385626496,4.6125,24.4625009200482
"mmu-miR-297a",0.000319531817282437,0.00144366784916764,-5.865,-58.2828693498866,1.7260489471818e-06,1.17685155489668e-05,9.375,663.981851981317,3.88126846704116e-06,4.15850192897267e-05,8.1325,280.625052591161,0.00339193937156245,0.0115634296757811,4.095,17.0890465287656
"mmu-miR-99a",1.35282276376135e-05,0.000101461707282101,-5.46583333333334,-44.1956763609324,1.35243424775848e-06,9.58426213503741e-06,6.6025,97.1741043332857,1.76499184861894e-05,0.000127283066006174,4.945,30.8030221792561,3.46324247642453e-05,0.00027495025585877,4.6575,25.2375507228577
"mmu-miR-124",0.0238449158189583,0.0569544167650278,-3.79916666666667,-13.92076574037,0.239997367511955,0.316897932454165,1.85916666666667,3.62798041225646,0.00543521479830939,0.0139603119819591,4.5225,22.983076117054,6.20793558866186e-07,1.22525044513063e-05,11.1,2194.99205127433
"mmu-miR-100",1.67736491341813e-05,0.000118681479722981,-6.76916666666667,-109.074244192569,2.96591651949045e-06,1.91761843932572e-05,7.82583333333333,226.887502407717,4.37344453477443e-06,4.4325451365957e-05,7.02,129.786813413124,5.49880675900741e-05,0.000404324026397603,5.6325,49.6079694145103
"mmu-miR-129-3p",0.00431741874151895,0.0137977556400902,-4.77083333333333,-27.3000811283629,0.00510103912406307,0.0111864893071559,4.6575,25.2375507228577,4.2794661076674e-05,0.000263081932848406,7.3775,166.283360585443,6.09499438356211e-07,1.22525044513063e-05,10.5,1448.15468787005
"mmu-miR-338-5p",1.99771000406468e-05,0.000135787745741076,-7.67916666666667,-204.955467544485,1.2549916803083e-06,9.49858342907622e-06,9.6525,804.807533775625,5.15176752017213e-05,0.000306652828581674,6.5275,92.2514703092286,6.47236812893619e-05,0.000449470008953902,6.39,83.8651778469352
"mmu-miR-324-5p",6.98979332905594e-05,0.000385466543881761,-6.37833333333334,-83.1897186831521,1.1635590144961e-06,9.09030480075078e-06,9.03833333333333,525.786515855861,0.000296636605886662,0.00142613752830126,5.115,34.6552014568296,0.0273494546626348,0.0597619891488527,2.7075,6.53188775676055
"mmu-miR-129-5p",0.000127756196943106,0.000665396859078679,-5.25083333333333,-38.0766152446364,8.77769459865909e-06,4.7023363921388e-05,6.69416666666667,103.548774322848,3.66707404999906e-06,4.04456696691073e-05,6.6625,101.300676607853,7.25739600895483e-06,8.24704091926685e-05,6.2975,78.6568224025439
"mmu-miR-30b",4.44245822973834e-05,0.000260300286898731,-7.12833333333333,-139.907872453255,6.01346716778443e-06,3.46263278361106e-05,8.485,358.29398159237,3.64403641111307e-05,0.000227752275694567,6.72,105.419650210249,1.06401851336903e-05,0.000105001826977207,7.4875,179.457698004657
"mmu-let-7g",1.58982218719586e-05,0.000116008637332103,-8.89333333333333,-475.510481939737,4.96100493019301e-06,3.00060782068126e-05,9.81333333333333,899.720655074522,0.00127396999398907,0.00450696931835758,5.295,39.2603192721218,3.84262067309397e-05,0.000294078112736784,7.6125,195.700007360385
"mmu-miR-196a",0.00396581151684664,0.0129319940766738,-4.21916666666666,-18.6249760677635,0.00299289808656626,0.00728790118482044,4.38583333333333,20.9058287867349,0.684137583429447,0.745789516819892,-0.4825,-1.39716266825035,0.00515105457403052,0.0159640121095987,-3.7625,-13.5714221156585
"mmu-miR-188-5p",0.00056547620273025,0.00223214290551415,-4.41083333333333,-21.2712562370785,7.78906410621761e-06,4.2331870142487e-05,6.63416666666667,99.3306238080173,1.00743541086097e-05,8.03804849091198e-05,6.01,64.4451552036299,2.34680272255669e-05,0.000200011595672445,5.585,48.0012476571462
"mmu-miR-10a",0.00154174229601096,0.00561313942722437,-3.46333333333333,-11.0297893518862,2.58962044256778e-06,1.73412083207664e-05,6.41333333333333,85.2325938830026,0.00100275807795354,0.00370534536228491,3.3775,10.3927100365902,0.192686167128222,0.280067103384043,1.1475,2.21529679930596
"mmu-miR-298",0.000535297509066978,0.00215845769785072,-4.8775,-29.3950229671136,1.29180734635437e-06,9.49858342907622e-06,8.43416666666667,345.889322034499,0.000378086789388716,0.00169928134617485,4.69,25.8125362951081,0.00127330893191208,0.00513431020932291,4.085,16.9710038618915
"mmu-miR-200a",2.12098763305296e-05,0.000139538660069274,-8.00666666666667,-257.185708646926,5.57747113095569e-06,3.31992329223553e-05,8.97333333333333,502.623157886338,0.000111173541053426,0.000622239968582607,6.36,82.1392574440259,0.00129309535290688,0.00515862507808597,4.88,29.446004819996
"mmu-miR-101b",2.35296888873752e-05,0.000152131609185615,-8.95166666666667,-495.131067977433,1.15285579294722e-05,5.47241673867352e-05,9.525,736.73399296554,0.0111404820880679,0.0240096596725602,4.0625,16.7083805188386,0.00023605527458806,0.00135858097536321,6.655,100.775421000858
"mmu-miR-1955",0.0199417288893087,0.0498543222232717,-2.99916666666667,-7.99538035313106,7.06266930154812e-05,0.000282218246001819,6.13916666666667,70.4812041159556,0.000182764204307746,0.000938857213909652,5.18,36.2522843294656,6.15875339265388e-06,7.4501049104684e-05,7.05,132.513910251696
"mmu-miR-199a-3p",4.42365802236574e-05,0.000260300286898731,-6.54,-93.0542411084999,6.18657057338508e-06,3.46263278361106e-05,7.76333333333333,217.268216655135,0.000301448793484857,0.00143092781717496,5.0175,32.390526188773,0.00189002282740045,0.00694861333603107,4.0625,16.7083805188386
"mmu-miR-191",0.000157999852667484,0.000787368398762822,-4.3,-19.6983106135187,9.39293985991425e-06,4.89215617703867e-05,5.56666666666667,47.3951216731701,2.81118278795406e-05,0.000184946236049609,4.685,25.7232317037808,0.000964544526509699,0.00411027497092201,3.275,9.67995271375434
"mmu-miR-320",2.46085004228994e-05,0.000153803127643121,-7.12333333333334,-139.423827986255,1.0457510836202e-05,5.09294358905942e-05,7.67333333333334,204.128432228659,0.000239026278250734,0.00119513139125367,5.31,39.6706463980476,0.000726701425666497,0.00332332969054801,4.7075,26.1275510270422
"mmu-miR-598",0.000236526144401691,0.00113714492500813,-5.30416666666667,-39.5105675967063,0.000243850430793462,0.000831308286795893,5.2875,39.056750021445,0.261809673269924,0.345699392521906,1.2175,2.32543400940825,3.51936327499226e-05,0.00027495025585877,5.9,59.7141114583557
"mmu-miR-203",0.00756374178854543,0.0221593997711292,-2.76166666666667,-6.78179260922403,0.00156336562172593,0.00407126463991126,3.435,10.815286664225,0.400022804702822,0.500028505878528,-0.724999999999997,-1.65290063630842,0.0414298137728165,0.0835278503484204,-1.8575,-3.62379162493761
"mmu-miR-301a",2.0277636697334e-05,0.000135787745741076,-8.1675,-287.516312346212,1.95389121531098e-05,8.72272863978114e-05,8.19416666666666,292.880162028964,0.000827444436985671,0.00316624146805742,5.2275,37.4657389130285,0.000289296474498173,0.00152797433713824,5.8675,58.3839534236797
"mmu-miR-26b",0.00107664888558474,0.00403743332094278,-4.67833333333333,-25.6046393511244,7.53354978333062e-06,4.15453113051321e-05,7.59833333333333,193.787718798259,0.0528730383484243,0.0885151311636568,2.28,4.85677953758019,0.000445974030092093,0.00222987015046046,4.7875,27.6172927912716
"mmu-miR-493",0.00146317657832558,0.00537932565560875,-3.12333333333333,-8.71398924914088,5.22226335280762e-05,0.000220039186213804,4.44,21.7056692391627,2.0248393849093e-05,0.000143266937611507,4.4775,22.2772616421039,0.0350191470932886,0.0733641349719732,1.74,3.34035167771347
"mmu-miR-125b-5p",8.71874088607032e-05,0.000460496877785404,-5.26833333333334,-38.5413001019135,4.11472012563783e-05,0.000175343187172067,5.65166666666667,50.2714245593866,4.86536166251634e-05,0.000294275907007037,5.1525,35.5678040426729,0.000239110251663924,0.00135858097536321,4.4125,21.2958439555799
"mmu-miR-1943",0.00269110381412529,0.00917421754815441,-4.19083333333333,-18.2627653947665,9.64099636146011e-05,0.000368915677096688,6.0775,67.5320290548469,0.000171194738156201,0.000891639261230215,5.3175,39.8774153626101,0.549934019212759,0.663103720915707,0.669999999999998,1.59107296750984
"mmu-miR-221",0.000129755568569526,0.000666552578268112,-4.96083333333334,-31.1429419915008,2.0776638296709e-05,9.16616395443046e-05,5.88083333333334,58.926036825182,0.000160299524163203,0.000853014712065676,4.4975,22.5882406257741,0.00805800403509035,0.0222187611261682,2.7825,6.88043605420201
"mmu-miR-27b",0.0001702614635144,0.000829195439193508,-4.33583333333333,-20.1936995113901,1.12491591803161e-05,5.40824960592118e-05,5.56916666666667,47.4773223614698,0.00319966913114409,0.00915935819983994,2.86,7.26015324253729,0.000869889441224319,0.0037495234535531,3.3675,10.3209223445909
"mmu-miR-186",0.000143649274739996,0.000727952405777008,-7.0775,-135.064058109694,1.28889557027898e-05,5.96710912166194e-05,8.83416666666666,456.403696676394,0.00690373684008929,0.0168110475002174,4.1075,17.2377551346523,0.0020109554746758,0.00725104137503294,4.88,29.446004819996
"mmu-miR-15b",0.000429847234411928,0.00177163941404141,-3.73916666666667,-13.3536910882694,1.30613749544896e-05,5.97318976577267e-05,5.2225,37.3361173034297,0.00275022493375985,0.00852342438148715,2.7725,6.83290941076243,0.041824773414166,0.0836806513198386,1.7375,3.33456830170544
"mmu-miR-291b-5p",0.0444215275366361,0.0905330044904269,-2.7,-6.49801917084987,0.871710262983916,0.903014775190521,0.20333333333333,1.15135548019998,0.38701934744136,0.487020990907752,-1.02,-2.02791895958006,0.000494104724317198,0.00239082829486144,-4.975,-31.4502591534481
"mmu-miR-1196",0.000744748330446534,0.00287918168987062,-3.09583333333333,-8.5494602002635,1.00102057818486e-05,5.04077265218506e-05,4.7025,26.0371565675371,0.00136827617976714,0.00475095895752478,2.6675,6.35327294255489,0.00203997958647962,0.00728564138028437,2.5375,5.80582062679814
"mmu-miR-127",6.05238320204174e-05,0.000338752791159052,-8.1175,-277.72245125371,0.000679628955809381,0.00196046814175783,6.3375,80.868166672886,0.000161504118817768,0.000853014712065676,6.835,114.166850485772,6.20800613981307e-05,0.000447692750467289,7.4975,180.705925006192
"mmu-miR-26a",0.000899237659385776,0.00340620325524915,-6.47333333333334,-88.8520608307068,8.2391088455808e-05,0.0003218401892805,8.31666666666667,318.835103323859,0.841797902126631,0.872686026286156,0.300000000000002,1.23114441334492,0.0506028487766613,0.0968166749553469,3.1225,8.70895730499704
"mmu-miR-139-5p",0.00111415404578247,0.00413671056602402,-4.9675,-31.2871859587275,7.07427069977892e-05,0.000282218246001819,6.64083333333333,99.7906909156489,5.99123105421699e-05,0.000345647945435596,6.245,75.8459373402612,0.0161930420187124,0.0392713526661739,3.1225,8.70895730499703
"mmu-miR-770-3p",0.00509462725955178,0.0156597149371469,-3.5475,-11.6924066055763,2.28548398642512e-05,9.96577319662118e-05,6.42083333333333,85.6768380984191,0.000490560742646532,0.00209045771014147,4.405,21.1854225663264,0.000198053875244704,0.00116404066091798,4.8475,28.790082142025
"mmu-let-7d*",0.000548653346292335,0.00218877664744283,-4.04416666666667,-16.4973988448837,1.92015481291658e-05,8.67539825112912e-05,5.61083333333333,48.8685140965049,0.0011381909115929,0.00410405376776286,3.4425,10.8716574529077,0.00137409427295521,0.00531314649484098,3.365,10.3030530360786
"mmu-miR-18a",0.000383528846161102,0.00167178672335134,-5.88416666666666,-59.0623422850763,7.0272591135563e-05,0.000282218246001819,6.9775,126.019222187189,0.000903508763027463,0.00342238167813433,4.95,30.909962525595,0.107491760826164,0.179152934710273,2.0825,4.23540520475387
"mmu-miR-130b",5.67566001360358e-05,0.000322480682591112,-7.53583333333333,-185.571755280305,0.000111056415218747,0.000420668239464952,7.06916666666667,134.2861463775,0.0129175772305221,0.0272139969744146,3.6125,12.2312504600241,0.00291125669563468,0.010108530193176,4.5275,23.0628675773071
"mmu-miR-31*",0.00268739769895751,0.00917421754815441,-4.18333333333333,-18.168070865134,0.000138018666545327,0.000512445544103936,5.85666666666667,57.947184723734,5.57134103638927e-05,0.000326445763850934,5.915,60.3382102987674,0.00028733073015584,0.00152797433713824,5.0325,32.7290540399131
"mmu-miR-184",0.0147596639887238,0.0393755038049086,-2.08583333333334,-4.24520238245965,0.000472188005346446,0.00143959757727575,3.3325,10.0735480088257,0.0739294642923128,0.115998113429361,1.3525,2.5535423746672,3.43806782127293e-05,0.00027495025585877,3.9975,15.9722981215583
"mmu-miR-669i",0.0475962594281072,0.0959602004598935,-3.215,-9.28563131506977,0.00153344591265673,0.00402127424647745,5.70166666666667,52.0442425178709,0.00027391499876856,0.00133400161737935,6.415,85.3311153338368,0.813815259097359,0.874443329975672,-0.332500000000001,-1.25919350110321
"mmu-miR-134",0.000642449078621373,0.00250956671336474,-5.385,-41.7875131868453,0.000190154661189959,0.000672716961756929,6.13166666666667,70.1157510026166,0.016142385146685,0.0323710932085929,3.1775,9.04737957652687,6.75802666589093e-05,0.000460774545401654,6.28,77.7084726012829
"mmu-miR-32",7.20821800525319e-05,0.000391750978546369,-6.58416666666666,-95.9470581109309,0.000194580607701161,0.000681941382130239,5.97416666666667,62.8641960340895,0.0399050834355268,0.0696018897131281,2.5825,5.98976748270852,0.00378667236623276,0.0127928120480836,3.9025,14.9544194589651
"mmu-let-7b",0.000159573328815932,0.000787368398762822,-5.33833333333334,-40.457445725502,6.28848769482664e-05,0.000262020320617777,5.84166666666667,57.347817082365,0.00354220343968384,0.00983945399912179,3.45,10.9283220540352,0.00309050375717254,0.0106324670544927,3.515,11.4319531179288
"mmu-miR-125b-3p",0.000894503501581505,0.00340620325524915,-5.27416666666666,-38.6974518733944,0.000306510472255915,0.000999490670399724,5.9375,61.2866099647087,0.0082673768524949,0.0190200387710772,3.62,12.2950014503041,0.728725713640292,0.823108863298522,0.424999999999999,1.34257250278026
"mmu-miR-99b*",0.0116656483127974,0.0324045786466594,-2.06666666666666,-4.1891764912825,0.000594750333379889,0.00177009027791634,3.09,8.51496145962687,0.00920013310714951,0.0204144965395329,1.99,3.97236998174814,0.529738823745717,0.64707511043858,-0.432500000000002,-1.34957017868059
"mmu-miR-149",0.00195925181150636,0.00699498829386303,-4.87916666666666,-29.4290010519997,0.000374580588430075,0.00119770949642097,5.91583333333333,60.3730730835223,0.000187036014849715,0.0009478176428195,5.8875,59.1989630415596,0.000131674328552062,0.000851342641500401,6.0975,68.4747410496178
"mmu-miR-199b",0.000429917831140715,0.00177163941404141,-5.485,-44.7867476990463,8.80508425008312e-05,0.000340402741626925,6.445,87.1241034559663,0.00443574917365746,0.011797205249089,3.8075,14.0014079159234,0.0334482345731929,0.0712675452553826,2.68,6.40855902071698
"mmu-miR-126-5p",0.0208155911021518,0.051018605642529,-2.15666666666667,-4.45883454635569,0.000277167931416282,0.000919805082133679,3.88666666666667,14.7911945633818,0.0449208557325314,0.0758798238725193,1.695,3.23776886618964,0.80819148118221,0.871234033859217,-0.1925,-1.14274222250205
"mmu-miR-1952",0.0415898909700888,0.086645606187685,-2.26,-4.78991481847572,0.00013466415351922,0.000504990575697077,5.07,33.5909338759382,0.000339611891267058,0.00159193074031434,4.27,19.2929252430522,0.00512035585373776,0.0159640121095987,3.0575,8.32528695683573
"mmu-miR-339-5p",0.00197082788183929,0.00699498829386303,-4.89833333333333,-29.8225834216665,0.000216366528358911,0.000751272667912885,6.295,78.5206385442434,0.000511060216248121,0.00211368185105717,5.32,39.9465775648516,0.044456799835771,0.0872842928712781,2.6825,6.4196738347298
"mmu-miR-300",0.0303484003866134,0.0684522610620779,-4.27083333333333,-19.3040724928083,0.000855107031995087,0.00237529731109746,7.3375,161.736333345772,0.000581689395865112,0.00234552175752061,7.0975,136.949482099236,0.576519468431306,0.688518473445031,0.95,1.93187265784969
"mmu-miR-155",0.000279176617838117,0.00127672233767432,-4.71416666666667,-26.2485653363225,0.000257418057229421,0.000869655598748043,4.75416666666666,26.9865129521583,0.0294847162652503,0.0526512790450897,2.26,4.78991481847571,0.00824234471732011,0.0225066859159544,2.8475,7.19752053550625
"mmu-miR-33",0.00200907463358069,0.00704114941675476,-4.37083333333333,-20.6895926166688,0.00103769273947052,0.00281981722682206,4.74083333333333,26.7382535828885,0.659140644491423,0.726993357894952,0.495000000000001,1.40932075514202,0.00489427871914284,0.0155538518616827,3.585,12.0003119142865
"mmu-miR-324-3p",0.000246395550400186,0.00115888629570882,-9.36083333333334,-657.493733160427,0.0012774747802999,0.00339753930930824,7.79083333333333,221.449408473124,0.00135333567022085,0.00474299884423196,7.1625,143.260790736397,0.00413508066809862,0.0136022390397981,6.1875,72.8824726244282
"mmu-miR-196a*",0.0110708504925817,0.0309818577217772,-3.79583333333333,-13.8886390704326,0.000155736703661406,0.000572561410519873,6.47916666666666,89.2120488607357,0.00867280749957172,0.0197109261353903,3.6575,12.6187753614289,0.178924425383673,0.265204187821649,1.7225,3.30007771605394
"mmu-let-7d",0.0061853073817069,0.0185897628755266,-6.36916666666667,-82.6628194511384,0.000460662172100656,0.00142767202097311,8.8525,462.24054506864,0.00037823584644559,0.00169928134617485,8.3725,331.416127723437,0.00556839689236266,0.016705190677088,5.99,63.5579197079703
"mmu-miR-2140",0.00041454742085201,0.00174668857100566,-3.41666666666667,-10.6787188333603,0.0325514869476474,0.0557388475130948,1.80666666666667,3.49833068022335,0.000645200144900447,0.00257393674827306,3.0125,8.0696158703232,0.0818754974141783,0.142806100141009,1.3275,2.50967404508108
"mmu-miR-346",0.00473116841257921,0.01478490128931,-5.3625,-41.1408586636184,0.000265010675980844,0.000887312531185862,7.59916666666667,193.89968730868,0.000993206922479837,0.00370534536228491,6.08,67.6491545959284,0.0043491871835291,0.0141821321202036,5.025,32.559350147286
"mmu-miR-467e*",0.0451454403009742,0.0915110276371098,-2.86,-7.26015324253728,0.0032824978925905,0.00789061993411177,4.53666666666667,23.2098720866524,0.000150297646176098,0.000816835033565752,5.99,63.5579197079703,0.033290145870919,0.0712675452553826,2.8375,7.14780362956521
"mmu-miR-296-3p",0.00387928531553237,0.012760806958988,-3.69833333333333,-12.9810333983387,0.000168917141978998,0.00060907623309735,5.335,40.3640770825999,0.00729567943197165,0.0174259859043909,3.12,8.69387890020848,0.0309260143837311,0.0670361583462379,2.405,5.29635564158159
"mmu-miR-1895",0.0205307385380597,0.0506514931037658,-3.32166666666667,-9.99818808183126,0.00880332921442819,0.0180396090459594,3.85166666666667,14.4366756736812,0.0176202798034664,0.0346473791364151,3.165,8.96932862422808,0.346235521858899,0.460160363219712,-1.1625,-2.2384498552562
"mmu-miR-760",0.0246768684596733,0.0585685169137816,-2.98,-7.88986163594685,0.000529377469818557,0.00160093992888677,5.18,36.2522843294655,0.000512920129189873,0.00211368185105717,4.8125,28.1000345659728,0.0373158704676821,0.0765275603840959,2.5275,5.76571689432678
"mmu-miR-342-3p",0.0106009876564869,0.0300586259637472,-3.92166666666667,-15.1544193107185,0.00037724390247866,0.00119770949642097,6.065,66.9494361467219,0.00173211317836317,0.00585173371068638,4.7075,26.1275510270422,0.00154529702323072,0.00585339781526789,4.775,27.3790408218433
"mmu-miR-194",0.00197725002439862,0.00699498829386303,-5.34833333333333,-40.7388495144127,0.000299439777696086,0.000984999268737124,6.64833333333333,100.310813971537,0.00905570940268809,0.020227619907042,3.985,15.8345065026433,0.00722168173962428,0.0205161413057508,4.13,17.5086992201718
"mmu-miR-151-3p",0.0182721931747338,0.0466127376906475,-2.44833333333333,-5.45785222547588,0.000690059081118548,0.00197535996503401,3.89833333333333,14.9112917108333,0.01581672838529,0.0318885652929234,2.3275,5.01934809016217,0.665890059996891,0.770706087959364,0.380000000000001,1.30134185544193
"mmu-miR-1197",0.00287701259124845,0.0097196371325961,-2.98583333333333,-7.92182775717101,0.00103440780433196,0.00281981722682206,3.39583333333334,10.5256201626691,0.00145364182927995,0.00500106133926588,3.0175,8.09763154719326,0.0883707607172501,0.15201392325215,1.43,2.69446715373138
"mmu-miR-876-3p",0.0296174894321905,0.0681383959329536,-1.97833333333333,-3.94037608660603,0.000765269886907706,0.00217406217871507,3.425,10.7405800222421,0.00703998959668047,0.0169230519150973,2.3675,5.16046117229544,0.581100585136968,0.689597213374566,0.4325,1.34957017868059
"mmu-miR-218",0.00313789759052066,0.0105063535396897,-5.365,-41.2122121443144,0.00798066169543288,0.0166263785321518,4.68166666666666,25.663867025854,0.00363657128269013,0.0100112139230471,4.8675,29.1919767118399,0.000320270445774112,0.00166807523840683,6.515,91.4556249434299
"mmu-miR-10b",0.0286892458656347,0.066410291355636,-3.655,-12.5969276251073,0.000331863248324544,0.00107283377691124,6.89166666666667,118.740366968488,0.00583848024039352,0.0147124854314034,4.47,22.1617514897748,0.170851583837735,0.259390056433809,2.02,4.05583791916012
"mmu-miR-130b*",0.0272067782384728,0.0637658864964205,-2.12333333333333,-4.35699462457045,0.00427188880788169,0.00975709209048156,2.90333333333333,7.48152998280255,0.000269327028401109,0.0013289162585581,3.7475,13.431048233782,0.0146352544943479,0.0361067133906609,2.2125,4.63477723784911
"mmu-miR-1899",0.00567971103560365,0.0173161921817185,-2.81416666666667,-7.03312893928014,0.000851309625727532,0.00237529731109746,3.60416666666667,12.1608036411929,0.00196188895917961,0.00656882464011029,3.015,8.08361157189413,0.0723702893440106,0.1311055966377,1.5725,2.97419656824531
"mmu-miR-152",0.00461279336700922,0.0145361135514996,-2.97666666666667,-7.8716532280649,0.000470494766405681,0.00143959757727575,3.95333333333333,15.4907311357261,0.031394893357458,0.0555334198539941,1.9775,3.93810069334966,0.00483151531201302,0.0154856260000417,2.7375,6.66913660341088
"mmu-miR-30e*",0.00339774278608863,0.0112756950865773,-5.37666666666667,-41.5468348211705,0.000661253247636901,0.00192224781289797,6.58666666666667,96.1134658326253,0.00460312257680519,0.0121561335655067,4.77,27.2843165365746,0.00689252190424809,0.019730501634298,4.4925,22.510091250028
"mmu-miR-99b",0.0120540635185387,0.0332373074959707,-2.4525,-5.47363790526043,0.000446479638311102,0.00139524886972219,3.80583333333333,13.9852421947066,0.00801609547112216,0.0186710298240423,2.4275,5.37960408226802,0.00833638787090233,0.0225066859159544,2.4125,5.32396098889497
"mmu-miR-1954",0.00668926405273177,0.0197517639352316,-2.93416666666667,-7.64314641095665,0.000797404849315683,0.00224832194355926,3.88083333333334,14.7315092062955,0.00296321418000443,0.00881522391675264,3.0525,8.29648365208252,0.0359277825550376,0.0744360135808791,2,4
"mmu-miR-139-3p",0.00434169377474839,0.0137977556400902,-3.81,-14.0256915410565,0.000607323792974998,0.00179327891626476,4.87666666666666,29.378048638887,0.0237551606873193,0.0443193296405211,2.6575,6.30938768071442,0.0249066522726788,0.055266240250027,2.6325,6.20099617681377
"mmu-miR-540-3p",0.0302195715709501,0.0684522610620779,-2.7975,-6.95234656342809,0.00117724262953253,0.00317601428830718,4.62416666666667,24.6611242677054,0.00431171523266751,0.0115492372303594,3.615,12.2524639767551,0.233460148423426,0.328523736209385,1.35,2.54912125463853
"mmu-miR-146b",0.00981063811242389,0.028299917631992,-4.62333333333333,-24.6468835570168,0.000638182632397847,0.00186967568085307,6.66333333333333,101.359207075804,0.161937302518366,0.225749027674302,2.145,4.42292261328108,0.0542229451186465,0.102694971815618,3.0375,8.2106702711234
"mmu-miR-1898",0.0130267194796841,0.035398694238272,-2.87833333333333,-7.35300177573225,0.0112400822203563,0.0221843728033348,2.95166666666667,7.73642293714741,0.000690681983585551,0.0027263762509956,3.9925,15.9170381680228,0.123596402825259,0.200643511079967,1.5525,2.93324992519544
"mmu-miR-497",0.0189532085271113,0.0477010281722601,-3.21416666666667,-9.28026927286589,0.00407660112346224,0.00957589676124319,4.12083333333333,17.3978042644165,0.789486864332157,0.841072653762951,-0.31,-1.23970769993899,0.166348080360767,0.253579390793852,1.655,3.14923190627681
"mmu-miR-711",0.0353848506804008,0.0758246800294303,-4.04333333333333,-16.4878723252687,0.0056567868189612,0.0122715839595153,5.61333333333333,48.9532701927677,0.00865471415138898,0.0197109261353903,4.8675,29.1919767118399,0.935057926129736,0.952844354072422,0.135000000000002,1.09809281378705
"mmu-miR-92a*",0.0442558326814618,0.0905330044904269,-3.595,-12.0837806845026,0.00375351250984438,0.00890865310880787,5.57166666666666,47.5596656161965,0.00251798303782412,0.00816403918337247,5.445,43.5620517279832,0.370817789334353,0.486212136364974,1.405,2.64817782079079
"mmu-miR-150",0.00495510345169287,0.0153567255734283,-5.41583333333334,-42.6902093784297,0.002396962038436,0.00607338354333447,5.98583333333333,63.3746220573681,0.0771782301320718,0.120590984581362,2.9125,7.52921783604055,0.45744020221777,0.575637838361288,1.175,2.25792880961226
"mmu-miR-350",0.0152266729588717,0.0396527941637285,-5.615,-49.0098559070203,0.00164645922559996,0.00425808420413782,7.79833333333333,222.603633802188,0.00659062049770104,0.016367435010847,5.9675,62.5743719174549,0.227323720976565,0.324130780860121,2.405,5.29635564158159
"mmu-miR-1983",0.0443620343352287,0.0905330044904269,-3.03083333333333,-8.17281644639593,0.00143051039121303,0.00377775631482315,5.33083333333333,40.2476692370952,0.00299794905959082,0.00881522391675264,4.4875,22.4322122505822,0.0180682108548906,0.042883411839139,3.385,10.4468782967113
"mmu-miR-301b",0.00261492304843546,0.00907959391817869,-5.31583333333333,-39.8313737656888,0.00476652253696057,0.010639559234287,4.8925,29.7022434766316,0.181115452911203,0.248784962790115,1.9375,3.8304131227943,0.0119153752462885,0.0308156256369529,3.925,15.1894739352083
"mmu-miR-210",0.0301433247665414,0.0684522610620779,-3.89583333333333,-14.8854747864343,0.0139190634855214,0.0264855295393586,4.51916666666667,22.9300352345098,0.83696050132143,0.872686026286156,-0.317499999999997,-1.24616923008156,0.0373454494674388,0.0765275603840959,3.4425,10.8716574529077
"mmu-miR-670",0.0066488786665104,0.0197517639352316,-3.83416666666666,-14.2626155211373,0.00573221586969235,0.0123180312276488,3.92083333333333,15.1456683025035,0.013759153644585,0.0283499044874691,3.1525,8.89195101066821,0.198649137683324,0.287619407842651,1.53,2.88785839104499
"mmu-miR-187",0.0106521137485234,0.0300586259637472,-6.29,-78.2489777722924,0.0426300578940948,0.0707357155322369,4.79666666666667,27.7933275606955,0.00283176397160937,0.00863342674271148,7.09,136.23938335403,0.00787272905987888,0.0220318910257804,6.115,69.3104029136591
"mmu-miR-181b",0.0200788667002117,0.0498647351826448,-4.4275,-21.5184163290721,0.064010371179907,0.0983765950510866,3.41416666666667,10.6602300476706,0.00318648886004395,0.00915935819983994,5.4975,45.1764812515481,0.0054869611327971,0.016705190677088,5.09,34.0598458385075
"mmu-miR-345-5p",0.0172256676832486,0.0442440094603989,-4.11166666666667,-17.2876116847234,0.0121312826163713,0.0238179632520379,4.375,20.7494328744161,0.00268116651081569,0.00837864534629904,5.0775,33.7660145274236,0.0225337831412405,0.0518045013448218,3.6175,12.273714285578
"mmu-miR-879*",0.0131855211742109,0.0355724492110005,-3.74583333333333,-13.4155410374558,0.00409031653055586,0.00957589676124319,4.49583333333333,22.5621607341714,0.00940924464198604,0.020634308425408,3.67,12.7285837400787,0.0439615998306774,0.0867663154552844,2.7225,6.60015543210788
"mmu-miR-511",0.036251918640495,0.07680491237393,-3.42333333333333,-10.7281791820275,0.00247114935539916,0.00617787338849789,5.36333333333333,41.1646294200448,0.0648450158399644,0.104814141982701,2.75,6.72717132202972,0.314106364883471,0.426988007509855,1.4425,2.71791436322691
"mmu-miR-872*",0.0382149805922142,0.0800593168831303,-3.52083333333333,-11.478270178488,0.00574841457290276,0.0123180312276488,4.96083333333333,31.1429419915008,0.0136195581840223,0.0282173166796043,3.9975,15.9722981215583,0.00680293323751326,0.0196238458774421,4.4775,22.2772616421039
"mmu-miR-181a",0.0106607926751423,0.0300586259637472,-5.31583333333334,-39.8313737656889,0.00892553868968245,0.0181849780679309,5.4725,44.4003763438148,0.0166794491712381,0.0332701778681611,4.5525,23.4659994015635,0.109704170808472,0.182031256872464,2.8875,7.39987038019495
"mmu-miR-151-5p",0.0374906938837675,0.0789832034068135,-3.42166666666667,-10.7157926595534,0.00421503029009464,0.00969715557537111,5.02166666666666,32.4842089147512,0.016819440002314,0.033371904766496,3.725,13.2232050904674,0.0500493498505887,0.0965269365609918,2.96,7.78123957929828
"mmu-miR-542-3p",0.0090794950978751,0.0263938810984741,-5.53083333333333,-46.232431445116,0.357895820173004,0.441483330805515,1.7675,3.40463467004009,0.292860676482465,0.377397778972249,1.88,3.6807506024995,0.703475090539072,0.799403511976218,-0.67,-1.59107296750984
"mmu-miR-183*",0.0228435187716368,0.0549123047395116,-5.04416666666667,-32.9947976897674,0.0494240742065522,0.0785340162180384,4.26083333333333,19.1707295239805,0.00586136789960422,0.0147124854314034,5.8875,59.1989630415596,0.0128702864426098,0.0326105230809371,5.19,36.5044389077896
"mmu-miR-135a*",0.0126111759002502,0.0345196420627287,-4.9975,-31.9445962431165,0.0126111759002502,0.0246312029301762,4.9975,31.9445962431165,0.0199801606087714,0.0384233857860989,4.2575,19.126486864391,0.0227356829125852,0.0518045013448218,4.1525,17.7839020213364
"mmu-miR-669m",0.0335454442500654,0.0727141132588124,-3.1175,-8.67882660167841,0.00701359078248285,0.0148593025052603,4.14083333333333,17.6406685614365,0.0244681302623066,0.04497818062924,3.0825,8.47081040950773,0.0233043814633782,0.0526454400528122,3.1125,8.6488001426741
"mmu-miR-21*",0.00619658762517554,0.0185897628755266,-7.64416666666666,-200.043045868158,0.118364560995411,0.167497020276525,4.01083333333333,16.1205977345137,0.124305252505286,0.181379259492149,3.65,12.553345566348,0.658159369660299,0.766489949138547,1.015,2.02090289297353
"mmu-miR-322",0.0226808951159763,0.054873133345104,-3.80416666666667,-13.9690951380803,0.00943023148025679,0.0190125634682597,4.4475,21.8188022269312,0.247761440013554,0.329470000018024,1.6775,3.19873172526541,0.131863665854058,0.207704885276089,2.22,4.65893434587383
"mmu-miR-2133",0.03181633900525,0.0710186138510044,-1.6675,-3.17663647127745,0.0134864583351239,0.0258031728350585,1.9675,3.91089824484093,0.0189686973347876,0.0366662963945636,1.7125,3.27728241417216,0.124459312866413,0.201173458297004,1.065,2.09216987958506
"mmu-miR-337-3p",0.0329507287374708,0.0722603700383132,-3.38583333333333,-10.4529143933674,0.268099313353792,0.344305625026274,1.66583333333333,3.17296879586152,0.783897290253526,0.839889953843064,0.375,1.29683955465101,0.0268597405388253,0.0592494276591735,3.2725,9.66319315916695
"mmu-miR-20b*",0.032250252500422,0.0715612111695754,-2.41083333333333,-5.31781405926962,0.0165435805847586,0.0308648891506691,2.75083333333333,6.73105821102837,0.12714369326762,0.184801879749448,1.5325,2.89286700668044,0.484152429646822,0.601182652707146,0.682499999999999,1.60491845868245
"mmu-miR-296-5p",0.0334214539947179,0.0727141132588124,-3.56416666666667,-11.8282658261156,0.0108027939003457,0.0215481261310087,4.41416666666667,21.3204600953412,0.0421231052353852,0.0724594700149976,3.1325,8.76953289347378,0.0844315392259935,0.146582533378461,2.61,6.10503683584224
"mmu-let-7a*",0.0148520283385048,0.0393755038049086,-4.2175,-18.6034720752659,0.910125807102832,0.936965076659399,0.177499999999998,1.13092244706586,0.679733924629675,0.743149334507663,0.602500000000001,1.51834538020759,0.684735137139636,0.790079004391888,0.592499999999999,1.50785740256565
"mmu-miR-125a-5p",0.0150964844778466,0.0395886830712761,-6.8675,-116.76790684736,0.0804004024684064,0.119209260414353,4.71416666666667,26.2485653363225,0.163924151848586,0.227672433123036,3.4125,10.64792197779,0.225358021237089,0.322554419709574,2.95,7.72749063139876
"mmu-miR-2136",0.0187180022888167,0.0474273706642316,-2.1375,-4.39998925311287,0.26374983556284,0.343424265055781,0.947500000000002,1.9285278765039,0.145049019026802,0.206035538390344,1.16,2.23457427614444,0.438020078898579,0.558699080227779,0.602500000000001,1.51834538020759
"mmu-miR-1934",0.0423179371615236,0.0876752841744273,-3.85166666666667,-14.4366756736812,0.579530631545336,0.656567936040788,0.988333333333331,1.98389178485935,0.0738225224893556,0.115998113429361,3.0925,8.52972955533203,0.346210573897603,0.460160363219712,1.57,2.9690471412581
"mmu-miR-539",0.0328876743074148,0.0722603700383132,-6.31833333333333,-79.8009122295102,0.155297036615324,0.214894423360688,4.03833333333333,16.4308286204956,0.158833322163252,0.22224811869858,3.705,13.041157318442,0.430664177998236,0.553078995716913,2.0275,4.0769775143803
