"","KO.1","KO.2","KO.3","KO.4","WT.1","WT.2","WT.3","WT.4"
"mmu-let-7a",37.06,36.79,36.28,34.87,32.85,32.64,33.09,31.01
"mmu-let-7b",30.15,29.77,30.47,29.12,28.15,26.13,28.4,28.01
"mmu-let-7c",30.3,29.57,31,29.24,28.22,27.96,28.43,27.86
"mmu-let-7d",32.56,32.93,32.13,30.72,30.37,29.43,30.45,29.64
"mmu-let-7e",31.7,31.75,32.24,30.5,30.7,29.3,29.91,28.9
"mmu-let-7f",35.79,32.65,37.17,32.17,32.13,27.99,30.53,30.21
"mmu-let-7g",40,40,40,40,40,40,40,40
"mmu-let-7i",32.89,31.63,32.31,31.11,29.47,29.66,29.73,29.57
"mmu-miR-1",40,34.16,32.77,31.79,30.58,26.24,30.71,29.85
"mmu-miR-1-2-as",40,36.78,39.21,35.75,33.93,40,40,34.76
"mmu-miR-7a",40,34.16,32.49,35.32,35.49,32.17,35.22,29.57
"mmu-miR-7b",40,27.99,33.24,32.79,34.94,30.55,31.67,31.26
"mmu-miR-9",40,36.2,37.2,32.41,31.44,40,29.12,38.51
"mmu-miR-10a",29.19,29.41,28.44,28.28,28.1,27.58,28.38,27.35
"mmu-miR-10b",31.06,29.76,27.89,28.6,28.13,27.56,28.17,27.44
"mmu-miR-15a",31.62,30.05,29.39,30.09,28.62,28.01,29.24,29.1
"mmu-miR-15b",25.58,24.86,24.26,24.02,23.82,23.34,24,24.13
"mmu-miR-16",24.38,23.15,22.49,23.26,23.19,22.77,23.15,23.15
"mmu-miR-17",28.19,27.08,27.09,25.85,25.72,25.32,25.88,25.67
"mmu-miR-18a",37.45,33.15,36.16,32.2,32.2,33.14,32.81,32.3
"mmu-miR-18b",37.55,35.89,33.68,32.95,33.41,32.91,31.34,31.17
"mmu-miR-19a",30.07,26.8,26.45,26.64,25.8,25.28,26.03,26.43
"mmu-miR-19b",28.85,26.67,26.58,26.6,26.02,25.38,26.29,26.3
"mmu-miR-20a",29.28,28.07,27.28,26.1,25.84,25.36,25.94,25.62
"mmu-miR-20b",29,27.71,27.13,26.08,26.34,25.82,26.03,25.88
"mmu-miR-21",27.67,27.2,26.69,26.78,25.31,24.67,25.85,25.35
"mmu-miR-22",30.17,28.49,27.22,27.76,26.76,26.35,27.35,27.2
"mmu-miR-23a",24.15,23.13,22.21,23.04,22.27,22.1,22.47,22.74
"mmu-miR-23b",24.82,23.23,22.36,23.11,22.78,22.33,22.64,22.62
"mmu-miR-24",27.33,27.06,26.22,26.19,25.09,25.2,25.77,25.72
"mmu-miR-25",25.13,24.64,24.09,24,23.65,23.22,23.61,23.45
"mmu-miR-26a",30.26,31.01,29.65,29.23,28.01,27.44,28.53,27.93
"mmu-miR-26b",40,35.13,32.89,31.64,33.69,31.83,34.13,29.96
"mmu-miR-27a",29.63,27.41,26.67,27.13,26.27,25.84,26.67,26.21
"mmu-miR-27b",29.54,27.28,26.38,26.77,25.45,25.25,26.04,25.71
"mmu-miR-28",38.46,32.4,32.2,31.09,30.29,29.77,31.18,29.95
"mmu-miR-29a",31.3,31.29,30.46,30.49,29.09,28.85,29.66,29.19
"mmu-miR-29b",36.41,32.84,35.83,37.76,34.66,30.83,33.34,31.45
"mmu-miR-29c",32.79,31.34,31.55,31.05,29.56,29.23,29.89,29.56
"mmu-miR-30a",27.6,26.74,26.33,25.97,25.81,25.62,26.05,26.42
"mmu-miR-30b",31.48,28.99,28.46,28.44,28.08,27.31,27.21,27.31
"mmu-miR-30c",28.16,27.81,27.39,26.79,26.46,26.4,26.63,26.55
"mmu-miR-30d",27.69,26.24,25.48,26.01,25.32,25.22,25.29,25.59
"mmu-miR-30e",29.61,27.62,27.52,27.02,27.14,25.89,27,26.41
"mmu-miR-31",34.26,31.61,31.02,31.01,30.13,30.24,29.85,29.62
"mmu-miR-32",40,39.78,37.15,33.43,37.51,34.51,33.01,31.07
"mmu-miR-33",40,36.12,33.43,32.84,33.19,32.85,33.4,33.21
"mmu-miR-34a",35.03,32.11,32.55,31.17,31.43,29.58,30.16,30.96
"mmu-miR-34b-3p",40.3,30.94,30.31,29.46,29.31,29.58,28.34,28.29
"mmu-miR-34b-5p",38.12,31.97,30.43,32.98,34.55,33.2,32.91,32.89
"mmu-miR-34c",34.78,33.86,32.96,32.44,32.58,32.51,33.12,31.56
"mmu-miR-92a",26.03,25.45,25.61,25.06,24.68,24.4,24.77,24.39
"mmu-miR-92b",28.58,27.39,27.12,26.08,25.94,25.84,25.44,25.08
"mmu-miR-93",28.55,27.5,27.08,26.26,26.04,25.5,26.34,26.46
"mmu-miR-96",39.28,36.06,36.22,35.64,36.08,36.58,30.97,31.57
"mmu-miR-98",40,40,40,39.84,35.53,32.56,30.42,30.76
"mmu-miR-99a",30.13,29.04,28.74,28.37,27.07,26.85,27.11,26.72
"mmu-miR-99b",29.2,28.78,28.19,28.87,28.09,25.21,27.27,28.02
"mmu-miR-100",32.73,29.38,29.35,28.88,27.42,27.23,27.59,27.12
"mmu-miR-101a",40,36.34,34.3,33.24,32.17,31.7,31.88,32.01
"mmu-miR-101b",38.72,32.82,30.45,32.05,31.69,30.5,30.62,29.32
"mmu-miR-103",33.04,34.2,35.28,30.9,31.19,30.28,30.78,31.21
"mmu-miR-105",34.3,33.49,31.4,30.65,34.65,40,26.65,29.09
"mmu-miR-106a",28.81,27.68,26.97,26.21,26.1,26.1,26.71,26.3
"mmu-miR-106b",33.74,32.07,31.28,31.12,30.92,40,29.94,29.22
"mmu-miR-107",38.91,31.64,32.34,30.11,31.09,30.63,30.6,32.2
"mmu-miR-122",33.07,32.43,30.47,32.37,30.67,30.52,31.22,30.93
"mmu-miR-124",32.59,30.37,30.92,29.73,29.26,29.39,29.32,29.45
"mmu-miR-125a-3p",34.75,29.08,28.33,27.68,26.66,24.18,26.36,26.3
"mmu-miR-125a-5p",37.63,32.12,32.01,31.07,31.88,32.59,34.45,35.47
"mmu-miR-125b-3p",31.08,29.57,22.29,27.64,27.34,28.07,26.47,27
"mmu-miR-125b-5p",39.17,34.3,32.53,28.56,30.64,32.08,28.02,33.94
"mmu-miR-126-3p",31.21,28.3,27.84,28.15,27.32,26.99,27.83,27.47
"mmu-miR-126-5p",27.78,27.19,25.78,26.17,25.81,25.4,26.39,23.14
"mmu-miR-127",37.36,31.99,32,29.86,28.04,27.61,25.77,26.61
"mmu-miR-128",31.32,33.34,33.48,31.7,30.13,30.3,30.41,29.11
"mmu-miR-129-3p",36.26,35.04,33.72,33.07,32.73,28.59,26.14,31.23
"mmu-miR-129-5p",31.09,29.27,29.19,28.73,28.7,27.81,27.23,27.64
"mmu-miR-130a",31.65,29.62,29.51,30,29.15,28.71,28.78,28.83
"mmu-miR-130b",34.05,30.11,30.65,29.47,29.47,28.75,28.21,28.01
"mmu-miR-132",28.01,20.71,27.33,28.04,24.31,28.13,27.99,28.07
"mmu-miR-133a",26.1,25.97,25.66,25.42,24.2,23.74,24.52,25.3
"mmu-miR-133b",27,26.72,26.57,26.6,25.16,26.28,25.17,25.09
"mmu-miR-134",32.87,31.63,29.98,28.05,28.08,28.16,27.25,26.96
"mmu-miR-135a",40,40,40,40,40,40,40,40
"mmu-miR-135b",33.64,28.49,22.03,24.81,21.07,23.04,17.96,21.71
"mmu-miR-136",40,34.25,40,32.83,33.4,30.13,32.29,30.13
"mmu-miR-137",40,40,33.99,32.83,36.16,36.38,33.87,34.13
"mmu-miR-138",34.54,31,30.66,30.35,29.02,29.4,24.56,28.07
"mmu-miR-139-3p",31.93,26.87,28.25,24.4,24.27,24.06,23.04,24.11
"mmu-miR-139-5p",30.55,28.94,28.25,28.31,28.05,27.72,28.17,27.96
"mmu-miR-140",34.07,33.75,33.08,33.48,31.17,30.04,30.49,30.76
"mmu-miR-141",39.81,33.17,32.47,33.06,31.12,31.69,31.53,24.06
"mmu-miR-142-3p",40.38,31.43,30.56,30.92,31.29,31.12,31.02,30.56
"mmu-miR-142-5p",40,33.95,35.46,33.43,31.43,31.74,33.04,34.21
"mmu-miR-143",34.27,30.69,30.5,29.88,30.36,30.04,30.39,30.17
"mmu-miR-144",40,31.12,32.29,32.82,33.22,32.82,33.26,33.95
"mmu-miR-145",26.02,25.36,24.86,25.11,24.79,24.69,24.76,25.05
"mmu-miR-146a",38.1,33.98,31.39,32.58,30.73,29.9,31.48,30.23
"mmu-miR-146b",36.69,33.38,32,34.99,31.71,31.08,30.73,29.44
"mmu-miR-147",40,33.19,33.74,32.9,31.4,32.36,31.53,31.6
"mmu-miR-148a",31.04,29.8,28.91,28.53,26.41,25.87,26.38,25.42
"mmu-miR-148b",32.49,30.16,29.08,29.17,26.84,26.29,27.22,26.86
"mmu-miR-149",33.34,30.67,30.42,29.9,29.65,28.5,28.54,28.43
"mmu-miR-150",28.44,30.38,29.13,29.4,28.39,27.9,28.93,28.56
"mmu-miR-151-3p",33.32,31.76,32.28,31.7,30.83,29.99,30.06,30.82
"mmu-miR-151-5p",32.06,30.86,30.9,30.58,29.72,28.07,29.49,27.51
"mmu-miR-152",27.28,27.21,27.2,26.65,26.49,26.49,26.35,26.37
"mmu-miR-153",26.11,31.4,33,31.24,32.64,31.21,30.62,30.79
"mmu-miR-154",30.61,28.83,30.6,28.23,29.71,29.17,29.37,29.12
"mmu-miR-155",33.53,29.37,29.26,28.83,28.88,28.41,27.93,28.8
"mmu-miR-181a",32.26,35.2,35,33.67,33.84,29.91,33.11,33.33
"mmu-miR-181b",26.19,27.37,28.18,28.98,27.02,27.31,27.31,28
"mmu-miR-181c",34.06,32.3,31.18,32.12,31.27,31.67,31.9,32.34
"mmu-miR-181d",34.87,30.71,31.75,32.15,30.3,31.49,32.34,32.02
"mmu-miR-182",39.03,23.5,31.55,30.5,30.23,29.32,26.19,27.71
"mmu-miR-183",40,33.84,39.43,40,26.47,32.75,23.13,28.71
"mmu-miR-184",33.79,30.39,28.69,28.8,29.3,28.39,28.34,28.44
"mmu-miR-185",31.28,33.85,32.69,30.39,31,30.81,30.17,29.41
"mmu-miR-186",27.73,26.32,25.71,24.37,24.02,24.2,21.79,24.05
"mmu-miR-187",31.07,29.06,29.41,30.08,29.54,28.04,30.01,30.27
"mmu-miR-188-3p",35.08,31.23,31.14,29.73,30.44,29.35,29.84,29.72
"mmu-miR-188-5p",29.78,27.94,26.77,25.88,24.84,24.22,24.46,24.03
"mmu-miR-190",29.76,28.03,26.58,26.56,27.74,27.55,26.19,26.9
"mmu-miR-190b",28.48,24.01,23.11,22.55,32.03,20.67,21.25,21.11
"mmu-miR-191",40,40,33.97,34.18,34.11,33.66,33.38,32.52
"mmu-miR-192",32.57,29.62,40,28.83,28.39,28.55,28.68,28.68
"mmu-miR-193",26.54,31.03,29.74,30.26,28.43,30.17,29.85,28.85
"mmu-miR-193b",27.21,26.37,25.88,26.11,25.04,25.43,24.6,25.22
"mmu-miR-194",40,32.53,40.75,32.63,29.17,28.63,32.71,34.02
"mmu-miR-195",39.79,31.65,32.03,32.78,31.38,31.98,31.48,31.82
"mmu-miR-196a",35.47,40,33.97,34.15,32.33,31.9,30.87,28.26
"mmu-miR-196b",29.36,26.1,27.61,29.22,28.95,29.62,28.05,28.91
"mmu-miR-197",31.79,28.73,28.45,28.09,25.43,28.03,27.83,27.79
"mmu-miR-199a-3p",35.03,22.05,31.47,29.75,28.89,30.95,24.47,28.2
"mmu-miR-199a-5p",40.3,29.25,32.27,31,31.07,31.61,31.97,29.84
"mmu-miR-199b",35.92,32.6,31.3,37.23,31.19,31.53,30.24,30.51
"mmu-miR-200a",38.34,33.6,32.1,29.29,30.15,30.68,30.09,29.37
"mmu-miR-200b",29.59,29.13,27.51,27.61,27.71,28.31,24.38,28.21
"mmu-miR-200c",40,40,40,40,40,40,40,40
"mmu-miR-201",29.01,27.51,26.61,25.86,25.7,25.29,24.67,25.39
"mmu-miR-202-3p",40,40,40,34.71,33.08,33.65,34.24,34.83
"mmu-miR-202-5p",40,31.22,31.23,33.14,28.84,33.32,34.27,32.95
"mmu-miR-203",31.46,29.73,30.05,29.37,29.56,28.17,29.03,28.43
"mmu-miR-204",32.92,26.4,31.68,30.39,28.28,30.78,30.56,30.67
"mmu-miR-205",29.57,28.19,27.88,28.11,27.19,26.63,26.99,26.94
"mmu-miR-206",29.33,28.11,27.35,27.3,24.61,26.71,26.88,26.95
"mmu-miR-207",29.51,28,27.89,26.16,26.1,26.03,26.06,25.4
"mmu-miR-208a",40,40,36.5,30.02,31.87,31.2,31.78,23.56
"mmu-miR-208b",40,35.75,34.3,28.33,36.32,33.01,33.76,32.79
"mmu-miR-210",27.38,29.71,30.47,29.24,27.96,27.72,27.11,27.15
"mmu-miR-211",31.71,28.75,30,29.63,29.52,29.4,29.05,28.98
"mmu-miR-212",25.84,25.68,25.26,23.12,23.1,22.54,22.14,22.54
"mmu-miR-214",29.55,27.92,28.04,27.84,27,27.29,26.41,24.28
"mmu-miR-215",29.69,34.2,27.88,28.68,28.29,27.52,28.11,28.23
"mmu-miR-216a",32.42,31.6,32.01,32.66,30.8,30.7,30.45,31.82
"mmu-miR-216b",34.23,30.15,24.42,31.36,31.67,31.48,30.95,27.56
"mmu-miR-217",32.11,31.92,31.73,30.42,29.28,29.26,29.29,29.23
"mmu-miR-218",25.29,29.83,31.63,25.22,29.61,31.46,31.7,31.71
"mmu-miR-219",33.79,32.47,33.16,33.12,32.1,31.33,36.11,34.4
"mmu-miR-220",35.1,32.17,32.16,31.54,31.72,30.24,31.88,31.59
"mmu-miR-221",29.31,24.45,26.93,25.67,26.01,25.62,24.29,26.12
"mmu-miR-222",28.16,27.01,26.68,25.34,26.48,26.07,25.25,26.56
"mmu-miR-223",24.47,24.3,23.31,23.65,23.26,22.92,23.19,23.44
"mmu-miR-224",35.4,29.46,32.22,31.92,35.24,28,31.75,30.01
"mmu-miR-290-3p",40.88,31.75,33.23,33.14,31.89,31.65,31.34,26.99
"mmu-miR-290-5p",37.56,33.24,33.36,35.83,32.15,33.36,34.07,33.28
"mmu-miR-291a-3p",32.2,28.85,31.19,31.48,31.34,31.45,29.5,30.92
"mmu-miR-291a-5p",30.56,27.52,26.58,25.88,25.1,24.33,24.18,23.8
"mmu-miR-291b-3p",36,35.92,34.45,34.83,33.22,30.01,30.69,31.8
"mmu-miR-291b-5p",28.02,25.04,25.37,26.5,25.33,25.25,25.97,25.26
"mmu-miR-292-3p",31.1,32.28,32.41,31.66,31.63,31.21,32.4,32.24
"mmu-miR-292-5p",40,37.78,34.57,40.26,32.29,33.26,32.42,34.35
"mmu-miR-293",33.54,32.57,33.19,31.73,29.06,23.29,29.91,37.26
"mmu-miR-294",33.51,32.03,30.58,31.37,28.61,26.11,29.98,23.53
"mmu-miR-295",40,35.61,29.24,36.61,24.93,31.36,25.9,17.09
"mmu-miR-296-3p",37.13,33.12,31.36,31.62,30.21,30.07,30.65,28.98
"mmu-miR-296-5p",29.6,27.97,28.01,27.91,27.3,27.53,26.2,26.75
"mmu-miR-297a",31.36,30.69,30.1,29.41,29.21,29.23,29.19,28.15
"mmu-miR-297b-3p",31.05,28.7,28.01,28.14,26.87,27.53,27.13,27.39
"mmu-miR-297b-5p",35.43,37.52,34.24,34.51,34.56,35.15,35.96,35.4
"mmu-miR-297c",32.99,31.37,32.61,30.79,29.33,27.27,30.01,28.83
"mmu-miR-298",40,35.59,30.99,31.97,26.14,31.15,31.68,31.19
"mmu-miR-299",32.51,31.05,28.23,28.61,28.28,27.35,25.78,27.04
"mmu-miR-300",31.13,30.38,28.9,29.99,29.65,28.68,27.53,23.75
"mmu-miR-301a",24.32,20.83,20.84,21.09,22.95,22.02,18.49,22.25
"mmu-miR-301b",34.24,30.66,24,29.98,29.3,23.71,28.24,28.66
"mmu-miR-302a",36.66,29.05,30.15,29.2,28.65,28.27,28.14,27.73
"mmu-miR-302b",35.41,32.22,32.24,30.18,28.95,29.03,29.01,23.53
"mmu-miR-302c",30.15,29.87,28.52,29.33,30.04,29.34,25.19,29.82
"mmu-miR-302d",33.82,30.84,29.13,31.9,30.92,30.54,29.93,27.24
"mmu-miR-320",34.05,31.48,30.64,31.57,22.32,26.52,18.17,25.87
"mmu-miR-322",32.61,29.23,28.81,26.41,26.09,25.17,21.92,24.56
"mmu-miR-323-3p",29.43,29.05,28.23,25.73,24.47,23.14,23.02,24.1
"mmu-miR-323-5p",31.87,31.25,30.12,29.09,28,27.39,26.75,26.5
"mmu-miR-324-3p",40,40,35.08,40,27.19,30.1,40,40.28
"mmu-miR-324-5p",40,40,40,40,32.2,32.54,34.08,30.03
"mmu-miR-325",26.5,26.43,26.33,25.82,24.42,23.19,23.87,23.14
"mmu-miR-326",31.35,29.6,28.06,29.16,27.78,27.89,28.2,25.58
"mmu-miR-327",33.72,33,32.56,32.62,32.1,32.02,30.34,31.6
"mmu-miR-328",32.58,28.31,30.67,29.52,28.33,27.25,27.39,27.5
"mmu-miR-329",31.87,30.36,30.31,31.11,29.57,30.01,29.53,30.06
"mmu-miR-330",26.02,23.68,23.02,23.79,23.31,23.05,23.8,23.72
"mmu-miR-331-3p",23.03,32.7,32,31.41,31.06,26.43,32.24,24.84
"mmu-miR-331-5p",31.76,31.5,31.09,30.41,30.86,29.95,26.33,28.7
"mmu-miR-335-3p",30.08,27.65,26.74,26.19,26.54,26.41,25.69,26.11
"mmu-miR-335-5p",29.26,31.1,31.96,31.53,30.68,30.04,30.72,30.03
"mmu-miR-337-3p",34.34,30.16,28.71,27.72,25.36,26.48,21.87,27.25
"mmu-miR-337-5p",33.53,33.77,31.34,31.4,30.69,29.49,30.04,30.18
"mmu-miR-338-3p",30.62,30.34,28.8,30.6,29.47,29.16,30.1,28.84
"mmu-miR-338-5p",30.04,29.34,28.96,28.81,27.82,27.34,28.2,28.1
"mmu-miR-339-3p",29.89,29.44,28.8,29.23,27.67,27.49,28.15,27.9
"mmu-miR-339-5p",30.42,32.06,31.54,31.57,30.34,29.88,30.61,24.93
"mmu-miR-340-3p",40,40,40,40,33.97,40,34.27,40
"mmu-miR-340-5p",30.62,32.02,30.32,29.37,28.88,27.97,19.51,23.09
"mmu-miR-341",40,34.26,31,30.68,32.6,33.53,33.92,33.75
"mmu-miR-342-3p",29.42,28.5,27.81,28.48,28.23,27.91,27.89,27.7
"mmu-miR-342-5p",33.5,40,35.04,33.06,33.11,33.16,32.63,32.65
"mmu-miR-343",35.22,31.65,31.61,30.52,30.35,29.72,30.22,29.7
"mmu-miR-344",34,31.84,31.44,30.14,30,29.9,29.04,29.13
"mmu-miR-345-3p",40.46,32.63,31.47,30.59,30.69,30.18,29.82,29.35
"mmu-miR-345-5p",33.1,32.27,30.87,30.48,30.39,29.59,30.24,29.75
"mmu-miR-346",28.61,26.72,27.24,26.22,25.69,26.04,25.32,25.25
"mmu-miR-350",32.48,30.96,30.28,30.12,28.93,28.37,28.76,29.04
"mmu-miR-351",30.77,29.46,29.39,29.58,29.04,29.02,28.86,29.17
"mmu-miR-361",34.23,32.08,30.15,29.69,29.41,28.95,30.04,28.39
"mmu-miR-362-3p",33.36,33.8,33.44,32.39,33.61,32.8,33.15,32.38
"mmu-miR-362-5p",40,37.34,36.12,32.73,31.31,34.32,33.18,22.77
"mmu-miR-363",39.74,40,40,34.04,33.64,34.45,35.12,33.74
"mmu-miR-365",32.42,31.98,33.02,31.47,30.27,26.94,30.86,30.49
"mmu-miR-367",36.72,36.32,34.36,34.03,29.85,33.92,34.87,34.02
"mmu-miR-369-3p",40,39.86,36.53,40.4,40,40.17,37.81,34.13
"mmu-miR-369-5p",40,40,40,40,40,40,37.23,40
"mmu-miR-370",29.54,29.04,28.64,27.98,27.26,26.81,27.04,27.82
"mmu-miR-374",40.62,33.55,33.38,33.05,31.69,31.85,32.29,32.08
"mmu-miR-375",31.23,30.24,29.14,29.5,28.89,28.17,28.18,28.19
"mmu-miR-376a",40,37.01,40,33.28,32.58,32.37,33.07,32.29
"mmu-miR-376b",33.21,30.41,30.64,30.51,31.15,30.14,32.05,30.54
"mmu-miR-376c",40,34.04,35.6,31.46,33.35,32.03,32.32,32.29
"mmu-miR-377",40,37.27,38.03,34.67,34.88,35.13,38.08,34.77
"mmu-miR-378",28.96,27.94,27.08,27.59,26.43,26.44,26.9,27.07
"mmu-miR-379",33.49,36.88,40,33.77,34.07,33.59,33.87,35.37
"mmu-miR-380-3p",38.35,37.5,33.54,35.1,33.55,32.1,31.89,32.61
"mmu-miR-380-5p",40,36.01,35.73,33.26,33.5,31,31.13,32.06
"mmu-miR-381",33.96,30.39,31.05,29.47,30.54,29.51,29.3,28.55
"mmu-miR-382",33.35,32.48,31.34,29.42,29.97,28.52,28.49,28.38
"mmu-miR-383",33.26,30.33,29.89,28.55,28.44,28.44,28.21,27.61
"mmu-miR-384-3p",40,40,40,40,37.69,36.22,39.18,37.83
"mmu-miR-384-5p",38.28,32.01,31.32,30.1,30.2,30.59,29.55,28.88
"mmu-miR-409-3p",40,32.09,31.5,31.87,33.24,33.1,34.64,31.81
"mmu-miR-409-5p",35.25,31.88,31.83,29.29,28.18,27.11,26.72,26.35
"mmu-miR-410",40,38.24,40,36.03,33.56,35.25,33.64,35.56
"mmu-miR-411",34.78,38.34,35.09,32.68,33.96,32.5,32.4,32.95
"mmu-miR-412",40.16,38.44,34.89,32.34,32.33,33.7,31.48,31.6
"mmu-miR-421",30.91,31.43,29.94,27.07,26.71,24.05,20.32,16.21
"mmu-miR-423-3p",31.58,30.78,31.1,30.29,29.77,29.91,29.95,30.26
"mmu-miR-423-5p",34.98,34.04,31.67,30.82,30.89,28.83,30.18,30.22
"mmu-miR-425",33.88,32.69,32.12,31.07,30.39,29.27,29.26,25.39
"mmu-miR-429",31.15,29.96,28.97,29.52,28.59,27.61,27.23,29.07
"mmu-miR-431",37.38,31.5,32.26,30.39,31.89,30.85,29.81,30.28
"mmu-miR-433",35.03,32.09,31.24,30.31,28.56,28.33,28.12,27.92
"mmu-miR-434-3p",34,32.02,29.97,29.25,28.51,28.27,28.1,28.15
"mmu-miR-434-5p",36.22,34.47,34.13,34.69,35.01,35.01,34.53,33.86
"mmu-miR-448",40,32.21,32.1,31.51,32.36,31.91,31.01,31.27
"mmu-miR-449a",35.48,34.57,32.53,33.02,33.12,32.06,32.39,31.15
"mmu-miR-449b",33.78,31.02,31.13,30.26,30.66,29.54,29.1,29.61
"mmu-miR-449c",34.21,32.07,32.29,31.07,30.99,31.35,31.31,30.58
"mmu-miR-450a-3p",39.3,37.26,34.27,34.39,34.16,34.39,33.8,35.31
"mmu-miR-450a-5p",40,40,40,39.14,40,34.5,40,40
"mmu-miR-450b-3p",40,33.7,31.17,30.97,33.09,32.11,30.19,30.22
"mmu-miR-450b-5p",40,40,38.42,38.94,40,40,34.39,40
"mmu-miR-451",28.56,27.28,26.21,26.11,25.66,25.06,25.69,25.28
"mmu-miR-452",32.99,32.1,31.22,31.6,29.99,31,30.62,29.95
"mmu-miR-453",32.83,31.32,31.58,30.26,30.66,29.99,25.21,29.18
"mmu-miR-455",36.47,31.86,33.56,32.85,32.36,31.28,32.02,30.49
"mmu-miR-463",40,40,39.34,40,37.96,40,35.94,38.5
"mmu-miR-464",38.57,36.53,40,35.8,34.8,36.32,34.28,31.2
"mmu-miR-465a-3p",40,40,40,40,40,40,40,40.71
"mmu-miR-465a-5p",37.81,34.15,32.95,30.18,32.07,31.95,28.09,31.23
"mmu-miR-465b-3p",40,34.18,40,37.4,39.3,40,33.57,38.54
"mmu-miR-465b-5p",35.1,29.74,30.45,30.53,29.39,30.23,29.85,29.46
"mmu-miR-465c-3p",40,37.58,37.31,40,40,36.49,40,38.16
"mmu-miR-465c-5p",35.91,32.62,34,30.26,31.9,30.39,30.36,30.15
"mmu-miR-466a-3p",35.76,40,34.88,32.21,32.69,32.61,33.13,28.08
"mmu-miR-466a-5p",34.68,32.04,32.7,40,40,40,40,40
"mmu-miR-466b-3-3p",36,40.98,33.98,31.63,30.08,32.93,33.03,31.91
"mmu-miR-466b-3p",38.99,34.59,33.01,32.89,32.89,31.94,33.64,31.51
"mmu-miR-466b-5p",37.27,31.43,35.35,33.03,29.27,33.24,33.32,29.39
"mmu-miR-466c-3p",34.9,40,35.83,40,32.47,32.45,33.28,32.33
"mmu-miR-466c-5p",26.59,32.34,33.17,31.97,31.35,28.77,31.21,30.8
"mmu-miR-466d-3p",36.14,32.66,32.33,31.1,30.71,30.36,31.81,30.23
"mmu-miR-466d-5p",34.32,33.86,37.2,40,38.21,38.32,7,40
"mmu-miR-466e-3p",35.09,37.01,32.83,32.75,32.3,33.89,32.77,32.39
"mmu-miR-466e-5p",39.39,37.6,35.73,34.07,31.75,34.19,33.04,32.13
"mmu-miR-466f",26.17,26.42,27.16,26.46,25.54,26.21,24.35,25.37
"mmu-miR-466f-3p",25.35,23.15,23.58,22.5,22.31,22.19,23.11,22.14
"mmu-miR-466f-5p",27.14,27.21,27.29,26.37,25.76,25.98,25.42,25.4
"mmu-miR-466g",27.44,24.57,24.48,23.36,22.83,22.58,23.63,22.35
"mmu-miR-466h",28.1,29.02,29.01,27.27,27.13,26.32,26.64,26.93
"mmu-miR-466i",29.86,27.06,27.2,26.2,26.32,26.23,26.95,26.19
"mmu-miR-466j",29.93,30.27,29.26,29.05,29.1,30.21,28.45,28.91
"mmu-miR-466k",33.3,35.75,33.29,34.76,34.04,34,32.47,32.7
"mmu-miR-466l",40,34.79,34.08,36.97,34.7,32.89,38.79,35.93
"mmu-miR-467a",33.34,40,35.17,35.6,34.91,34.72,35.37,35.49
"mmu-miR-467b",34.44,34.15,32.3,32.55,32.78,32.75,31.47,33.15
"mmu-miR-467c",32.31,30.87,32.02,32.04,31.4,22.85,30.55,29.76
"mmu-miR-467d",40,35.4,12.03,40,38.81,38.96,37.88,32.24
"mmu-miR-467e",34.12,36.86,33.67,31.58,32.23,31.89,24.87,32.51
"mmu-miR-467f",32.27,29,29.16,25.83,26.51,26.19,26.51,25.91
"mmu-miR-467g",40,32.02,31.44,29.39,31.28,31.01,33.12,31.21
"mmu-miR-467h",31.5,31.03,33.01,30.13,29.57,30.47,28.62,28.26
"mmu-miR-468",28.64,28.57,28.86,27.16,27.49,27.29,24.55,25.97
"mmu-miR-469",30.12,29.2,31.13,30.14,31.23,32.18,28.97,30.83
"mmu-miR-470",27.97,27.07,25.69,25.57,25.13,25.34,25.29,22.67
"mmu-miR-471",40,34.36,33.86,32.52,32.29,32.09,32.18,32.1
"mmu-miR-483",31.44,29.9,28.44,27.08,26.42,23.64,26.2,25.71
"mmu-miR-484",30.29,29.32,29.1,29.52,28.36,27.81,28.27,28.41
"mmu-miR-485",36.28,34.58,36.85,33.31,32.62,32.45,31.84,31.08
"mmu-miR-486",22.23,22.07,21.41,21.41,21.76,21.66,21.7,22.02
"mmu-miR-487b",34.52,33.54,33.7,31.78,31.39,32.15,30.89,31.91
"mmu-miR-488",35.06,31.53,33.12,33.46,32.35,31.6,33.34,32.53
"mmu-miR-489",32.5,30.08,30.9,29.94,30.21,29.94,29.18,29.44
"mmu-miR-490",33.8,31.26,32.99,30.5,31.12,30.8,26.27,30.3
"mmu-miR-491",34.07,33.01,34.59,31.59,24.37,31.56,31,30.03
"mmu-miR-493",30.38,28.32,28.17,26.93,27.35,26.85,26.98,27.45
"mmu-miR-494",19.32,18.76,18.83,19.01,17.29,17.46,17.11,17.36
"mmu-miR-495",40,31.18,32.15,32.16,33.62,32.8,31.62,31.46
"mmu-miR-496",34.71,32.94,32.48,31.5,32.43,30.85,30.06,31.24
"mmu-miR-497",35.47,30.78,30.42,29.92,29.24,28.92,29.38,28.36
"mmu-miR-499",40,34.52,30.98,36.75,33.7,33.03,33.15,34.49
"mmu-miR-500",32.15,29.68,29.58,28.22,27.43,27.29,27.34,27.44
"mmu-miR-501-3p",33.24,31.59,31.46,31.61,31.68,30.87,30.89,31.3
"mmu-miR-501-5p",32.8,33.41,27.79,30.62,30.62,28.53,28.48,29.06
"mmu-miR-503",33.66,29.94,30.18,32.84,31.35,31.63,30.35,30.73
"mmu-miR-504",35.33,32.72,34.53,32.77,35.14,34.91,33.74,32.71
"mmu-miR-505",33.92,32.49,32.34,31.72,31.04,30.95,29.66,31.47
"mmu-miR-509-3p",40,40,40,34.87,34.34,40.35,30.43,40
"mmu-miR-509-5p",40,34.41,34.01,33.02,32.8,32.84,33.25,32.33
"mmu-miR-511",37.43,31.54,25.69,30.14,31.11,30.5,30.15,30.64
"mmu-miR-532-3p",30.1,28.52,27.91,28.25,28.65,25.67,28.32,28.07
"mmu-miR-532-5p",32.57,31.49,29.93,29.93,30.09,29.13,29.24,26.02
"mmu-miR-539",31.87,26.22,27.49,26.55,30.44,28.35,29.27,24.29
"mmu-miR-540-3p",32.21,30.49,29.8,28.94,29.24,28.48,28.67,28.64
"mmu-miR-540-5p",29.11,30.08,29.98,29.58,29.17,29.22,29.5,29.39
"mmu-miR-541",38.12,32.13,30.25,32.36,31.18,31.07,28.53,31.05
"mmu-miR-542-3p",34.74,34.61,40,30.33,28.63,40,30.64,33.67
"mmu-miR-542-5p",37.69,33.19,32.16,33.51,33.07,32.04,24.31,32.32
"mmu-miR-543",34.73,33.6,32.83,31.34,32.96,32.59,32.6,32
"mmu-miR-544",35.85,31.92,31.12,31.82,31.37,30.83,31.96,29.88
"mmu-miR-546",32.24,29.82,29.56,29.42,28.74,28.48,28.83,29.16
"mmu-miR-547",29.94,28.68,28.52,26.17,28.77,27.23,28.04,27.49
"mmu-miR-551b",35.6,32.87,32.34,35.05,32.35,24.88,32.59,32.42
"mmu-miR-568",40,40,40.19,35.21,36.04,34.87,31.31,35.37
"mmu-miR-574-3p",28.27,25.19,24.95,24.15,24.52,24.81,25.31,24.47
"mmu-miR-574-5p",21.42,22.63,23.47,22.18,21.67,22.22,21.18,21.75
"mmu-miR-582-3p",34.65,32.07,30.68,30.4,30.3,30.1,30.19,30.24
"mmu-miR-582-5p",40,29.18,26.42,27.24,27.77,31.57,29.11,26.32
"mmu-miR-590-3p",36.7,34.89,37.22,34.02,34.35,32.59,32.29,32.96
"mmu-miR-590-5p",40,40.61,40,40,40,40,40,40
"mmu-miR-592",40,36.26,40,33.09,33.19,39.67,38.4,36.59
"mmu-miR-598",40,32.73,34.95,37.53,35.33,35.51,35.53,33.53
"mmu-miR-615-3p",33.01,31.46,32.59,30.94,30.31,30.49,30.38,29.4
"mmu-miR-615-5p",32.42,30.53,9.67,9.33,7.81,7.45,7.71,7.57
"mmu-miR-652",34.26,31.98,33.12,31.17,30.75,29.12,28.84,28.68
"mmu-miR-653",40,35.87,40,33.48,36.13,33.08,29.63,29.23
"mmu-miR-654-3p",36.61,31.39,31.38,31.62,31.21,31.27,31.11,30.17
"mmu-miR-654-5p",34.71,32.11,33.48,30.18,26.37,30.75,27.12,31.6
"mmu-miR-665",31.37,28.12,27.82,26.88,26.8,26.1,26.39,26.22
"mmu-miR-666-3p",35.18,31.62,32.18,33.44,32.37,32.22,30.19,32.17
"mmu-miR-666-5p",30.98,28.12,28.6,28.82,28.15,28.05,28.44,27.54
"mmu-miR-667",30.39,28.05,28.03,28.87,28,27.21,25.95,29.16
"mmu-miR-668",33.33,30.21,30.88,30.14,29.55,29.25,28.8,28.77
"mmu-miR-669a",30.2,30.13,30.31,25.76,29.03,29.91,29.74,29.44
"mmu-miR-669b",28.2,28.2,28.99,28.26,27.6,28.04,27.44,35.56
"mmu-miR-669c",22.93,20.64,24.61,22.94,22.26,22.28,21.48,21.3
"mmu-miR-669d",30.94,30.35,31.64,30.11,29.49,29.65,29.47,29.5
"mmu-miR-669e",31.64,31.69,29.26,30.05,30.9,30.48,31.28,31.2
"mmu-miR-669f",33.03,30.24,31.48,30.74,30.03,29.46,31.35,29.41
"mmu-miR-669g",40,35.43,40,34.2,33.77,33.05,33.7,34.86
"mmu-miR-669h-3p",31.03,28.2,28.72,27.96,27.65,27.38,28.33,27.39
"mmu-miR-669h-5p",32.7,33.23,31.26,30.17,31.04,31.03,27.42,30.15
"mmu-miR-669i",36.64,30.91,30.5,30.09,30.37,29.69,30.59,30.21
"mmu-miR-669j",35.67,30.53,30.18,30.31,29.74,26.92,29.22,29.31
"mmu-miR-669k",34.38,31.88,30.45,30.13,29.01,29.7,29.04,24.32
"mmu-miR-669l",31.24,29.05,31.48,30.05,28.85,29.73,28.55,28.48
"mmu-miR-669m",34.45,29.2,33.01,25.62,25.13,32.02,29.77,32.42
"mmu-miR-669n",23.4,23.47,24.28,22.56,22.08,22.4,21.71,21.92
"mmu-miR-669o",30.33,30.76,31.67,28.86,29.79,30.24,29.13,29.59
"mmu-miR-670",33.29,31.43,30.59,30.29,29.21,29.52,28.82,28.74
"mmu-miR-671-3p",40,29.19,28.53,30.32,26.84,26.69,26.7,26.92
"mmu-miR-671-5p",31.43,27.26,27.02,26.54,26.22,26.07,26,26.06
"mmu-miR-672",37.25,34.84,33.07,24.2,32.47,32.46,29.49,30.67
"mmu-miR-673-3p",29.2,29.59,31.66,31.13,31.25,30.75,31.15,30.61
"mmu-miR-673-5p",30.7,30.15,26.3,31.9,25.32,31.29,31.59,31.34
"mmu-miR-674",29.26,31.98,31.69,30.83,30.39,29.34,30.94,29.31
"mmu-miR-675-3p",34.86,22.5,27.29,29.86,29.51,28.88,29.16,29.11
"mmu-miR-675-5p",32.98,29.58,29.8,30.07,28.47,27.49,29.49,29.34
"mmu-miR-676",32.56,30.56,30.24,29.16,28.76,28.55,28.13,27.3
"mmu-miR-677",40,31.37,33.11,34.06,33.57,27.8,37.78,31.45
"mmu-miR-678",31.73,29.21,29.15,29.27,28.65,29.36,28.75,28.51
"mmu-miR-679",38.38,29.79,31.67,31.46,30.49,30.9,29.71,30.38
"mmu-miR-680",34.09,29.4,30.61,30.92,25.91,30.12,29.26,30.15
"mmu-miR-681",32.66,29.46,25.27,30.83,29.88,29.86,29.53,30
"mmu-miR-682",37.01,30.02,28.67,31.18,30.97,24.83,29.28,28.78
"mmu-miR-683",31.64,30.23,29.79,31.18,29.04,30.67,29.52,30.1
"mmu-miR-684",40,32.45,23.37,38.23,30.46,33.58,33.01,25.2
"mmu-miR-685",29.06,28.04,28.19,27.78,27.2,26.2,26.09,26.34
"mmu-miR-686",29.65,27.06,26.12,25.93,25.41,25.19,25.18,24.93
"mmu-miR-687",37.67,30.8,31.61,28.25,18.94,25.58,30.03,30.99
"mmu-miR-688",40,24.56,30.53,33.99,33.96,30.62,40,35.81
"mmu-miR-689",39.2,32.27,31.29,36.63,28.93,28.61,28.38,27.93
"mmu-miR-690",30.04,20.48,28.03,28.41,27.94,22.54,27.66,27.99
"mmu-miR-691",28.88,25.74,27.03,24.97,26.08,25.54,25.72,24.32
"mmu-miR-692",32.75,29.47,29.43,28.66,28.87,28.37,28.58,28.51
"mmu-miR-693-3p",36.93,32.27,33.15,32.94,28.35,32.07,31.79,32.01
"mmu-miR-693-5p",40,33.22,40.53,35.38,33.45,33.94,34.41,34.54
"mmu-miR-694",39.34,28.76,30.72,30.24,30.48,30.59,29.22,30.43
"mmu-miR-695",39.76,32.43,31.01,31.3,30.29,30.06,26.62,30.5
"mmu-miR-696",28.78,27.39,27.59,27.07,25.91,25.5,25.68,25.71
"mmu-miR-697",34.05,32.09,32.09,31.19,29.62,29.84,22.43,30.39
"mmu-miR-698",33.17,29.36,29.39,29.04,27.56,28.15,29.02,28.12
"mmu-miR-700",29.81,29.32,29.43,29.93,28.47,28.6,28.78,28.45
"mmu-miR-701",40,31.38,33.3,24.71,31.16,28.65,29.13,30.91
"mmu-miR-702",32.14,29.42,29.41,27.58,27.33,27.44,27.09,26.6
"mmu-miR-703",26.19,21.32,20.86,20.93,21.13,17.35,29.6,21.33
"mmu-miR-704",30.06,27.09,28.11,33.03,26.45,28.27,27.13,29.67
"mmu-miR-705",34.97,31.65,31.46,31.4,31.04,30.75,31.16,30.18
"mmu-miR-706",40.12,30.48,30.3,35.85,28.78,31.34,30.53,29.96
"mmu-miR-707",34.82,34.28,34.6,35.06,36.05,33.73,31.28,32.67
"mmu-miR-708",27.53,26.39,26.83,25.48,27.69,28.88,25.34,26.23
"mmu-miR-709",21.77,21.49,20.81,20.1,22.15,24.24,21.9,22.4
"mmu-miR-710",34.92,32.13,30.19,30.09,31.47,32.17,30.84,30.34
"mmu-miR-711",38.72,34.95,32.24,30.8,32.49,33.7,31.51,33.4
"mmu-miR-712",25.13,24.07,23.12,22.14,25.14,29.07,24.21,24.82
"mmu-miR-713",29.31,28.17,26.81,27.14,27.51,27.79,25.73,26.46
"mmu-miR-714",21.34,21.45,22.03,21.52,24.04,27.32,24.26,23.71
"mmu-miR-715",28.33,25.97,25.56,25.21,26.77,28.93,26.91,26.06
"mmu-miR-717",40,37.95,40,1.59,2.74,1.99,40,40
"mmu-miR-718",25.94,25.73,25.11,25.05,27.38,26.87,28.59,28.24
"mmu-miR-719",32.23,34.16,36.13,31.61,39.72,36.35,32.92,34.53
"mmu-miR-720",25.31,22.75,22.35,21.71,23.37,25.1,22.4,22.59
"mmu-miR-721",40,33.44,35.61,33.55,34.56,33.4,34.39,34.41
"mmu-miR-741",40,38.24,37.79,37.19,33.92,40,37.24,40
"mmu-miR-742",32.09,31.09,30.27,29.55,30.96,32.18,30.72,31.53
"mmu-miR-743a",40,33.54,33.44,31.53,33.02,37.28,31.42,30.23
"mmu-miR-743b-3p",37.17,28.91,32.97,34.47,40,40,37.31,37.73
"mmu-miR-743b-5p",35.72,32.42,31.16,31.3,32.4,32.23,30.53,31.26
"mmu-miR-744",29.57,30.08,29.78,29.29,30.9,32.4,29.99,29.72
"mmu-miR-758",35.13,33.15,32.09,31.23,33.99,33.06,32.95,32.24
"mmu-miR-759",40,40.56,34.24,38.7,34.51,40,38.5,35.69
"mmu-miR-760",29.93,28.2,27.37,26.59,28.19,28.51,27.44,27.44
"mmu-miR-761",30.93,31.46,30.11,29.57,31.8,31.63,29.07,31.08
"mmu-miR-762",34,29.45,28.05,27.32,27.79,28.72,26.29,26.8
"mmu-miR-763",33.07,31.27,29.88,29.72,29.87,31.13,29.17,29.67
"mmu-miR-764-3p",35.05,33.26,31.94,31.55,32.04,31.62,30.71,30.4
"mmu-miR-764-5p",33,30.13,28.88,29.32,30,29.89,27.74,28.38
"mmu-miR-770-3p",30.76,28.61,26.9,26.16,27.06,27.21,25.44,25.89
"mmu-miR-770-5p",35.11,30.38,30.16,29.39,29.87,30.86,29.49,29.73
"mmu-miR-802",40,40,40,34.44,38.05,35.69,31.49,33.9
"mmu-miR-804",32.82,26.04,25.41,24.56,26,27.75,40,24.59
"mmu-miR-805",40,33.39,31.34,31.73,32.09,32.93,31.04,31.52
"mmu-miR-871",40,40.39,33.08,32.55,37.08,38.12,32.79,33.61
"mmu-miR-872",40,33.6,31.79,32.47,31.51,31.84,30.09,30.22
"mmu-miR-873",35.81,30.2,30.22,28.09,32.59,35.24,30.5,31.41
"mmu-miR-874",31.44,29.24,28.61,28.47,29.45,30.83,29.08,29.23
"mmu-miR-875-3p",37.94,26.94,27.92,30.05,25.17,29.92,27.73,29.27
"mmu-miR-875-5p",40,36.55,37.51,34.18,40,37.32,34.25,33.16
"mmu-miR-876-3p",40,40,40.08,40,40,40,40,35.14
"mmu-miR-876-5p",40,37.13,36.62,30.71,40,35.52,34.87,34.63
"mmu-miR-877",32.42,26.33,25.82,25.8,26.81,27.01,25.92,26.46
"mmu-miR-878-3p",36.93,40,33.01,33.32,33.01,32.98,30.71,30.97
"mmu-miR-878-5p",40,35.96,32.07,34.08,35.33,33.3,31.59,32.35
"mmu-miR-879",40,36.2,35.33,39.07,37.97,37.21,37.5,36.61
"mmu-miR-880",34.45,39.55,37.13,36.73,36.39,40,35.58,30.31
"mmu-miR-881",40,31.34,36.27,26.53,36.44,31.89,36.59,28
"mmu-miR-882",40,34.22,29.69,32.81,30.18,40,32.31,30.95
"mmu-miR-883a-3p",36.02,35.59,40,30.19,36.01,26.05,40,33.34
"mmu-miR-883a-5p",40,29.17,34.36,33.22,35.08,35.73,31.49,34.72
"mmu-miR-883b-3p",40,40,40,33.96,34.52,33.32,33.39,35.03
"mmu-miR-883b-5p",35.24,33.22,33.06,32.88,31.49,31.44,29.08,27.45
"mmu-miR-1186",26.49,25.38,25.07,25.39,26.5,27.34,24.76,26.12
"mmu-miR-1187",25.35,26.53,24.64,24.48,24.95,26.21,25.07,26.26
"mmu-miR-1188",28.52,27.65,26.51,26.35,27.19,28.43,26.27,26.8
"mmu-miR-1190",32.46,31.33,29.56,29.99,30.82,31.21,29.57,30.32
"mmu-miR-1191",34.35,33.11,31.48,32.24,31.28,31.74,30.31,30.45
"mmu-miR-1192",40,30.66,31.89,35.82,37.4,34.97,32.04,33.18
"mmu-miR-1193",40,40,40,36.64,33.66,32.1,40,40
"mmu-miR-1194",29.38,30.23,29.07,28.49,27.01,30.64,28.42,26.99
"mmu-miR-1195",28.19,26.12,25.18,24.44,27.12,28.15,25.53,25.86
"mmu-miR-1196",24.04,24.12,22.94,23.14,23.88,24.48,22.73,23.46
"mmu-miR-1197",40,33.9,33.21,33.43,32.05,38.05,32.24,33.17
"mmu-miR-1198",28.6,26.8,25.43,24.81,24.13,23.39,25.39,21.55
"mmu-miR-1199",27.52,24.51,23.96,22.92,24.35,24.11,24.25,23.85
"mmu-miR-1224",21.5,21.35,21.29,20.53,22.18,22.4,22.06,21.74
"mmu-miR-1274a",21.11,21.01,21.14,20.16,21.73,23.97,21.6,21.73
"mmu-miR-1306",31.18,30.13,27.93,27.5,28,29.46,27.16,25.34
"mmu-miR-1839-3p",28.42,26.7,26.58,25.77,27.88,29.13,28.03,27.27
"mmu-miR-1839-5p",40.77,32.34,29.17,28.65,30.61,33.43,30.45,29.76
"mmu-miR-1892",29.36,27.6,27.9,27.11,28.95,33.23,28.14,28.13
"mmu-miR-1893",27.54,27.03,27.03,26.21,28.05,32,27.6,28.12
"mmu-miR-1894-3p",29.45,27.84,27.12,26.04,28.15,29.33,27.39,28.03
"mmu-miR-1894-5p",28.42,27.34,25.18,25.5,26.29,26.53,24.47,25.4
"mmu-miR-1895",30.97,30.04,28.34,27.61,29.35,29.2,28.38,28.59
"mmu-miR-1896",29.46,26.26,24.9,24.1,26.88,28.68,26.55,27.31
"mmu-miR-1897-3p",32.21,27.51,26.36,25.32,27.03,22.69,25.79,25.64
"mmu-miR-1897-5p",30.45,27.85,27.79,27.27,26.47,29.37,27.78,28
"mmu-miR-1898",40,33.11,32.88,33.96,32.04,33.63,29.6,30.29
"mmu-miR-1899",31.59,30.8,29.35,29.2,29.78,29.14,27.77,28.06
"mmu-miR-1900",29.25,27.9,26.47,25,27.07,30.5,26.06,26.63
"mmu-miR-1901",26.36,23.58,21.87,21.47,23.38,25.18,22.95,20.81
"mmu-miR-1902",36.15,35.52,33.81,32.99,32.56,34.93,31.22,30.6
"mmu-miR-1903",34.07,32.74,32.13,30.72,32.23,33.22,29.47,30.07
"mmu-miR-1904",40,31.48,29.72,29.64,31.08,31.42,30.97,30.29
"mmu-miR-1905",32.62,29.05,29.09,27.45,29.69,31.88,28.86,29.02
"mmu-miR-1906",33.25,29.66,28.71,40,40,30.24,28.57,28.65
"mmu-miR-1907",34.03,31.83,30.03,29.8,30.79,31.7,29.7,30.54
"mmu-miR-1927",36.39,31.78,31.22,27.77,28.77,32.29,30.13,31.17
"mmu-miR-1928",30.12,27.72,26.57,24.76,26.15,28.48,25.22,21.85
"mmu-miR-1929",38.85,35.96,30.89,30.66,31.48,31.68,30.06,31.66
"mmu-miR-1930",31.65,26.42,25.44,30.04,31.11,29.16,29.09,30.04
"mmu-miR-1931",26.67,21.78,21.03,20.44,22.43,25.1,22.44,22.58
"mmu-miR-1932",35.64,21.15,28.84,27.26,30.13,31.88,29.77,29.76
"mmu-miR-1933-3p",40,33.49,32.1,33.99,34.1,29.11,31.53,30.5
"mmu-miR-1933-5p",27.67,32.54,32.28,31.06,26.37,32.73,30.44,31.62
"mmu-miR-1934",31.84,30.62,29.07,28.67,28.92,30.3,28.18,27.76
"mmu-miR-1935",25.06,26.15,24.61,24.43,26.05,27.19,24.43,25.78
"mmu-miR-1936",33.34,30.82,28.47,29.03,28.99,23.64,27.58,27.08
"mmu-miR-1937a",22.8,22.83,22.71,22.1,23.33,24.27,22.73,22.79
"mmu-miR-1937b",23.93,23.17,22.86,22.51,23.42,24.48,22.85,23.01
"mmu-miR-1937c",23.33,22.86,23.05,22.45,23.4,24.23,22.66,22.88
"mmu-miR-1938",25.03,26.27,30.53,26.05,23.55,26.68,28.68,29.92
"mmu-miR-1939",26.04,22.3,21.85,20.9,22.28,24.04,21.21,21.01
"mmu-miR-1940",40,40,34.12,29.3,36.78,37.46,40,40
"mmu-miR-1941-3p",34.11,31.09,30.39,30.2,31.17,31.29,29.49,29.05
"mmu-miR-1941-5p",34.01,33.62,29.42,31.46,33.45,32.23,30.65,31.34
"mmu-miR-1942",32.47,30.69,29.95,28.88,30.67,31.42,29.4,29.89
"mmu-miR-1943",32.82,30.21,24.91,29.11,29.98,30.7,28.41,28.75
"mmu-miR-1944",32.02,31.48,30.71,29.33,31.83,34.64,32.8,35.08
"mmu-miR-1945",31.46,29.31,28.63,27.56,29.03,29.14,28.91,29.06
"mmu-miR-1946a",28.23,27.85,27.41,26.68,28.89,29.51,27.37,28.55
"mmu-miR-1946b",27.79,27.17,26.71,26.6,28.64,29.13,26.43,27.05
"mmu-miR-1947",31.2,30.86,29.33,29.23,29.58,30.23,28.26,29.13
"mmu-miR-1948",39.52,32.72,35.87,33.48,31.96,36.73,32.65,32.04
"mmu-miR-1949",35.3,40,36.92,33.13,36.14,35.5,32.61,32.94
"mmu-miR-1950",34.01,30.59,33.21,34.63,36.39,35.79,34.09,30.39
"mmu-miR-1951",29.71,29.48,28.16,27.7,29.43,29.2,28.45,28.06
"mmu-miR-1952",30.18,35.57,29.16,30.97,30.44,30.58,28.07,29.1
"mmu-miR-1953",31.66,28.89,30.25,30.15,30.59,30.58,29.23,29.53
"mmu-miR-1954",28.81,27.51,23.46,26.12,28.64,31.01,26.76,27.81
"mmu-miR-1955",35.41,34.32,31.42,31.79,33.51,32.99,30.89,31.83
"mmu-miR-1956",23.04,18.98,19.08,17.71,19.37,18.26,20.57,20.33
"mmu-miR-1957",31.36,26.66,27.45,24.95,28.19,30.23,26.94,27.35
"mmu-miR-1958",40,31.49,24.79,29.56,27.61,32.66,29.77,31.61
"mmu-miR-1959",29.2,27.79,27.15,26.02,27.46,26.49,27.77,25.67
"mmu-miR-1960",30.01,28.7,30.39,30.21,28.38,31.66,29.32,30.29
"mmu-miR-1961",40,40,40,37.72,36.2,35.88,34.91,36.14
"mmu-miR-1962",30.17,28.21,28.29,28,29.22,29.01,27.73,28.05
"mmu-miR-1963",32.51,33.7,30.42,30.26,30.57,30.74,29.5,29.82
"mmu-miR-1964",32.02,31.36,30.67,29.91,28.74,29.43,28.47,30.25
"mmu-miR-1965",23.68,22.73,22.19,21.39,23.41,26.25,23.78,23.61
"mmu-miR-1966",21.34,28.06,27,22.17,27.29,28.62,22.52,26.46
"mmu-miR-1967",32.68,30.36,28.97,29.07,29.78,30.62,28.85,29.07
"mmu-miR-1968",33.85,33.05,30.95,30.24,31.04,32.12,29.68,29.76
"mmu-miR-1969",32.49,30.54,27.19,28.53,30.46,27.69,29.4,30.64
"mmu-miR-1970",33.35,28.19,29.08,29.1,29.17,31.06,28.55,28.88
"mmu-miR-1971",30.13,27.5,26.17,25.81,26.74,28.01,25.82,26.43
"mmu-miR-1981",30.14,27.57,26.08,24.79,26.7,26.27,25.71,26.09
"mmu-miR-1982.1",34.3,30.94,29.41,29.02,30.17,30.67,28.64,28.42
"mmu-miR-1983",34.91,32.49,32.31,32.09,33.98,24.28,32.01,31.81
"mmu-let-7a*",30.95,28.03,27.13,27.07,27.97,27.67,25.75,26.55
"mmu-let-7b*",35.52,31.23,24.83,29.94,33.22,32.88,30.8,30.11
"mmu-let-7c-1*",33.42,32.86,31.14,31.17,32.27,34.28,32.02,32.69
"mmu-let-7c-2*",34.45,31.52,30.96,30.5,32.43,32.78,30.33,30.78
"mmu-let-7d*",30.24,30.05,28.51,28.4,30.17,30.15,28.54,29.29
"mmu-let-7f*",33.15,31.13,29.64,29.39,30.9,29.59,28.12,27.61
"mmu-let-7g*",32.11,30.05,29.45,30.22,30.5,31.01,29.22,30.26
"mmu-let-7i*",40.25,32.1,31.05,29.88,31.22,31.04,30.62,23.63
"mmu-miR-7a*",34.41,30.7,30.28,29.4,30.46,31.38,29.19,29.72
"mmu-miR-9*",30.65,26.54,27.45,30.71,31.76,28.86,28.69,25.18
"mmu-miR-10a*",37.12,35.24,32.6,26.04,34.25,35.53,33.25,34.12
"mmu-miR-10b*",39.48,34.32,33.54,32.8,35.56,36.16,37.95,31.55
"mmu-miR-15a*",31.08,26.95,27.94,28.28,28.43,26.87,27.07,26.5
"mmu-miR-15b*",28.92,29.02,28.79,27.83,30.18,31.15,28.94,28.97
"mmu-miR-16*",33.66,32.09,29.9,29.45,29.57,29.51,27.75,28.46
"mmu-miR-17*",33.49,32.42,30.56,31.04,31.74,32.44,30.37,30.44
"mmu-miR-18a*",30.78,30.33,29.32,29.05,30.47,31.19,28.23,28.55
"mmu-miR-19a*",40,40,34.9,32.51,38.1,34.37,33.88,33.92
"mmu-miR-20a*",35.96,34.72,33.67,33.41,34.19,36.76,35.45,34.08
"mmu-miR-20b*",37.69,33.39,32.97,32.11,34.4,33.32,32.08,33.31
"mmu-miR-21*",35.18,33.26,31.01,31.06,31.36,31.25,30.86,29.81
"mmu-miR-22*",33.92,32.55,30.83,29.36,31.74,34.13,30.01,30.01
"mmu-miR-24-1*",40,35.92,39.32,33.2,40,35.08,40,38.32
"mmu-miR-24-2*",34.43,31.13,31.69,30.23,32.79,31.15,30.32,30.66
"mmu-miR-26b*",32.44,34.03,29.31,32.43,33.06,37.71,30.49,30.61
"mmu-miR-27a*",33.31,32.37,32.15,31.85,32.75,33.54,31.64,32.32
"mmu-miR-27b*",32.95,32.51,31.29,30.81,31.33,33.03,31.12,31.35
"mmu-miR-28*",32.2,29.91,28.58,28,25.9,29.34,27.97,28.15
"mmu-miR-29a*",32.66,31.65,30.18,28.69,30.9,33.1,29.42,29.1
"mmu-miR-29b*",40,31.31,32.13,30.96,34.69,35.63,32.03,32.9
"mmu-miR-29c*",29.24,34.32,29.67,30.16,31.02,31.3,28.88,30.04
"mmu-miR-30a*",29.43,29.07,27.46,28.18,29.04,29.36,27.52,28.1
"mmu-miR-30b*",37.22,33.5,33.99,31.43,32.3,33.21,32.38,33.04
"mmu-miR-30c-1*",39.56,33.49,32.13,33.52,33.57,33.32,31.95,32.5
"mmu-miR-30c-2*",36.15,38.69,32.62,31.81,32.33,31.38,30.57,31.56
"mmu-miR-30e*",31.29,29.1,27.3,26.44,28.27,28.16,25.33,26.6
"mmu-miR-31*",37.35,32.51,30.61,29.38,31.8,30.75,29.36,29.66
"mmu-miR-33*",34.75,34.35,35.08,33.06,34.04,31.81,33.22,33.24
"mmu-miR-34c*",30.48,30.75,30.78,29.6,30.4,34.34,30.37,29.49
"mmu-miR-92a*",40,34.39,33.23,35.26,33.11,35.8,31.27,34.34
"mmu-miR-93*",26.49,28.05,27.66,27.06,28.16,30.12,27.34,27.59
"mmu-miR-99b*",40,29.37,28.43,28.61,28.83,28.75,28.49,29.41
"mmu-miR-101a*",37.69,33.67,32.4,31.2,31.98,30.59,28.77,30
"mmu-miR-106b*",32.5,29.37,28.7,27.8,29.23,30.58,28.12,28.52
"mmu-miR-124*",34.37,29.69,32.55,32.35,34.76,33.79,32.24,32.64
"mmu-miR-125b*",38.76,34,33.98,34.51,35.8,35.35,36.01,34.94
"mmu-miR-127*",36.19,33.22,31.13,29.48,31.31,32.95,30.35,30.75
"mmu-miR-130b*",40.87,33.43,32.66,32.55,40,32.79,30.29,33.52
"mmu-miR-133a*",34.5,29.67,26.66,30.14,32.75,31.62,29.86,30.09
"mmu-miR-135a*",26.73,24.73,23.5,22.45,23.37,25.66,22.26,22.71
"mmu-miR-136*",34.58,32.84,32.62,31.58,32.07,34.52,26.8,31.02
"mmu-miR-138*",36.46,29.74,30.13,29.33,30.9,31.05,28.34,29.15
"mmu-miR-140*",26.58,26.84,26.32,25.62,27.78,28.4,26.9,26.05
"mmu-miR-141*",38.13,35.96,30.79,31.29,33.49,33.21,29.63,30.68
"mmu-miR-145*",40,34.22,33.95,33.26,40.74,30.79,29.63,23.22
"mmu-miR-146b*",33.06,30.74,29.56,29.1,31.12,32.35,29.94,31.1
"mmu-miR-148a*",37.31,40,37.47,32.41,29.08,35.49,31.79,31.58
"mmu-miR-150*",33.18,33.07,32.69,28.24,32.73,33.54,32.55,33.4
"mmu-miR-154*",38.28,39.11,26.37,33.88,36.75,34.35,35.17,32.24
"mmu-miR-181a-1*",32.37,32.49,29.92,27.48,31.41,29.22,25.78,24.22
"mmu-miR-181a-2*",35.36,33.79,32.36,30,32.32,33.44,29.96,31.69
"mmu-miR-183*",38.76,28.95,29.5,28.23,29.63,29.07,29.79,29.43
"mmu-miR-186*",34.41,33.9,37.95,34.41,32.1,32.72,31.51,29.45
"mmu-miR-191*",34.39,40,28.89,27.73,30.3,30.88,28.49,29.3
"mmu-miR-193*",40,40,40,40,40,40,40,40
"mmu-miR-196a*",33.54,31.04,27.02,30.06,32.27,30.89,30.06,27.39
"mmu-miR-199b*",33.02,30.9,29.72,29.28,32.93,32.93,29.51,30.5
"mmu-miR-200a*",32.5,30.51,29.28,29.25,30.06,30.5,28.27,29.09
"mmu-miR-200b*",30.86,30.7,29.73,29.54,30.79,31.59,29.13,29.13
"mmu-miR-200c*",34.98,32.77,31.59,31.04,32.03,31.78,30.5,30.25
"mmu-miR-203*",40,32.17,28.6,34.08,36.44,24.82,32.55,30.74
"mmu-miR-214*",40,36.58,33.76,34.25,38.65,33.61,31.99,32.43
"mmu-miR-218-1*",40,31.88,30.11,29.65,30.63,30.84,29.91,23.7
"mmu-miR-218-2*",31.79,31.9,31.8,30.92,31.61,32.15,29.14,28.61
"mmu-miR-293*",31.98,31.14,30.55,30,29.87,31.29,25.2,29.59
"mmu-miR-294*",39.02,32.05,28.23,30.8,32.35,31.44,27.39,30.16
"mmu-miR-295*",36.03,31.89,30.06,29.75,31.44,30.34,27.48,29.73
"mmu-miR-297a*",36.1,34.32,29.95,31.89,34.54,33.34,29.01,32.25
"mmu-miR-297c*",33.23,33.99,31.08,31.17,32.95,32.84,23.1,31.8
"mmu-miR-299*",34.96,33.41,33.91,32.57,32.94,31.97,32.79,32.55
"mmu-miR-300*",40,40,34.18,30.4,40.85,36.4,31.8,40.34
"mmu-miR-302a*",30.04,33.55,29.65,33.38,34.08,33.02,33.52,32.96
"mmu-miR-302b*",31.6,36.47,31.77,30.14,39.13,32.6,31.29,32.39
"mmu-miR-302c*",33.55,31.18,29.88,29.44,31.51,28.59,29.63,29.63
"mmu-miR-322*",30.31,29.89,29.57,28.24,29.87,30.37,28.05,28.29
"mmu-miR-325*",39.16,32.05,28.38,29.73,30.77,31.4,30.75,30.72
"mmu-miR-330*",32.2,30.74,28.94,28.38,29.71,30.25,27.14,28.33
"mmu-miR-374*",33.91,28.2,29.24,28.59,28.5,32.52,26.24,31.12
"mmu-miR-376a*",34.78,32.71,32.03,31.08,32.66,32.52,31.42,32.72
"mmu-miR-376b*",35.21,40,40,27.76,31.26,40,40,29.12
"mmu-miR-376c*",40,40,32.99,40,40,40,30.16,30.92
"mmu-miR-378*",32.23,30.33,29.09,29.11,30.61,29.66,28.81,29.29
"mmu-miR-382*",38.94,35.66,29.37,29.65,32.46,32.24,30.59,28.14
"mmu-miR-411*",36.52,32.46,30.38,31.77,33.67,32.37,31.41,32.79
"mmu-miR-425*",29.34,28.14,27.03,25.94,27.57,28.23,26.55,27.42
"mmu-miR-431*",30.3,24.6,29.71,25.6,20.9,15.35,25.06,27.96
"mmu-miR-433*",40,40,40,35.37,39.65,36.04,28.99,34.69
"mmu-miR-455*",35.11,40,37.47,40,40,36.76,36.17,33.53
"mmu-miR-463*",34.66,34.23,33.38,33.71,33.01,36.05,31.42,33.13
"mmu-miR-467a*",31.34,30.88,27.92,28.17,29.56,29.16,26.82,27.78
"mmu-miR-467b*",30.61,31.97,29.35,29.11,29.33,28.3,26.17,27.13
"mmu-miR-467d*",31.73,30.7,28.19,28.47,29.96,29.51,27.43,28.12
"mmu-miR-467e*",35.45,32.13,27.62,29.07,31.34,30.26,23.33,25.77
"mmu-miR-470*",30.75,29.25,27.91,18.17,27.89,22.27,26.48,27.21
"mmu-miR-483*",31.63,30.67,29.04,28.55,28.96,30.61,26.54,28
"mmu-miR-485*",30.72,28.78,27.32,27.14,28.63,28.94,26.96,27.54
"mmu-miR-488*",35.03,22.57,27.78,32.01,33.03,33.96,30.49,31.87
"mmu-miR-503*",32.74,34.23,24.37,34.24,40,32.86,26.75,30.87
"mmu-miR-674*",33.34,31.15,18.73,29.5,31.01,28.52,27.99,28.69
"mmu-miR-676*",29.12,30.3,27.15,28.4,30.56,35.71,29.67,30.09
"mmu-miR-708*",27.97,29.76,28.64,28.11,28.82,29.65,19.9,28.41
"mmu-miR-712*",40,40,40,40,40,40,40,40
"mmu-miR-742*",29.43,28.99,28.22,27.71,29.35,30.01,29.62,28.95
"mmu-miR-744*",40,40,32.61,37.06,37.31,40,33.07,34.79
"mmu-miR-872*",31.71,34.11,31.58,32.18,32.93,32.08,30.83,29.99
"mmu-miR-877*",34.3,31.68,29.94,30.25,31.07,30.97,29.35,29.89
"mmu-miR-879*",29.41,23.44,25.64,25.62,27.12,27.47,25.6,26.36
"mmu-miR-881*",30.79,27.26,27.52,26.41,28.55,31.28,27.3,28.05
"mmu-miR-1982*",36.03,31.5,31.9,32.62,31.09,33.17,29.86,30.34
"mmu-miR-2132",28.59,28.05,26.93,25.07,27.34,28.48,27.92,27.94
"mmu-miR-2133",22.11,23.6,22.52,21.69,24.41,27.03,22.91,23.69
"mmu-miR-2134",22.76,23.1,23.32,22.07,24.43,27.11,24.41,24.57
"mmu-miR-2135",22.57,22.29,21.37,20.38,22.73,23.95,22.28,22.86
"mmu-miR-2136",24.17,24.07,24.13,23.41,24.6,26.43,24.2,24.03
"mmu-miR-2137",25.14,25.46,22.35,21.57,24.5,27.69,22.73,23.14
"mmu-miR-2138",23.11,22.62,22.03,21.08,23.7,25.34,24.71,24.77
"mmu-miR-2139",20.08,20.44,20.22,19.14,21.26,22.52,21.46,21.22
"mmu-miR-2140",32.48,29.72,29.54,30.17,30.45,20.04,29.72,30.42
"mmu-miR-2141",20.78,22.28,20.28,20.14,23.01,25.45,21.1,22.24
"mmu-miR-2142",23.85,24.11,22.54,21.91,25.44,28.74,23.2,23.71
"mmu-miR-2143",21.48,21.83,20.48,19.31,22.11,23.18,23.02,23.59
"mmu-miR-2144",20.59,20.83,20.63,20.03,21.61,26.14,22.22,22.12
"mmu-miR-2145",23.1,24.7,23.25,22.66,25.47,31.06,23.59,24.07
"mmu-miR-2146",18.7,19.65,18.84,17.27,20.3,21.88,21.5,22.1
"mmu-miR-2182",20.44,21.48,20.15,19.83,22.4,27.91,22.1,22.33
"mmu-miR-2183",24.78,27.16,22.92,21.96,22.81,25.74,22.31,22.1
"mmu-miR-432",32.37,30.8,28.3,29.19,29.35,28.47,27.13,27.71
"mmu-miR-599",30.75,29.36,27.97,27.36,28.17,28.65,26.56,27.54
"mmu-miR-767",40,35.34,33.86,31.66,40,34.26,38.64,34
"mmu-miR-664",27.42,23.31,23.18,22.35,23.17,26.48,24.86,24.83
"Mouse U6 snRNA",31.27,29.72,29,28.82,30.98,30.62,30.6,30.72
