"","control1","control2","control3","control4","HIV1","HIV2","HIV3","HIV4","PT1","PT2","PT3","PT4"
"hsa-let-7a",40,31.78,40,29.32,32.41,32.13,29.93,30.83,33.24,32.76,34.21,32.62
"hsa-let-7b",31.96,31.32,29.75,28.95,33.29,37.5,30.32,28.83,30.35,25.73,31.06,31.22
"hsa-let-7c",30.39,31.33,30.3,29.19,30.8,33.12,29.87,30.13,32.32,31.31,30.89,34.21
"hsa-let-7d",31.07,31.6,31.88,30.17,32.67,33.22,31.47,31.41,34.32,32.53,32.76,33.81
"hsa-let-7e",40,32.58,31.67,30.96,32.97,33.52,25.61,31.15,33.19,32.55,33.52,33.54
"hsa-let-7f",32.01,32.33,32.09,30.94,33.76,40,32.06,31.43,35.44,32.37,33.17,33.32
"hsa-let-7g",39.5,32.48,32.57,40,40,40,40,40,34.78,40.69,40,40
"hsa-let-7i",34.98,33.41,29.29,31.89,33,32.19,34.82,33.22,34.08,34.21,36.96,34.04
"hsa-miR-1",40,40,40,28.93,40,33.78,34.7,32.34,29.46,40,40,35.21
"hsa-miR-7",32.64,33.68,27.72,33.83,39.63,37.19,33.79,34.83,36.12,29.02,34.63,40
"hsa-miR-9",34.39,34.86,34.36,32.05,40,40,40.9,40,40,32.73,40,35.72
"hsa-miR-10a",34.5,33.05,33.21,32.85,33.76,40,33.4,32.4,32.58,35.28,32.97,32.63
"hsa-miR-10b",30.54,30.14,29.89,31.17,32.75,34.28,33.65,32.36,33.08,34.69,32.49,32
"hsa-miR-15a",35.04,35.18,32.92,33.28,33.36,33.06,33.21,30.81,32.28,32.35,31.31,34.5
"hsa-miR-15b",30.7,30.93,24.99,29.43,30.13,30.86,30.26,29.78,29.94,29.17,30.18,31.45
"hsa-miR-16",30.03,30.31,27.43,25.3,25.58,26.36,26.04,24.54,24.6,24.48,25.08,27.32
"hsa-miR-17",40,34.12,31.13,29.6,33.1,31.49,30.95,30.18,29.38,28.92,28.74,30.22
"hsa-miR-18a",40,40,37.55,38.8,36.8,40,34.8,35.53,40,34.65,40,36.78
"hsa-miR-18b",35.16,35.02,38.06,35,40,40,40,36.77,35.2,34.94,34.91,40
"hsa-miR-19a",33.18,33.05,32.05,28.03,29.8,28.05,28.54,27.45,26.41,26.84,26.54,29.63
"hsa-miR-19b",33.06,32.76,31.41,28.39,30.33,28.61,28.8,28.13,27.16,27.1,27.43,26.87
"hsa-miR-20a",38.64,32.21,31.49,29.66,31.29,32.07,30.12,29.78,29.26,29.41,28.62,31.01
"hsa-miR-20b",32.24,31.97,30.91,30.36,39.48,32.06,31.09,29.09,29.65,29.71,29.38,30.77
"hsa-miR-21",35.18,32.93,34.84,29.73,31.6,30.11,31.08,29.44,29.03,29.77,29.16,30.5
"hsa-miR-22",32.7,33.84,32.48,31.15,33.49,33.2,32.82,31.18,31.42,32.17,31.94,33.02
"hsa-miR-23a",29.16,30.08,29.54,27.2,28.41,29.33,28.3,26.18,28.63,27.86,28.25,29.16
"hsa-miR-23b",28.91,29.44,28.88,27.57,28.98,29.54,28.45,28.35,29.2,28.32,28.81,29.32
"hsa-miR-24",32.86,32.99,32.41,31,32.42,32.03,31.58,30.38,32.11,32.48,31.95,32.65
"hsa-miR-25",29.3,31.29,28.01,27.84,30.05,30.22,27.83,26.68,28.54,27.96,28.88,30.3
"hsa-miR-26a",33.26,32.75,33.89,30.69,32.76,32.16,31.36,31.46,34.07,33.06,33.18,33.26
"hsa-miR-26b",33.16,33.09,32.5,30.67,33.67,32.63,32.71,32.47,32.87,31.34,33.17,32.16
"hsa-miR-27a",34.63,33.04,34.37,30.56,33.72,31.67,32.12,40,31.57,31.87,31.28,32.88
"hsa-miR-27b",35.14,32.46,32.58,31.56,31.62,32.29,32.08,32.91,32.81,34.56,31.18,33.44
"hsa-miR-28-3p",33.68,32.4,31.49,31.21,35.26,34.1,33.23,40,34.84,32.59,32.74,34.03
"hsa-miR-28-5p",30.37,36.35,39.95,33.13,35.1,34.28,36.05,40,40.18,40,38.38,40
"hsa-miR-29a",40,40,40,34.24,34.39,34.06,34.3,40.32,40,34.85,32.83,40
"hsa-miR-29b",40,40,40,38.4,40,35.05,40,38.69,40,40,40,40
"hsa-miR-29c",30.12,29.73,33.14,34.27,40,40,40,33.89,32.61,40,40,40
"hsa-miR-30a",32.29,33.14,32.99,29.25,30.79,30.21,30.65,29.55,29.18,29.04,29.36,31.03
"hsa-miR-30b",30.33,27.56,31.42,30.62,32.09,33.45,32.53,31.12,32.88,32.1,34.27,33.25
"hsa-miR-30c",31.55,32.42,31.14,29.94,31.68,31.65,31,32.82,32.12,32.4,31.36,33.23
"hsa-miR-30d",32.03,31.06,30.57,28.55,30.54,29.51,29.85,29.32,28.79,28.18,28.71,30.03
"hsa-miR-30e",31.93,32.81,31.43,29.87,31.48,28.42,31.4,30.94,29.48,29.96,30.58,32.06
"hsa-miR-31",33.6,34.02,33.46,31.88,33.76,39.41,35.87,34.74,40,33.29,40.36,40
"hsa-miR-32",33.4,39.56,40,40.52,38.16,34.89,37.94,35.54,34.42,35.2,37.89,39.46
"hsa-miR-33a",36.64,40,33.68,37.68,37.04,37.67,37.04,34.83,40,38.26,40,39.08
"hsa-miR-33b",33.31,35.1,36.19,36.07,40,37.62,40,36.72,35.58,40.02,36.64,35.28
"hsa-miR-34a",34.86,33.35,34.04,33.4,34.25,36,34.84,30.59,34.65,35.73,35.09,31.54
"hsa-miR-34b",32.78,32.16,31.09,26.26,33.15,34.3,32.18,32.3,35.17,37.8,34.81,32.68
"hsa-miR-34c-3p",31.13,30.2,29.66,30.17,34.05,33.19,31.65,31.98,33.58,32.56,32.69,39.65
"hsa-miR-34c-5p",30.11,30.77,30.48,33.98,40,40,40,34.58,35.12,40,37.64,40
"hsa-miR-92a",29.07,29.34,26.22,26.28,29.24,30.48,27.71,27.1,28.61,27.91,28.16,28.88
"hsa-miR-92b",28.25,27.06,26.44,26.49,29.07,30.23,28.65,27.86,30,29.46,29.82,29.91
"hsa-miR-93",34.44,32.83,32.43,30.29,32.25,32.58,30.56,31.14,30.62,31.09,30.04,32.08
"hsa-miR-95",40,37.29,40,33.33,34.39,40,37.14,34.94,34.67,34.65,40,40
"hsa-miR-96",35.48,32.1,34.68,40,37.85,37.62,40,40,32.18,33.03,37.44,40
"hsa-miR-98",40,40,40,26.64,34.82,34.95,33.17,39.37,27.53,40,25.17,40
"hsa-miR-99a",32.22,33.92,32.24,33.51,40,34.35,33.55,33.3,33.74,39.38,33.1,32.43
"hsa-miR-99b",29.89,32.33,33.75,31.66,33.74,32.58,33.23,31.89,33.4,33,32.64,32.61
"hsa-miR-100",32.85,32.07,32.37,32.5,34.41,40,40,35.43,34.31,35.33,35.17,33.66
"hsa-miR-101",40,40,40,31.81,32.08,31.23,34.09,31.34,30.07,31.1,30.65,34.06
"hsa-miR-103",34.53,40,33.68,31.26,31.57,34.42,31.91,29.07,32.49,33.01,33.15,34.2
"hsa-miR-103-as",37.09,34.1,32.03,27.96,31.97,40,36.63,34.01,35.38,34.2,40,34.75
"hsa-miR-105",34.76,34.27,35.39,32.49,33.52,36.21,34.25,34.92,38.32,24.26,39.29,38.62
"hsa-miR-106a",34.15,33.04,32.07,30.27,32.8,31.82,31.33,31.01,29.43,30.14,29.43,31.19
"hsa-miR-106b",31,31.16,30.43,32.45,34.94,36.66,35.54,34.23,33.81,35.25,35.11,35.6
"hsa-miR-107",33.47,32.88,33.19,31.37,31.98,34.02,35.42,33.42,33.6,33.29,35.25,37.01
"hsa-miR-122",31.13,30.34,27.12,29.87,32.02,32.73,30.57,31.05,29.54,31.75,28.38,28.71
"hsa-miR-124",32.75,31.85,33.29,24.53,33.57,34.63,33.49,33.77,36.42,34.21,36.22,30.89
"hsa-miR-125a-3p",32.53,30.85,31.1,30.43,33.14,34.85,32.81,32.35,34.37,33.26,34.06,34.23
"hsa-miR-125a-5p",32.36,32.82,33.49,31.45,33.1,33.56,32.4,32.54,34.24,33.61,32.37,32.22
"hsa-miR-125b",40,40,40,31.71,34.41,40,32.69,31.44,34.7,38.15,32.03,32.68
"hsa-miR-126",34.64,35.42,40,29.5,30.79,29.47,30.75,30.91,29.48,25.03,29.79,32.03
"hsa-miR-127-3p",32.58,33.12,32.13,31.81,35.86,33.25,34.13,32.23,34.48,36.51,31.8,34.98
"hsa-miR-127-5p",35.04,34.14,33.16,34.5,34.24,38.03,34.5,35.12,24.51,34.28,36.07,36.08
"hsa-miR-128",34.16,39.56,26.82,33.19,40,39.89,34.04,37.42,38.17,40,40,40
"hsa-miR-129-3p",36.49,30.69,33.42,32.72,35.3,33.94,40,40,40,40,34.8,33.29
"hsa-miR-129-5p",34.67,30.48,30.34,30.27,31.61,18.25,29.26,31.72,31.02,26.83,33.87,28.16
"hsa-miR-130a",35.1,34.85,36.66,33.67,33.93,34.49,34.49,32.96,33.46,34.15,35.54,29.55
"hsa-miR-130b",33.64,32.68,31.77,33.55,37.18,34.83,39.51,34.94,33.88,34.25,34.95,36.38
"hsa-miR-132",29.65,22.07,30.64,29.05,30.83,31.08,29.8,30.33,30.93,30.64,30.48,29.96
"hsa-miR-133a",36.81,33.91,32.77,27.46,35.99,33.75,33.36,31.22,39.04,40,35.65,35.27
"hsa-miR-133b",34.65,35.59,32.3,28.45,40,39.29,38.14,32.86,34.62,40,40,38.94
"hsa-miR-134",32.86,34.41,33.71,33.31,40.07,36.42,33.91,23.9,40,37.05,34.72,35.54
"hsa-miR-135a",30.27,25.82,28.55,29.66,31.01,30.79,22.22,30.21,30.79,26.09,30.56,30
"hsa-miR-135b",28.93,29.73,29.7,28.58,30.09,28.14,31.04,30.29,31.96,32.14,31.06,30.86
"hsa-miR-136",35.7,37.73,40,40.15,34.44,34.42,40,40.13,40,40,37.2,40
"hsa-miR-137",38.1,40,40,40,40,40,40,35.01,40,40,40,39.8
"hsa-miR-138",34.31,33.64,33.24,30.33,33.49,34.92,34.09,33.27,30.31,36.26,37.98,33.92
"hsa-miR-139-3p",32.73,33.08,31.09,33.95,30.24,35.33,31,32.26,35.2,32.72,35.39,35.28
"hsa-miR-139-5p",32.55,32.29,40,30.59,32.08,33.51,33.08,31.57,33.59,33.21,34.7,33.24
"hsa-miR-140-3p",33.5,33.21,31.76,31.37,32.02,31.12,32.28,30.97,29.3,29.98,29.77,31.51
"hsa-miR-140-5p",35.32,36.83,34.33,34.75,40,39.46,38.71,40.91,34.7,40.48,37.95,37.99
"hsa-miR-141",40,34.67,34.88,37.1,39.55,40,40,40,40.7,40,38.08,40
"hsa-miR-142-3p",34.65,34.54,40,33.61,34.55,31.82,31.27,34.63,34.87,40,38.54,39.36
"hsa-miR-142-5p",40,40.77,40,38.11,40,33.19,40,36.59,40.5,37.17,33.47,40
"hsa-miR-143",32.55,32.2,31.56,34.14,38.25,35.04,32.87,34.03,33.64,34.16,40,38.3
"hsa-miR-144",37.91,32.03,31.57,35.56,40,36,40,34.72,37.98,40,34.66,40
"hsa-miR-145",33.72,32.57,40,31.32,33.44,37.27,31.34,31.99,32.22,31.88,32.48,33.11
"hsa-miR-146a",34.6,40,32.39,31.63,34.86,34.79,32.29,40,34.76,34.99,34.58,40
"hsa-miR-146b-3p",35.71,40,32.42,32.74,33.92,40.6,35.46,34.37,40,36.33,34.75,35.94
"hsa-miR-146b-5p",37.08,34.06,40,32.71,40,35.13,40,35.16,35.34,35.19,40.31,40
"hsa-miR-147",33.03,31.49,31.42,30.35,33.83,35.15,34.36,33.04,34.22,34.79,33.84,34.53
"hsa-miR-147b",37.66,33.81,34.69,33.81,35.88,38.57,38.09,39.49,38.3,40,40,35.33
"hsa-miR-148a",35.81,33.33,35.75,31.51,32.56,31.98,32.89,40,31.47,32.2,32.4,33.8
"hsa-miR-148b",37.12,33.01,32.94,31.22,35.83,33.48,34.15,34.36,30.25,31.83,32.54,32.33
"hsa-miR-149",29.55,29.04,29.83,29.98,33.13,33.78,31.8,30.67,33.88,33.11,31.78,31.8
"hsa-miR-150",31.88,31.36,31.02,28.62,31.06,32.33,30.5,30.35,31.01,30.32,29.35,29.5
"hsa-miR-151-3p",32.78,31.03,31.13,31.54,32.02,34.18,31.69,33.58,32.63,32.27,30.85,39.63
"hsa-miR-151-5p",32.7,32.36,31.35,30.93,35.06,34.47,33.33,30.98,33.03,33.15,34.32,33.64
"hsa-miR-152",34.21,35.17,34.88,32.63,32.9,34.52,33.57,34.06,31.35,33.72,40,40
"hsa-miR-153",35.52,36.27,37.01,37.12,35.5,39.76,37.34,36.96,40,38.92,39.41,39.38
"hsa-miR-154",35.17,33.57,32.76,35.02,40,40,33.82,35.19,40,34.92,29.63,33.32
"hsa-miR-155",37.38,39.77,39.2,40,36.04,40,40,34.33,40,39.45,34.14,38.06
"hsa-miR-181a",28.62,28.9,40,27.46,29.56,30.01,30.41,29.59,30.94,31.19,30.39,40
"hsa-miR-181b",30.3,27.72,28.45,31.54,33.07,32.48,33.25,32.45,32.31,32.55,34.81,32.1
"hsa-miR-181c",29.6,23.76,26.48,26,25.08,26.83,22.21,26.07,27.98,26.56,27.21,25.84
"hsa-miR-181d",29.9,29.86,28.6,30.97,33.4,32.82,32.63,32.63,35.07,22.37,33.77,33.08
"hsa-miR-182",35.84,39.11,34.41,39.06,36.07,38.89,40,34.77,34.19,40,40,30.46
"hsa-miR-183",35,33.03,28.08,36.42,36.19,36.4,37.05,39.86,35.93,36.12,40,35.97
"hsa-miR-184",32.47,36.74,32.03,40,40,32.21,40.13,40,40,33.44,40,40
"hsa-miR-185",35.15,32.25,31.69,32.57,32.12,33.11,32.83,35.9,31.95,31.3,32.68,34.45
"hsa-miR-186",34.84,32.84,31.41,33.86,33.62,40,33.47,35.79,31.48,32.36,33,39.09
"hsa-miR-187",31.2,30.79,30.6,29.79,32.1,32.21,33.13,30.61,32.08,30.64,31.85,31.87
"hsa-miR-188-3p",34.22,32.38,32.2,32,35.46,36.12,33.82,33.64,35.05,35.14,34.34,36.46
"hsa-miR-188-5p",31.9,30.53,30.22,30.52,31.97,32.03,33.36,31.31,32.49,33.06,35.29,32.87
"hsa-miR-190",40,40,40,40,40,40,40,40,29.62,11.02,37.17,40
"hsa-miR-190b",38.63,40,40,37.25,40,40,40,40,40,40,40,40
"hsa-miR-191",30.91,31.03,31.26,29.9,32.2,31.36,31.04,30.47,32.27,30.57,31.05,33.1
"hsa-miR-192",32.37,33.83,32.17,32.43,33.07,33.01,33.04,32.45,30.13,31.2,31.53,32.31
"hsa-miR-193a-3p",34.71,33.58,34.13,40,34.24,40,32.58,36.03,36.91,39.55,40.78,40.8
"hsa-miR-193a-5p",36.25,34.69,33.38,34.06,33.33,33.87,33.61,32.61,32.28,31.95,32.99,33.58
"hsa-miR-193b",31.45,31.59,31.71,31.56,33.64,31.55,31.77,31.41,31.56,33.14,32.8,34.64
"hsa-miR-194",35.53,33.34,33.48,31.26,32.8,32.36,32.47,32.25,32.07,31.37,32.05,32.26
"hsa-miR-195",31.52,30.41,27.54,25.64,26.16,26.47,26.41,25.56,25.18,25.31,25.68,27.56
"hsa-miR-196a",36.68,34.64,32.57,32.29,34.21,40,40,34.16,40,33.63,40.29,40
"hsa-miR-196b",33.31,34.11,36.06,33.81,40,35.17,33.54,34.81,40,35.16,36.77,40
"hsa-miR-197",30.64,28.91,36.48,29.25,31.53,33.15,31.34,30.88,32.08,32.28,32.8,31.38
"hsa-miR-198",36.42,40,35.42,32.88,35,34.12,37.32,34.3,40,35.1,40,40
"hsa-miR-199a-3p",39.04,40,34.04,40,40,40,40,40,40,35.65,40,40
"hsa-miR-199a-5p",40,33.99,34.17,38.09,36.19,38.32,35.24,34.2,39.92,38.38,40,40.59
"hsa-miR-199b-3p",35.88,36.07,34.62,33.01,34.51,40,32.13,40,34.4,40,29.37,40
"hsa-miR-199b-5p",32.26,31.97,29.24,35.62,40,40,40,40,40,31.84,40,40
"hsa-miR-200a",40,40,37.18,40,40,39.97,40,36.44,40,40,39.68,40
"hsa-miR-200b",40,40,36.81,34.81,40,28.15,40,28.38,40,40,40,34.87
"hsa-miR-200c",35.22,37.44,34.58,36.56,36.39,30,40,35.21,38.52,34.95,35.11,40
"hsa-miR-202",32.42,32.29,30.99,31.42,32.91,34.81,35.39,34.9,40,34.08,34.47,34.44
"hsa-miR-203",33.69,31.72,32.13,34.64,27.15,39.46,38.69,40,40,33.51,40,28.47
"hsa-miR-204",34.09,32.57,37.22,33.76,30.2,38.75,34.35,35.31,40,39.56,34.63,34.9
"hsa-miR-205",32.94,33.36,33.02,34.93,34.58,32.61,37.48,35.16,34.06,37.23,38.66,35.9
"hsa-miR-206",32.84,32.73,32.43,32.15,33.78,37.08,34.03,32.95,35.46,36.54,40,33.43
"hsa-miR-208a",35.63,37.19,34.44,36.88,34.97,39.77,38.06,37.33,36.75,35.3,39.35,40
"hsa-miR-208b",39.11,35.91,40,40,40,35.93,40,40,40,40,40,40
"hsa-miR-210",32.51,31.63,31.07,31.55,34.08,32.67,37.4,33.17,37.39,35.11,34.56,35.25
"hsa-miR-211",32.78,32.73,32.24,33.15,35.06,38.4,35.33,33.39,34.54,38.85,38.01,34.3
"hsa-miR-212",31.69,32.3,30.06,31.99,33.3,32.17,32.07,31.58,33.66,33.68,34.6,34.14
"hsa-miR-214",31.24,29.88,29.91,30.06,31.53,33.02,33.2,31.7,32.42,28.43,32.78,32.08
"hsa-miR-215",37.29,34.85,37.8,33.59,35.15,40,31.64,40.03,35.24,33.96,36.95,40
"hsa-miR-216a",33.24,33.17,36.64,34,36.33,37.49,34.16,37.04,35.29,34.51,40,38.45
"hsa-miR-216b",32.91,33.37,33.39,33.8,33.93,35.61,39.52,33.13,40.22,34.17,38.69,35.02
"hsa-miR-217",38.54,40,36.24,40,37.91,40,40,40,40,40,40,40
"hsa-miR-218",37.89,35.03,40,35.15,40,39,38.42,37.3,40,40,35.33,40
"hsa-miR-219-1-3p",37.24,37.21,35.43,34.11,40.68,34.25,29.24,33.94,35.2,40.83,40.32,40
"hsa-miR-219-2-3p",33.43,32.36,31.56,32.24,35.47,35.3,36.36,32.8,40,33.94,35.49,35.66
"hsa-miR-219-5p",40,40,35.37,34.21,40,37.53,35.51,39.63,40,38.12,40,40
"hsa-miR-220a",32.78,31.49,29.73,40,40,40,40,35.2,37.54,40,40,40
"hsa-miR-220b",40,33.72,33.59,35.66,34.6,40,34.3,34.26,40,40,40,40
"hsa-miR-220c",35.89,31.34,33.49,33.19,40.75,37.41,40,36.16,35.53,35.76,39.02,34.72
"hsa-miR-221",33.07,31.97,30.81,30.59,33.05,33.81,32.06,31.9,34.14,32.66,34.59,35.44
"hsa-miR-222",27.34,28.01,27.87,29.48,31.8,32.63,31.27,30.07,31.49,31.26,33.03,32.04
"hsa-miR-223",27.53,28.3,28.99,26.75,27.18,27.37,28.27,27.55,28.22,26.16,27.85,28.98
"hsa-miR-224",24.52,25.72,25.62,36.29,40,34.7,40,34.79,40,35.1,40,40.28
"hsa-miR-296-3p",31.86,30.33,30.33,30.53,32.6,33.52,31.69,32.08,33.71,33.05,34.15,36.69
"hsa-miR-296-5p",34.28,33.34,31.68,32.51,37.08,40,34.5,32.97,35.07,40.98,36.47,34.46
"hsa-miR-297",32.27,30.53,30.66,29.65,30.36,36.53,32.03,31.43,32.42,33.01,32.57,33.82
"hsa-miR-298",32.96,32.16,32.51,32.02,33.49,36.48,34.33,33.49,35.54,34.72,37.15,37.57
"hsa-miR-299-3p",40.17,40,37.38,36.67,40,38.56,40,40.12,40,40,40,40
"hsa-miR-299-5p",35.48,34.44,37.8,35.42,40,40,37.86,40,40,40,40,40
"hsa-miR-300",31.67,31.73,31.39,29,32.56,34.04,31.52,31.88,33.62,33.47,33.43,34.59
"hsa-miR-301a",39.41,35.73,38.56,32.71,33.38,34.34,40,38.01,34.4,33.47,33.06,34.4
"hsa-miR-301b",40,39.41,33.35,34.15,34.54,40,40,36.18,38.06,33.73,40,34.46
"hsa-miR-302a",34.43,36.32,35.47,33.75,34.95,40,40,35.25,39.08,36.61,36.24,40
"hsa-miR-302b",36.67,40,35.05,38.42,35.12,40,40,40,40,35.09,40,40
"hsa-miR-302c",35.28,34.69,34.17,34.59,34.37,35.99,40.48,33.39,34.05,40,36.06,34.6
"hsa-miR-302d",34.25,34.62,34.21,35.18,38.15,34.55,34.13,39.97,40,35.35,40,34.41
"hsa-miR-302e",33.55,34.15,34.06,32.19,37.56,40,36.49,36.06,40,36.47,39.26,39.3
"hsa-miR-302f",40,40,40,40,40,40,40,40,40,40,40,40
"hsa-miR-320a",31.1,30.39,28.9,28.4,30.17,30.55,29.26,29.14,30.13,29.46,29.59,30.28
"hsa-miR-320b",40,30.19,28.55,28.07,29.84,30.34,29.81,29.18,29.94,29.82,29.87,30.45
"hsa-miR-320c",31.84,30.3,40,29.01,29.85,31.16,29.44,29.21,30.28,30.09,29.47,30.58
"hsa-miR-320d",32.48,33.38,33.15,31.11,34.99,32.92,32.87,32.2,33.58,33.14,34.18,33.17
"hsa-miR-323-3p",31.55,32.11,30.93,31.07,33.69,35.42,33.36,33.45,34.12,34.54,33.85,34.76
"hsa-miR-323-5p",32.79,30.98,31.22,28.96,33.34,33.29,34.73,40,36,40,40,35.92
"hsa-miR-324-3p",32.27,31.59,30.86,40,35,26.26,40,31.49,32.24,28.34,37.59,32.2
"hsa-miR-324-5p",26.11,24.86,26.42,35.31,33.72,40,40,40,38.53,40,40,33.38
"hsa-miR-325",34.74,34.94,37.99,40,38.44,37.19,40,40,34.7,40,32.05,35.16
"hsa-miR-326",30.74,29.17,28.89,40,40,34.53,40,40,32.64,40,33.01,35.39
"hsa-miR-328",40,40,29.79,32.04,40,40,40.73,33.91,34.82,35.25,40,35.48
"hsa-miR-329",40,34.3,38.88,36.26,33.29,31.25,35.15,38.28,34.62,33.45,34.85,40
"hsa-miR-330-3p",32.54,31.86,32.18,36.75,40,36.62,28.56,37.83,34.75,40,33.8,35.24
"hsa-miR-330-5p",40,33.39,33.46,22.84,30.08,37.97,31.32,40,34.01,40.95,35.03,40
"hsa-miR-331-3p",40,36.01,38.48,40,32.02,35.4,34.19,40,33.19,31.03,29.56,40
"hsa-miR-331-5p",33.47,31.04,30.94,40,36.22,35.21,34.56,36.24,30.85,34.83,32.59,35.09
"hsa-miR-335",35.39,32.12,33.98,23.62,40,40,40,40,32.26,33.77,33.04,32.46
"hsa-miR-337-3p",34.3,32.11,31.44,40,33.31,32.2,33.35,40.56,33.17,33.15,32.22,31.5
"hsa-miR-337-5p",36.84,34.39,37.32,37.89,40,40,34.73,37.51,33.11,34.15,30.7,32.3
"hsa-miR-338-3p",40,39.71,33.96,29.87,31.01,32.93,33.27,30.24,32.92,33.4,32.28,32.34
"hsa-miR-338-5p",32.98,32.12,31.58,31.77,32.21,34.71,33.68,32.28,33.95,32.95,32.53,34.04
"hsa-miR-339-3p",32.81,32.03,31.42,40,40.63,40,40,40,40,37.17,40,35.31
"hsa-miR-339-5p",32.03,31.53,32.33,32.21,34.34,33.97,34.76,34.11,34.25,33.43,37.34,35.23
"hsa-miR-340",40,36.33,40,35.21,40,40,36.55,34.59,37.34,36,36.27,40
"hsa-miR-342-3p",31.84,31.41,32.31,35.87,40,40,35.86,35.16,40,40,40,40
"hsa-miR-342-5p",35.67,34.17,36.83,32.59,34.07,39.42,36.17,33.46,32.58,34.75,34.91,34.05
"hsa-miR-345",30.96,30.34,30.06,33.82,33.32,35.27,33.92,31.3,32.2,33,32.61,33.1
"hsa-miR-346",29.21,28.03,27.03,37.32,40,40.2,35.52,36.54,40,39.01,36.97,37.76
"hsa-miR-361-3p",38.6,33.86,40,40.78,40,40,40,40,40,40,40,40
"hsa-miR-361-5p",40,35.57,34.46,37.59,36.63,40,40,40,40,35.56,34.31,40
"hsa-miR-362-3p",39.6,40.91,35.73,32.5,34.13,33.72,34.2,32.65,37.49,33.77,40,34.88
"hsa-miR-362-5p",24.9,24.02,22.82,33.72,37.44,33.23,34.97,34.19,34.49,35.11,35.55,36.08
"hsa-miR-363",40,37.12,33.81,32.75,35.36,36.82,35.63,32.37,39.07,33.36,38.75,34.52
"hsa-miR-365",32.45,31.05,30.53,35.59,40,40,35.18,40,40,40,40,40
"hsa-miR-367",35.75,35.33,34.37,31.25,33.44,34.98,32.83,33.17,32.47,31.05,31.34,32.01
"hsa-miR-369-3p",39.89,40,36.16,40,40,40,37.64,40,40,40,40,40
"hsa-miR-369-5p",33.2,32.53,32.87,40,40,40,40,40,40,40,40,40
"hsa-miR-370",32.47,30.78,31.44,36.08,35.94,40,34.92,40,40,40,40,34.76
"hsa-miR-371-3p",35.64,38.4,36.86,31.35,32.98,34.56,32.31,32.21,34.82,33.1,35.26,34.95
"hsa-miR-371-5p",33.44,32.43,31.94,28.82,31.07,33.16,32.15,29.41,31.01,31.68,30.81,32.5
"hsa-miR-372",36,33.36,40.71,35.47,40,40,40,40,40,40,40,36.75
"hsa-miR-373",40.45,35.25,32.2,34.95,40,40,40,35.66,34.9,40,33.66,40
"hsa-miR-374a",33.86,34.35,34.35,40,40,40,40,40,40,35.5,40,40
"hsa-miR-374b",30.28,34.12,32.87,25.3,26.46,22.5,26.3,23.95,24,26.31,25.03,26.09
"hsa-miR-375",30.27,30.47,30.81,34.35,40,40,39.32,35.41,40,40,35.64,40
"hsa-miR-376a",33.23,31.04,29.42,32.33,40,32.36,38.58,31.92,34.59,40,36.42,34.53
"hsa-miR-376b",34.22,40,31.09,36.18,39.04,40,40.25,35.97,40,40,38.7,37.29
"hsa-miR-376c",38.74,34.21,33.1,40,40,40,40,40,35.94,40.03,40,40
"hsa-miR-377",37.02,37.43,35.93,40,40,40,40,40,40,40,40,40
"hsa-miR-378",34.85,33.68,32.81,33.38,34.3,33.86,37.91,33.58,36.16,37.09,39.62,35.44
"hsa-miR-379",37.14,40,38.05,35.23,40,40,40,40.97,40,40,36.21,40
"hsa-miR-380",36.77,34.81,33.21,36.51,39.29,37.79,34.3,33.89,36.25,35.2,34.5,36.12
"hsa-miR-381",40,40,40,35.91,40,35.27,35.54,40,33.82,40,40.2,40
"hsa-miR-382",30.85,30.59,27.54,40,40,40,40,40,40,40,40,40
"hsa-miR-383",35.32,30.39,28.48,40,40,40,40,40,40,40,40,40
"hsa-miR-384",40,40,40,39.43,40,40,40,40,40,40,40,40
"hsa-miR-409-3p",32.7,31.59,27.51,33.05,34.21,35.09,36.66,34.17,40.58,34.07,33.63,36.99
"hsa-miR-409-5p",34.33,33.92,34.12,37.16,38.88,38.38,40,37.84,40,40,40,40.34
"hsa-miR-410",34.07,32.77,32.2,33.73,39.46,40.1,37.47,34.17,36.3,34.29,34.76,34.59
"hsa-miR-411",40,35.3,40,40,40,35.6,40,40,40,40.02,40.92,40
"hsa-miR-412",34.26,32.64,31.52,33.28,34.72,36.63,35.86,35.51,37.93,38.56,40,34.98
"hsa-miR-421",28.51,29.72,27.95,34.2,33.16,36.89,37.53,35.15,38.63,33.84,35.15,38.5
"hsa-miR-422a",33.06,31.73,32.02,32.05,33.69,40,37.18,32.65,31.43,33.44,32.96,33.27
"hsa-miR-423-3p",33.2,33.22,31.82,33.05,34.35,35.14,33.47,33.49,40,40,40,40
"hsa-miR-423-5p",31.52,32.24,30.14,31.87,32.21,40,33.38,33.62,32.54,32.32,32.16,33.19
"hsa-miR-424",34.56,40,40,34.95,40,34.89,40,40,40,33.67,32.88,34.97
"hsa-miR-425",33.46,33.36,33.08,31.26,34.08,33.11,32.19,32.14,34.38,31.53,32.18,34.97
"hsa-miR-429",34.12,34.95,29.84,39.19,37.24,36.57,37.8,40,38.31,34.52,34.46,37.11
"hsa-miR-431",34.88,33.36,32.37,33.17,36.51,38.39,36.35,34.9,38.66,34.07,40,33.88
"hsa-miR-432",33.61,36.09,32.82,34.34,36.88,34.97,40,34.63,35.07,36.05,37.67,40
"hsa-miR-433",34.03,33.49,31.95,32.47,35.57,36.43,35.22,33.83,35.42,35.68,40,40
"hsa-miR-448",35.63,33.72,36.51,35,40,36.34,40.78,40,39.23,39.73,40,39.58
"hsa-miR-449a",34.2,33.49,34.46,34.49,40,40,40,34.5,36.6,40,40.5,40
"hsa-miR-449b",34.45,33.03,33.22,33.55,36.97,40,34.97,40,38.64,35.99,40,37.67
"hsa-miR-450a",40,40,40,40,40,40,40,40,40,40,40,40
"hsa-miR-450b-3p",40,37.92,40,40,40,40,40,37.05,40,38.16,40,40
"hsa-miR-450b-5p",40,40,40,40,40,40,40,40,40,36.27,37.59,40
"hsa-miR-451",30.24,30.34,27.09,26.74,29.78,28.07,29.15,28.28,26.82,27.14,26.1,28.69
"hsa-miR-452",33.85,33.11,29.83,35.23,37.39,40,40,39.89,40,40,40,40
"hsa-miR-453",34.37,32.67,27.94,35.31,35.09,31.68,33.02,33.71,36.83,35.88,40,34.65
"hsa-miR-454",36.22,32.63,33.29,35.19,36.21,35.66,40,33.02,39.22,35.28,35.1,40
"hsa-miR-455-3p",34.25,37.56,35.31,36.27,40,40,40,34.49,40,40,31.67,40.5
"hsa-miR-455-5p",40,36.67,39.34,35.59,40,40,40.64,35.34,39.26,37.4,40,40
"hsa-miR-483-3p",31.67,31.17,30.36,31.25,33.16,35.4,33.16,32.52,33.78,34.04,34.1,33.04
"hsa-miR-483-5p",32.23,32.15,29.28,32.43,35.02,34.2,34.34,33.04,33.2,32.95,33.34,32.67
"hsa-miR-484",32.02,34.71,30.26,30.77,40,33.12,31.82,40,40,40,40,40
"hsa-miR-485-3p",30.02,30.07,28.3,30.44,34.13,33.56,32.32,31.16,33.75,32.81,31.4,33.12
"hsa-miR-485-5p",38.07,40,33.45,33.68,38.61,40,40,40.33,40,34.85,40,40
"hsa-miR-486-3p",33.81,32.86,33.06,33.61,40,40,35.44,34.45,35.92,35.88,34.28,35.46
"hsa-miR-486-5p",28.35,28.65,24.4,25.14,25.76,28.06,25.45,24.68,25.24,24.37,25.24,26.35
"hsa-miR-487a",35.11,38.03,34.41,35.23,39.31,40,40,40.14,40,40,35.56,40
"hsa-miR-487b",33.55,35.65,35.43,33.72,35.32,37.33,38.28,38.62,39.56,40,40,40
"hsa-miR-488",31.42,33.28,34.31,33.22,40,34.39,35.97,40,32,35.96,40,37.15
"hsa-miR-489",37.41,33.46,33.86,33.05,34.6,38.69,38.88,34.76,40,35.43,35.51,38.92
"hsa-miR-490-3p",32.01,30.42,30.29,31.68,33.25,38.65,36.09,33.06,33.76,33.13,33.32,38.32
"hsa-miR-490-5p",34.78,32.03,32.49,35.08,37,34.75,39.85,34.06,38.03,38.71,34.32,39.18
"hsa-miR-491-3p",40,35.12,32.87,34.92,38.18,40,40,37.08,40,40,40,40
"hsa-miR-491-5p",35.64,38.44,33.61,35.32,38.68,37.1,40,33.69,40,34.99,40,37.08
"hsa-miR-492",40,35.12,40,40.82,40,40,40,40,40,40,40,40
"hsa-miR-493",30.69,29.16,28.92,30.14,30.6,33.04,33.03,30.31,32.77,32.09,32.49,32.74
"hsa-miR-494",40,40,23.01,26.14,31.06,30,31.19,30.77,31.44,32.1,31.28,30.68
"hsa-miR-495",33.88,40,40,40,37.5,40,40,36.91,34.77,34.24,35.43,40
"hsa-miR-496",35.68,32.28,33.66,33.73,40.12,38.48,34.5,33.19,38.36,41,37.26,36.61
"hsa-miR-497",34.41,34.03,31.43,34.6,35.57,35.88,39.02,35.22,35.7,38.87,35.19,40
"hsa-miR-498",40,35.29,40,40,40,40,40,36,40,40,40,40
"hsa-miR-499-3p",32.17,31.85,30.91,34.02,32.05,34.12,32.7,33.32,34.01,33.14,33.62,34.17
"hsa-miR-499-5p",40,33.91,38.72,36.93,35.74,35.54,40.94,35.43,37.79,38.38,40,40
"hsa-miR-500",36.22,32.74,32.88,35.48,39.26,39,38.22,34.4,39.69,39.64,39.1,40
"hsa-miR-501-3p",34.23,32.55,34.58,34.02,40,40,40,33.81,36.72,35.14,37.27,37.48
"hsa-miR-501-5p",34.52,32.77,31.78,33.34,34.46,35.41,35.84,35.35,37.42,38.68,37.26,36.19
"hsa-miR-502-3p",37.34,33.8,35.76,33.59,34.45,40,35.71,35.88,37.16,34.94,40,40
"hsa-miR-502-5p",34.24,33.66,32.34,34.37,34.09,38.09,36.55,35.07,36.4,36.26,37.03,40
"hsa-miR-503",33.62,31.32,30.39,31.9,34.21,38.06,35.21,31.83,32.87,32.66,39.77,35.99
"hsa-miR-504",40,40,34.19,39.49,36.27,40,40,40,40,40,40,40
"hsa-miR-505",32.3,31.53,31.96,32.17,33.65,34.24,35.53,35.73,34.34,38.09,34.12,40.81
"hsa-miR-506",38.99,37.05,34.8,36.84,40.32,40,36.24,35.09,40,35.44,40,36.48
"hsa-miR-507",37.13,34.78,37.82,38.79,40,40,40,36.88,40,40,40,40
"hsa-miR-508-3p",40.42,40.61,40,35.8,37.34,40,40,40,40,40,40,40
"hsa-miR-508-5p",35.06,32,32.81,34.12,37.48,39.9,35.16,40,40,36.33,40,34.15
"hsa-miR-509-3-5p",33.88,30.74,33.38,33.18,36.9,35.87,37.17,35.38,40,36.48,38.52,35.95
"hsa-miR-509-3p",34.95,34.64,35.03,35.21,34.83,37.76,40,34.59,35.68,35.06,34.13,34.29
"hsa-miR-509-5p",35.32,36.16,33.66,34.75,40,36.13,35.99,37.32,40,35.75,40,40.71
"hsa-miR-510",34.21,32.26,31.32,36.04,37.15,40,34.78,33.57,36.07,35.27,35.53,37.04
"hsa-miR-511",34.96,32.6,31.97,34.52,37.46,37.61,35.56,36.7,39.79,34.29,40,40
"hsa-miR-512-3p",30.89,31.27,30.96,32.21,33.75,31.22,33.45,31.63,35.09,34.87,34.62,34.27
"hsa-miR-512-5p",36.39,33.31,33.07,37.56,37.37,40,35.42,33.61,39.56,35.01,40,36.15
"hsa-miR-513a-3p",40,38.38,38.54,35.61,40.47,40.31,40,40.48,40,34.96,40,40
"hsa-miR-513a-5p",34.15,32.84,32.98,34,34.3,39.91,34.35,35.41,35.33,36.55,35.85,37.49
"hsa-miR-513b",40,34.72,34.51,40,40,40,40,40,40,40,40,40
"hsa-miR-513c",33.54,38.25,32.8,35.62,37.16,33.94,37.93,38.13,34.99,35.28,36.04,35.38
"hsa-miR-514",40,37.47,40,40,40,40,40,36.53,40,40,40,40
"hsa-miR-515-3p",35.16,36.32,38.14,37.14,39.55,40,37.29,40,40,35.73,40,40
"hsa-miR-515-5p",36.44,34.26,33,35.77,33.14,40,35.88,34.48,36.2,36.06,39.4,36.79
"hsa-miR-516a-3p",34.02,33.62,34.46,36.31,38.28,40,40,34.52,37.14,40,40,39.56
"hsa-miR-516a-5p",34.25,34.94,33.95,38.39,40,40,40,39.26,36.01,37.57,40,36.26
"hsa-miR-516b",35.84,35.23,35.53,35.75,40,38.52,40,40,40,40,40,40
"hsa-miR-517a",40,34.04,35.11,40,40,40,40,40,40,35.38,40,35.18
"hsa-miR-517b",35.32,40,40,40,40,37.09,40,40,40,40,40,40
"hsa-miR-517c",35.42,40,36.27,40,39.11,40,40,40,40,35.3,40,40
"hsa-miR-518a-3p",34.7,33.24,33.56,33.29,35.53,40,34.06,35.34,34.49,37.14,37.16,40
"hsa-miR-518a-5p",35.54,36.24,34.12,33.51,34.42,40,36.11,33.52,39.14,37.38,36.85,36.31
"hsa-miR-518b",40,34.06,40,40,40,40,40,40,40,40,40,40
"hsa-miR-518c",39.57,30.19,36.15,40,40,40,40,40,40,40,40,40
"hsa-miR-518d-3p",36.13,34.45,32.22,33.89,40,40,39.33,34.98,40,35.54,40,35.43
"hsa-miR-518d-5p",33.36,31.64,31.01,32.99,34.79,34.57,39.85,32.69,34.02,35.67,34.79,38.33
"hsa-miR-518e",35.03,32.87,40,32.85,34.22,40,40,40.25,40,40,40,34.06
"hsa-miR-518f",40,34.24,38.36,40,40,40,40,39.1,40,40,40,40
"hsa-miR-519a",40,40,37.63,40,40,40,40,40,40,37.34,40,40
"hsa-miR-519b-3p",36.25,35.24,40,40,40,40,40,40,40,40,40,40
"hsa-miR-519b-5p",33.66,40,40,32.97,38.69,36.34,33.3,34.12,35.85,34.52,35.33,40
"hsa-miR-519c-3p",40,36.51,40,40,40,40,40,40,40,40,40,40
"hsa-miR-519c-5p",34.69,32.41,32.41,33.48,33.91,35.58,37.34,33.21,35.5,36.21,40,40
"hsa-miR-519d",40,36.4,32.02,35.03,40,40,37.23,40.91,40,40,4.07,40
"hsa-miR-519e",34.54,36.19,35.84,40,40,40,40,40,40,40,40,40
"hsa-miR-520a-3p",40,32.85,32.36,33.79,40,40.12,37.16,36.83,36.01,40,34.95,34.75
"hsa-miR-520a-5p",33.62,37,40,34.29,40,40,38.04,40,36.89,40,36.25,40
"hsa-miR-520b",35.2,30.26,37.62,37.6,35.9,40,40,40,40,40,40,40
"hsa-miR-520c-3p",33.24,33.65,33.87,40,40,40,40,40,40,36.39,40,40
"hsa-miR-520c-5p",40,31.22,31.31,32.42,36.56,40,39.04,40,35.15,35.18,38.41,40
"hsa-miR-520d-3p",35.01,31.74,31.44,35.07,35.46,35.22,36.42,33.15,38.57,33.34,34.81,38.53
"hsa-miR-520d-5p",40,31.88,32.45,34.64,40,40,36.33,39.25,37.63,37.3,40,35.76
"hsa-miR-520e",38.96,34,32.73,31.55,40,38.25,40,40.31,40,34.88,37.87,40
"hsa-miR-520f",40.91,40,40,36.13,40,40,40,40.16,40,40,40,40
"hsa-miR-520g",33.55,40,35.02,40,40,40,40,38.25,40,40,40,40
"hsa-miR-520h",38.83,40,40,40,40,40,40,40,40,40,40,40
"hsa-miR-521",35.35,33.54,36.31,39.2,40,40,40,34.69,40,40,40,34.93
"hsa-miR-522",40,40,39.82,40,35.25,40.63,36.15,40,40,39.05,40,33.61
"hsa-miR-523",40,30.06,32.2,32.24,33.46,33.24,33.42,32.15,33.61,33.87,32.54,32.74
"hsa-miR-524-3p",31.47,40,40,34.05,38.26,40,38.34,36.34,40,35.91,35.02,38.33
"hsa-miR-524-5p",40,32.94,40,32.65,34.6,38.28,33.59,33.75,33.5,34.59,34.92,35.41
"hsa-miR-525-3p",34.14,29.09,37.06,35.07,40,40,40,40,40,40,40,40
"hsa-miR-525-5p",40,32.97,40,33.34,33.25,36.65,36.19,32.83,34.86,39.11,40,34.83
"hsa-miR-526a",33.3,31.12,31.42,32.51,35.3,40,34.84,32.76,38.11,36.28,40,34.5
"hsa-miR-526b",40,40,40,33.26,34.87,39.1,35.09,37.77,38.08,33.99,35.57,35.29
"hsa-miR-527",40,33.65,32.95,34.45,35.19,40,34.6,34.43,36.02,33.67,40.85,40
"hsa-miR-532-3p",32.78,31.06,30.64,31.32,32.14,32.72,32.9,31.63,32.8,32.09,32.19,33.64
"hsa-miR-532-5p",40,40,40,35.97,33.69,40,40,33.61,33.27,35.93,33.98,40
"hsa-miR-539",32.63,31.95,28.95,35.6,37.58,40,40,34.13,40,34.32,35.33,40
"hsa-miR-541",33.19,32.13,31.58,34.08,40,40,36.24,34.29,34.64,36.68,34.44,36.79
"hsa-miR-542-3p",31.41,33.5,32.88,37.41,34.6,40.73,40,40,40,40,40,40
"hsa-miR-542-5p",39.89,36.26,40,37.62,40.26,40,40.91,35.08,40,40,40,40
"hsa-miR-543",40,34.55,33.35,35.21,34.33,40,40,35.16,40.79,40,35.26,40
"hsa-miR-544",33.82,35.64,35.99,33.24,40.02,34.23,40,40,40,37.11,40,40
"hsa-miR-545",35.96,31.59,31.43,34.98,34.6,39.19,40,40,40,38.72,40,40
"hsa-miR-548a-3p",33.22,31.69,32.21,31.75,34.62,34.39,34.56,32.87,35.65,33.73,33.58,40
"hsa-miR-548a-5p",33.3,33.3,29.71,38.02,40,40,40,36.6,40,40,40,40
"hsa-miR-548b-3p",40,40,40,40.26,40,40,35.36,38.52,40,40,35.29,36.45
"hsa-miR-548b-5p",32.33,31.18,30.59,31.35,33.21,27.32,31.57,32.1,33.37,31.93,33.57,33.15
"hsa-miR-548c-3p",40,40,27.84,40,40,35.13,33.51,35.73,38.1,40,35.35,40
"hsa-miR-548c-5p",33.1,31.51,31.09,31.15,33.05,36.63,34.21,33.34,40,33.66,40,39.98
"hsa-miR-548d-3p",30.16,40,32.38,34.18,36.97,37.29,40,34.05,35.39,35.12,35.02,38.87
"hsa-miR-548d-5p",31.09,40,40,31.7,32.94,40,33.24,33.14,37.91,35.33,34.5,40
"hsa-miR-548e",31.2,28.01,27.79,34.46,40,40,40,40,40,40,40,40
"hsa-miR-323b-3p",35.47,35.47,38.28,35.76,40,37.29,34.54,34.62,37.33,40,40.17,40.09
"hsa-miR-500b",35.18,32.43,33.62,33.65,34.93,40,33.62,40.42,39.7,40,40,36.22
"hsa-miR-514b-5p",36.66,34.71,34.27,38.15,33.22,36.11,36.34,36.42,38.67,40,40,36.97
"hsa-miR-514b-3p",40,40,33.3,36.6,36.56,40,40,39.14,36.55,38.92,40,38.15
"hsa-miR-544b",32.34,32.69,35.79,39.67,36.14,40,37.28,38.81,40,34.13,40,36.39
"hsa-miR-548f",40,40,40,40,40,40,40,40,40,40,40,40
"hsa-miR-548g",40,40,40,40,40,40,40,40,35.77,40,40,40
"hsa-miR-548h",28.71,30.15,30.59,35.35,32.01,35.14,32.65,31.1,29.36,30.93,33.7,23.91
"hsa-miR-548i",40,40,40,34.54,34.94,35,40,38.28,33.93,36.6,36.49,32.92
"hsa-miR-548j",32.51,34.64,35.23,34.37,28.26,40,34.6,40,37.08,28.39,37.41,39.86
"hsa-miR-548k",40,36.12,33.22,32.68,26.29,40,36.6,40,35.54,30.82,40,40
"hsa-miR-548l",30.03,24.05,26.97,30.59,30.14,19.69,31.18,22.33,26.49,31.06,30.38,32.48
"hsa-miR-548m",33.91,36.63,36.04,34.13,40,40,35.2,40,37.19,28.65,39.09,39.89
"hsa-miR-548n",37.13,34.03,37.1,26.45,34.06,40,40,40,40,40,31.72,40.53
"hsa-miR-548o",40,33.26,35.64,26.08,34.54,40,33.68,40,35.04,31.4,34.19,40
"hsa-miR-548p",35.05,34.39,33.09,33.28,37.87,40.86,40,34.78,37.3,29.07,35.65,40
"hsa-miR-548s",40,40,40,40,40,40,38.26,40,40,40,29.01,40
"hsa-miR-548t",37.08,40,36.56,25.98,40,40,40,40,40,40,40,36.81
"hsa-miR-548u",38.45,39.69,35.15,36.14,40,40,38.95,40,40,40,40.51,40
"hsa-miR-548v",33.99,34,31.83,40,36,40,32.73,32.82,33.9,34.22,30.62,34.67
"hsa-miR-548w",36.45,34.49,32.86,35.62,33.59,40,33.77,34.68,37.06,35.32,39.25,33.58
"hsa-miR-548x",36.32,40,40,40,40,40,40,40,40,40,40,40
"hsa-miR-549",37.72,40,38.03,34.85,35.39,40.92,35.87,39.4,36.65,35.5,40,36.22
"hsa-miR-550",40,38.11,40,32.04,33.58,40.49,32.98,33.08,33.72,33.28,33.33,25.47
"hsa-miR-551a",33.69,34.52,33.31,33.99,36.11,40,34.88,37.18,35.64,40,33.01,35.12
"hsa-miR-551b",40,36.95,34.57,34.1,40,40,36.19,34.24,40,40,40,40
"hsa-miR-552",40,40,31.41,40,40,40,34.89,40,40,40,40,40
"hsa-miR-553",38.07,40,36,39.39,40,40,40,40,40,40,40,40
"hsa-miR-554",34.45,33.41,32.16,40,40,40,40,40,38.43,40,40,40
"hsa-miR-555",40,40,34.82,35.13,26.68,37.36,38.59,36.13,40,38.44,40,36.93
"hsa-miR-556-3p",40,40,40,40,40,40,40,40,40,40,40,40
"hsa-miR-556-5p",28.06,30.53,40,40.45,40,40,40,40,40,40,40,12.82
"hsa-miR-557",40,40,38.83,31.12,32.48,34.23,32.1,32.39,34.9,33.33,32.12,33.8
"hsa-miR-558",34.48,40,40,40,40,40,35.84,36.32,37.71,40,38.96,34.59
"hsa-miR-559",33.09,32.74,32.3,31.46,40,35.15,31.13,34.22,34.38,35.06,32.66,33.69
"hsa-miR-561",40,34.11,34.27,40,40,38.51,40,40,40,40,40,34.3
"hsa-miR-562",40,32.72,35.22,35.04,32.27,40,37.65,39.86,40,40,35.31,40
"hsa-miR-563",36.48,35.07,40.15,33.19,36.07,38.23,36.88,40,36.6,40.22,36.04,38.25
"hsa-miR-564",31.27,30.22,28.58,30.05,31.27,34.58,30.66,31.9,33.23,32.25,32.65,33.17
"hsa-miR-566",28.78,28.59,23.09,29.37,31.44,37.08,30.6,30.26,31.85,31.78,30.81,32.27
"hsa-miR-567",34.31,36.2,32.05,38.05,37.33,34.39,36.16,37.43,40.4,40,31.19,39.91
"hsa-miR-568",40,40,40,38.62,40,40,40,40,40,40,40,40
"hsa-miR-569",40,40,35.55,40,40,40,37.73,38.57,40,40,40,35.23
"hsa-miR-570",34.78,39.89,35.38,33.22,34.68,40,37.82,40,40,40,35.28,40
"hsa-miR-571",28.81,30.36,22.72,29.25,30.39,30.45,28.65,30.12,29.14,31.66,29.08,28.88
"hsa-miR-572",32.04,31.49,30.7,30.55,32.14,32.24,31.2,31.58,33.75,32,32.69,32.62
"hsa-miR-573",38.55,35.76,32.44,40,40,40,40,32.48,40.16,40,35.32,40
"hsa-miR-574-3p",30.81,31.16,29,28.12,30.24,31.82,28.22,29.67,31.18,30.34,29.5,29.92
"hsa-miR-574-5p",27.14,25.55,24.59,26.06,26.42,27.25,24.99,26.59,28.81,27.61,27.06,23.22
"hsa-miR-575",32.19,31.37,30.24,31.01,33.18,33.83,32.46,33.34,40,32.27,33.57,32.36
"hsa-miR-576-3p",31.05,30.57,34.13,35.65,40,40,40,27.69,34.02,35.58,40,40
"hsa-miR-576-5p",40.23,28.58,34.98,36.47,40,40,40,35.86,40,40,40,40
"hsa-miR-577",39.16,31.06,40,40,40,40,36.44,40,40,40,40,40
"hsa-miR-578",32.46,40,39.67,40,40,40.75,40,40,40,34.2,40,35.74
"hsa-miR-579",40,30.04,40,40,40,40,40,40,40,40,40,40
"hsa-miR-580",40,40.6,40,40,40,40,40,38.52,40,40,40,40
"hsa-miR-581",40,40,40,37.16,40,40,40,40,33.46,40,40,35.24
"hsa-miR-582-3p",36.71,34.18,30.01,37.1,35.54,40,35.56,37.32,40,40,40,40
"hsa-miR-582-5p",40,40,29.65,40,40,36.69,40,40,40,40,40,33.73
"hsa-miR-583",40,34.63,34.99,36.2,40,39.37,39.26,40,40,40,40,40
"hsa-miR-584",31.89,32.51,30.15,31.02,35.16,32.32,31.67,32.79,33.98,32.72,33.8,33.07
"hsa-miR-585",32.39,32.86,36.9,40,40,40,33.85,40,40,34.62,34.21,40
"hsa-miR-586",40,40,29.75,33.6,40,33.42,40,40,40,40,40,40
"hsa-miR-587",34.31,33.3,34.28,38.04,35.5,40,35.76,40,40,40,34.66,40.91
"hsa-miR-588",40,35.27,33.36,36.54,36.1,40,40.53,35.32,40,37.78,40,36.25
"hsa-miR-589",32.64,34.28,33.72,35.03,33.46,34.01,34.02,36.13,39.26,35.59,36,33.28
"hsa-miR-590-3p",40,40,40,40,40,40,40,40,40,40,40,40
"hsa-miR-590-5p",37.38,34.09,34,34.09,36.18,34.56,39.32,34.31,33.72,40,40,40
"hsa-miR-591",30.23,29.29,28.99,29.85,28.3,32.46,30.3,31.12,31.68,32.25,31.26,30.7
"hsa-miR-592",28.54,31.41,25.98,30.25,33.24,40,34.14,33.47,35.24,29.79,35.21,26.16
"hsa-miR-593",33.9,34.8,32.55,33.68,36.04,40.29,33.51,40.2,36.06,36.6,40.19,40
"hsa-miR-595",26.2,31.59,31,31.21,32.24,33.28,30.82,26.12,33.18,35.05,32.57,32.6
"hsa-miR-596",33.95,32.96,31.47,32.84,34.03,33.68,33.93,33.05,35.91,36.74,34.86,35.79
"hsa-miR-597",36.34,38.19,36.78,34.38,40,34.46,40,38.97,39.29,40,40,35.9
"hsa-miR-598",36.43,36.2,33.93,35.02,38.58,38.91,33.76,36.78,36.11,36.46,35.64,38.65
"hsa-miR-599",39.31,35.09,40,40.35,40,40,40,40,40,40,40,38.61
"hsa-miR-600",33.61,33.07,32.1,35.24,35.28,35.74,34.25,37.14,34.03,40.01,35.21,39.17
"hsa-miR-601",33.18,33.79,33.03,34.91,33.99,37.27,32.65,34.6,37,35.26,34.43,31.43
"hsa-miR-602",35.07,34.6,33.89,30.88,35.01,37.22,34.27,28.45,35.08,34.96,35.08,34.8
"hsa-miR-603",33.17,32.09,31.33,33.48,33.07,40,38.02,40,34,38.4,34.88,40
"hsa-miR-604",35.77,32.86,32.72,33.73,33.46,40,36.27,32.61,34.23,36.22,40,33.32
"hsa-miR-605",31.12,31.21,30.11,30.33,32.43,32.57,30.81,31.75,33.81,34.05,33.89,33.42
"hsa-miR-606",40,40,40,40,40,40,40,40,40,40,34.3,40
"hsa-miR-607",40,40,40,40,40,40,40,40,40,40,40,40
"hsa-miR-608",33.68,32.19,31.3,32.07,35.01,34.78,32.6,30.5,34.74,33.91,33.29,32.87
"hsa-miR-609",38.23,35.27,32.74,33.34,33.86,40,34.86,39.11,40,40,40,35.55
"hsa-miR-610",30.45,30.05,29.53,30.19,33.11,35.34,31.26,33.03,32.44,33.29,32.55,32.61
"hsa-miR-611",37.24,36.58,40,37.09,38.53,40,40,39.41,39.4,40,40,40
"hsa-miR-612",32.71,31.66,30.64,33.14,32.95,40,32.54,32.31,38.05,35.4,33.16,40
"hsa-miR-613",27.98,31.28,31.82,32.03,32.33,33.01,33.47,34.12,37.97,35.43,32.8,30.7
"hsa-miR-614",33.2,33.42,31.17,33.47,36.02,34.1,33.04,33.94,34.38,35.11,35.28,35.3
"hsa-miR-615-3p",31.42,32.37,31.32,32.31,33.96,40,33.04,34.73,34.45,34.21,34.1,35.58
"hsa-miR-615-5p",7.07,7.36,7.7,8.19,8.75,8.92,7.94,8.3,8.02,8.31,8.56,8.48
"hsa-miR-616",33.06,32.23,33.01,31.96,36.92,40,32.08,32.12,34.35,35.65,38.34,29.31
"hsa-miR-617",28.56,33.77,33.37,33.65,36.19,34.52,32.78,33.81,34.27,37.12,37.05,37.57
"hsa-miR-618",39.16,40.79,31.4,34.2,37.5,39.17,36.47,38.59,39.56,35.1,36.08,37.45
"hsa-miR-619",35.07,34.21,34.85,32.74,34.13,37.52,32.75,34.01,40.01,36.2,33.11,35.17
"hsa-miR-620",40,40,40,40,40,40,40,40,40,40,40,40
"hsa-miR-621",34.65,33.42,33.16,33.72,34.17,36.87,34.68,38.19,32.21,36.04,34.23,34.37
"hsa-miR-622",32.24,32.02,30.39,32.42,34.91,40,32.27,34.13,35.94,36.13,40,39.25
"hsa-miR-623",31.78,31.93,31.23,32.09,33.55,32.74,34.69,34,35.03,32.95,38.2,33.65
"hsa-miR-624",39.07,40.68,38.79,40,40,40,40,40,40,40,40,40.67
"hsa-miR-625",27.52,27.5,26.97,27.87,28.09,31.45,29.54,28.02,27.44,29.54,30.18,28.51
"hsa-miR-626",31.68,32.88,40,33.06,35,38.29,40,40.2,40,40,40,40
"hsa-miR-627",32.03,28.18,28.36,40,34.19,38.41,34.82,40,34.54,35.3,33.07,31.93
"hsa-miR-628-3p",32.54,35.06,33.27,32.22,38.63,33.4,34,34.63,33.69,35.51,34.2,36.2
"hsa-miR-628-5p",40,32.5,40,40,40,40,40,40,40,40,40,40
"hsa-miR-629",34.57,40.7,35.37,34.89,35.56,40,40,36.51,40,30.62,40,39.62
"hsa-miR-630",33.48,33.06,35.38,33.12,36.13,40,36.7,37.8,40.8,40,40,40
"hsa-miR-631",29.48,28.73,28.13,29.04,31.01,33.34,29.75,31.12,31.66,32.35,32.43,31.34
"hsa-miR-632",30.75,33.16,32.32,32.44,35.19,40.17,35.24,40,35.78,34.08,40,40
"hsa-miR-633",29.44,34.61,35.25,40.29,40,35.72,35.15,40,40,40,40,35.71
"hsa-miR-634",34.38,37.31,31.96,33.82,34.59,40,33.02,33.12,40,40,40,34.73
"hsa-miR-635",37.07,33.09,32.34,37.67,38.65,40,38.69,40.75,40,34.85,36.18,40
"hsa-miR-636",23.91,23.77,24.25,28.9,21.44,30.23,29.35,30.8,30.13,30.19,30.04,29.81
"hsa-miR-637",27.34,22.04,20.52,26.83,25.86,23.24,31.15,30.63,32.15,33.45,31.95,32.43
"hsa-miR-638",29.99,29.98,27.97,29.63,31.46,31.1,30.28,31.03,31.06,31.57,31.71,31.45
"hsa-miR-639",36.7,36.75,35.42,35.77,36.43,40.48,40,34.67,38.08,37.74,40,39.92
"hsa-miR-640",31.42,31.23,30.16,30.35,33.08,34.3,31.05,31,33.61,32.55,32.81,33.08
"hsa-miR-641",39.63,36.25,33.68,34.3,40,40,35.45,35.58,40,36.61,34.33,35.41
"hsa-miR-642",37.28,36.68,35.18,40,34.7,40,40.05,38.08,34.46,40,40,40
"hsa-miR-643",38.74,34.52,35.44,35.15,37.08,35.65,36.33,40,34.53,40,35.06,40
"hsa-miR-644",36.87,33.51,34.61,35.51,40,40,40,35.31,40,40.08,40,33.87
"hsa-miR-645",33.18,33.09,32.93,40,40,40,40,40,40,40,40,40
"hsa-miR-646",32.06,30.84,28.61,31.52,34.24,35.09,32.3,33.06,34.67,33.88,34.64,33.66
"hsa-miR-647",31.41,31.5,29.49,32.07,33.59,36.58,31.86,32.89,33.4,35.57,33.41,35.61
"hsa-miR-648",32.73,32.6,31.46,32.65,35.29,36.07,36.06,35.4,36.12,34.89,40,38.79
"hsa-miR-649",21.03,29.14,22.94,33.19,31.29,34.85,32.8,33.83,29.77,30.45,34.79,28.73
"hsa-miR-650",32.57,32.81,31.12,32.39,35.33,36.04,33.58,33.24,32.75,35.36,40.18,35.19
"hsa-miR-651",36.92,38.57,38.76,37.29,40,40,40,40,40,40,40,39.58
"hsa-miR-652",35.04,27.63,32.99,34.58,40,34.66,32.97,32.47,33.15,33.36,33.9,34.27
"hsa-miR-653",40,40,29.57,40,40,40,40,40,40,40,40,40
"hsa-miR-654-3p",32.58,32.4,31.4,33.67,34.63,40,33.54,40,34.47,38.33,34.27,34.84
"hsa-miR-654-5p",29.91,25.65,28.97,30.83,31.83,33.34,32.02,29.02,33.1,30.31,34.05,33.94
"hsa-miR-655",40,40,40,40,36.28,40,40,40,40,40,40,40
"hsa-miR-656",35,36.7,32.48,33.54,40,40,36.9,33.96,40,40,40,40
"hsa-miR-657",33.54,34.92,33.32,33.56,40,40,34.26,40,40,40,35.1,40.08
"hsa-miR-658",34.18,35.4,33.09,35.65,34.1,35.31,35.21,34.23,37.3,39.03,39.14,39.69
"hsa-miR-659",30.86,31.52,28.42,30.42,33.23,33.42,30.91,31.7,33.41,33.02,33.86,32.81
"hsa-miR-660",36.86,35.84,33.05,34.89,40,34.7,37.18,34.38,27.78,32.27,34.12,40
"hsa-miR-661",31.56,29.99,32.11,32.15,33.14,31.58,32.06,33.8,30.78,33.18,33.16,32.31
"hsa-miR-662",31.19,30.76,29.98,40,32.07,32.9,31.05,31.12,33.41,34.92,33.39,33.22
"hsa-miR-663",31.9,32.46,32.17,40,34.19,33.11,32.69,33.64,33.5,33,33.73,33.64
"hsa-miR-663b",32.09,31.58,30.57,30.85,31.72,34.89,30.98,33.27,33.67,32.47,32.18,32.44
"hsa-miR-664",32.67,31.64,32.35,35.97,35.9,36.82,35.9,33.16,34,34.32,40.74,34.8
"hsa-miR-665",32.12,32.69,30.99,32.35,33.71,35.42,33.15,32.71,34.67,33.66,35.02,34.44
"hsa-miR-668",30.57,31.48,30.86,32.27,33.11,35.12,32.57,34.03,33.11,34.17,33,35.2
"hsa-miR-671-3p",29.41,28.59,28.26,29.28,30.32,31.25,29.33,30.05,31.93,31.34,31.07,32.01
"hsa-miR-671-5p",33.16,33.24,31.49,33.61,36.53,38.4,34.23,34.43,34.31,35.28,35.42,35.19
"hsa-miR-675",30.7,29.84,30.22,30.54,32.13,37.42,31.48,32,32.84,31.69,33.03,32.92
"hsa-miR-708",33.27,34.26,31.73,40,37.41,40,34.12,38.28,30.19,40,38.52,38.56
"hsa-miR-720",29.46,28.87,28.41,28.27,30.62,29.08,28.97,29.97,31.43,31.33,30.63,30.09
"hsa-miR-744",34.01,33.2,32.15,34.02,35.31,37.13,35.14,35.27,40,34.44,36.26,40
"hsa-miR-758",33.5,37.26,33.03,35.14,40,34.18,33.67,40,40,40,39.66,37.13
"hsa-miR-760",32.65,31.38,26.46,31.55,33.98,34.29,31.4,32.49,36.19,34.94,35.9,34.49
"hsa-miR-765",34.41,32.74,30.91,35.28,37.21,40,33.74,35.83,39.47,37.85,35.85,40
"hsa-miR-766",28.07,27.28,26.55,27.65,29.27,31.16,27.97,29.3,30.95,30.37,29.64,30.15
"hsa-miR-767-3p",36.43,34.26,33.53,35.26,37.25,40,40,38.06,40,39.46,40,40
"hsa-miR-767-5p",35.48,35.13,34.54,35.22,36.17,40,37.16,40,37.39,35.98,40,37.7
"hsa-miR-769-3p",34.02,35.23,29.49,33.52,40,38.24,34.76,33.86,35.42,36.52,40,35.06
"hsa-miR-769-5p",30.93,26.17,26.97,30.88,33.61,40,34.26,35.22,36.58,25.41,35.87,39.29
"hsa-miR-770-5p",30.31,30.23,29.19,31.05,33.76,34.98,33.09,32.15,34.78,33.87,35.06,35.11
"hsa-miR-802",38.88,34.72,34.11,40,40,40,40,40,40,40,40,40
"hsa-miR-873",36.81,34.71,33.25,34.28,40,40,34,38.36,38.01,39.86,35.34,39.44
"hsa-miR-874",33.86,31.92,31.47,32.26,33.05,34.74,33.8,33.84,35.01,34.48,35.28,35.54
"hsa-miR-875-3p",33.53,35.35,32.65,35.99,34.83,40,40.13,40,37.02,40,40,36.39
"hsa-miR-875-5p",40,40,31.02,40,40,40,40,40.05,39.28,40,40,40
"hsa-miR-876-3p",40,40,40,40,40,40,40,40,40,40,40,40
"hsa-miR-876-5p",32.04,35.23,32.58,40,36.75,40,37.14,40,40,37.77,40,40
"hsa-miR-877",31.37,30.18,30,30.1,31.74,32.02,30.34,32.27,32.72,31.53,32.61,34.59
"hsa-miR-885-3p",36.92,36.56,34.86,34.2,40,40.21,40,37.64,35.03,40,38.15,40
"hsa-miR-885-5p",31.26,30.53,29.28,30.6,32,34.27,30.71,33.43,31.68,32.84,32.04,32.31
"hsa-miR-886-3p",33.66,34.76,33.31,34.96,40,40,34.15,38.24,31.56,40,36.1,35.17
"hsa-miR-886-5p",32.32,31.95,31.04,32.34,33.63,34.66,32.22,34.07,31.54,33.21,32.03,34.7
"hsa-miR-887",32.71,35.14,31.89,33.74,36.84,33.68,32.04,33.12,36.91,39.18,36.71,36.12
"hsa-miR-888",28.82,29.39,30.78,32.69,33.97,40,35.74,30.16,35.62,34.09,36.24,39.73
"hsa-miR-889",35.17,37.59,33.62,34.96,40.75,40,40,40,40,39.39,31.24,35.04
"hsa-miR-890",36.27,27.68,34.71,35.21,40,40,40,34.62,40,37.34,40,40
"hsa-miR-891a",31.75,31.8,31.15,32.88,33.11,35.59,36.17,33.44,36.1,38.55,37.79,36.23
"hsa-miR-891b",34.34,40,35.55,29.09,40,40,40.56,32.24,40,40,40,40
"hsa-miR-892a",35.18,40,34.24,38.39,40,40,40,40,40,34.42,40,40
"hsa-miR-892b",39.74,40,37.95,40,40,39.72,40,40,40,40,39.62,40
"hsa-miR-920",33.71,32.85,32.16,35.04,35.38,40,36.62,37.2,39.58,40,40,37.45
"hsa-miR-921",33.53,36.39,32.91,32.4,34.71,40.26,34.02,35.11,37.02,39.41,40,35.63
"hsa-miR-922",32.93,34.53,34.38,34.31,37,34.76,37.17,34.29,34.85,34.77,33.23,35.59
"hsa-miR-924",40,33.5,33.6,34.03,35.26,40,33.73,38.71,39.2,34.73,32.6,40
"hsa-miR-933",34.69,35.15,32.89,33.62,34.9,36.4,33.91,36.08,36.36,37.3,37.06,35.94
"hsa-miR-934",34.12,34.29,32.14,34.18,40,34.2,34.51,37.15,40,40.43,36.16,34.62
"hsa-miR-935",32.21,33.18,29.37,28.02,35.8,33.16,32.4,35.8,35.27,33.91,33.61,33.1
"hsa-miR-936",32.74,33.23,32.14,32.96,33.27,34.88,34.35,37.72,37.46,38.14,35.41,34.09
"hsa-miR-937",29.97,29.92,28.49,28.98,30.64,32.56,29.62,31.02,31.81,32.77,31.12,31.4
"hsa-miR-938",32.18,34,36.88,35.49,36.74,34.92,34.02,34.43,39.37,40,34.49,34.74
"Human U6 snRNA",25.43,24.98,24.37,24.91,25.72,25.66,25.47,25.31,25.57,25.02,24.9,25.31
