"","WT1","WT2","WT3","SAL1","SAL2","SAL3","SAL4","SQ1","SQ2","SQ3","SQ4","EPI1","EPI2","EPI3","EPI4","BAT1","BAT2","BAT3"
"mmu-let-7a",28.38,29.12,28.62,40,40,40,40,28.3,28.59,29.03,29.74,31.42,31.29,32.88,31.47,28.45,28.42,28.28
"mmu-let-7b",24.09,27.07,26.64,32.34,33.07,33.16,34.02,26.86,26.77,26.88,27.31,29.81,29.42,31.54,30.43,26.95,27.55,27.95
"mmu-let-7c",26.6,27.05,26.61,33.94,34.13,35.71,34,27.17,26.93,27.27,27.52,29.21,29.63,31,28.81,27.03,27.19,27.05
"mmu-let-7d",29.05,30.25,30.34,40,37.62,34.88,40,29.07,29.33,29.3,30.13,24.89,28.26,36.83,31.44,29.2,29.42,29.73
"mmu-let-7e",30.62,31.13,30.81,40,40,40,40,31.21,32.56,32.34,32.29,32.84,34.35,37.08,33.22,29.72,30.27,30.06
"mmu-let-7f",40,40,40,40,40,40,40,40,40,40,40,40,40,40,40,40.3,37.3,35.19
"mmu-let-7g",27.97,27.96,28.11,40,35.13,40,40,29.34,28.59,27.74,28.3,31.86,32.26,40,32.24,28.8,29.28,29.36
"mmu-let-7i",33.93,32.67,31.12,40,40,33.92,33.73,40,40.63,39.14,39.9,40,40,40,40,32.06,32.37,31.37
"mmu-miR-1",24.23,27.38,27.52,40,40,40,40,31.06,31.7,32.16,31.18,32.93,34.45,37.02,38.41,28.53,28.27,29.17
"mmu-miR-1-2-as",40,40,40,40,40,40,40,40,40,40,40,40,40,40,40,40,40,40
"mmu-miR-7a",33.52,34.92,31.44,40,40,40,40,29.23,29.73,29.81,30.56,35.45,40,40,35.75,32.79,32.82,31.13
"mmu-miR-7b",32.19,34.14,31.67,40,40,2.81,40,33.84,35.51,32.62,32.49,37.64,36.78,38.59,32.48,32.12,31.99,27.27
"mmu-miR-9",40,40,40,40,40,40,40,38.42,38.45,35.89,37.44,37.27,40,40,35.15,40,40,40
"mmu-miR-10a",28.54,29.51,28.6,34.85,33.98,33.78,34.28,30.59,30.64,30.3,30.06,31.04,31.04,31.85,31.86,28.3,27.81,27.85
"mmu-miR-10b",28.56,29.12,27.87,37.76,33.74,35.08,29.61,28.93,29.81,29.1,29.56,29.59,29.17,30.42,31.54,27.32,27.07,27.61
"mmu-miR-15a",26.5,27.03,27.23,40,38.76,40,40,28.28,29.08,28.91,28.71,32.09,32.06,32.54,33.13,28.08,28.42,28.84
"mmu-miR-15b",23.31,24.03,25.08,29.29,29.5,30.72,29.51,25.07,25.45,25.26,25.58,27.21,27.54,28.32,27.27,24.35,24.66,25.12
"mmu-miR-16",21.51,21.96,21.7,28.8,29.47,31.51,30.17,23.76,23.96,24.06,24.18,25.51,25.53,26.6,25.61,22.48,22.47,22.77
"mmu-miR-17",29.28,28.18,27.4,33.21,34.03,33.74,35.57,40,40,40,40,37.7,36.19,35.16,35.56,27.74,27.52,27.24
"mmu-miR-18a",33.96,32.1,30.66,40,40,40,40,35.26,36.17,35.95,33.58,40,33.71,34.38,34.52,32.35,33.57,33.68
"mmu-miR-18b",34.53,34.24,35.28,40,40,40,40,38.63,35.12,37.83,37.51,40,40,40,40,35.17,37.48,34.54
"mmu-miR-19a",23.39,24,23.82,40,40,40,40,24.66,25.07,24.12,24.42,27.77,27.75,28.56,28.5,25.07,25.23,25.17
"mmu-miR-19b",23.48,24.08,23.49,40,40,40,40,26.04,25.67,24.14,24.23,27.23,27.89,28.53,28.16,24.89,25.11,25.27
"mmu-miR-20a",24.85,24.16,24.56,34.03,40,34,38,26.82,26.64,26.3,26.4,28.04,28.06,28.95,28.4,25.38,26.03,26.37
"mmu-miR-20b",25.58,25.22,25.44,33.04,33.69,34.39,38.04,27.62,27.92,27.13,27.46,29.2,29.48,30.35,29.44,26.21,26.21,26.51
"mmu-miR-21",24.38,25.07,24.26,32.01,32.47,32.46,31.66,28.85,30.01,29.74,29.35,31.32,30.64,29.96,28.39,24.51,24.46,24.63
"mmu-miR-22",25.29,25.07,24.79,40,40,40,40,26.57,26.95,26.57,27.03,28.36,28.46,30.09,28.42,26.35,27.12,27.24
"mmu-miR-23a",22.52,22.96,23.83,26.1,25.44,27.23,26.18,24.16,24.38,23.89,24.05,25.01,25.09,25.66,25.59,23.32,23.14,23.48
"mmu-miR-23b",24.37,24.02,25.01,27.07,26.48,27.89,26.52,26.73,26.76,25.88,25.49,26.92,28.18,31.36,32.36,23.22,23.43,23.54
"mmu-miR-24",24.15,24.23,24.82,32.64,32.73,33.11,32.42,25.12,25.48,25.02,25.37,27.51,27.54,28.62,27.98,25.05,25.41,25.66
"mmu-miR-25",23.67,24.24,22.73,31.8,31.02,32.19,31.36,25.23,25.17,24.59,25.01,25.03,25.02,26.01,25.95,23.19,23.7,23.9
"mmu-miR-26a",29.15,29.2,28.93,35.2,40,40,34.57,31.23,31.84,31.63,31.87,36.08,35.83,38.68,40.39,29.19,29.5,29.22
"mmu-miR-26b",28.99,29.27,29.11,37.7,35.66,36.07,33.28,29.77,28.15,25.67,29.26,34.77,32.89,35.19,33.15,28.26,28.02,28.49
"mmu-miR-27a",24.69,25.27,25.99,34.44,33.89,35.26,33.37,25.29,25.55,25.21,25.2,28.94,28.79,29.64,29.46,26.08,23.95,26.46
"mmu-miR-27b",25.15,26.17,26.18,31.74,31.9,32.3,32.24,26.31,26.31,25.79,25.59,29.69,29.27,30.13,30.06,26.18,26.72,27.06
"mmu-miR-28",40,35.07,33.15,40,40,40.17,40,33.5,32.03,33.8,32.19,39.39,40,40,40,33.51,33.19,29.18
"mmu-miR-29a",25.28,25.94,25.34,40,40,34.03,40,26.07,25.81,25.71,26.16,29.15,29.85,30.26,29.9,27.1,27.18,27.61
"mmu-miR-29b",40,40,35.67,40,40,40,40,30.37,31.19,31.07,31.91,39.34,37.19,40,36.16,33.34,32.48,33.02
"mmu-miR-29c",28.66,28.39,28,34.16,40,40,40,33.3,33,32.89,32.33,34.43,31.07,33.16,34.47,27.51,27.56,27.87
"mmu-miR-30a",40,40,40,30.24,30.91,31.12,30.78,26.45,26.79,25.82,26.8,30.75,30.67,30.45,30.25,25.55,24.73,25.44
"mmu-miR-30b",25.44,26.27,26.81,33.13,32.6,40,34.98,24.87,25.03,25.18,24.97,28.42,28.51,30.22,29.09,26.66,26.72,27.23
"mmu-miR-30c",26.58,26.89,27.49,30.08,29.68,33.09,29.93,25.05,25.4,24.82,24.76,28.08,28.07,29.18,28.44,26.03,26.02,26.31
"mmu-miR-30d",23.38,23.77,24.24,30.05,30.23,31.56,30.79,23.12,23.3,22.75,23.12,26.53,26.66,27.57,27.01,24.4,24.66,25.04
"mmu-miR-30e",28.71,27.81,26.71,32.02,33.22,32.76,32.05,29.73,33.76,33.85,34.57,34.31,30.96,30.55,30.76,25.63,25.13,25.57
"mmu-miR-31",32.15,35.82,32.74,34.81,40,40,40,27.44,26.87,27.93,27.47,38.05,32.87,40,32.76,32.08,31.2,30.94
"mmu-miR-32",31.79,28.31,34.52,40,40,40,40,34.32,34.22,31.69,33.45,35.94,40,40,36.14,32.96,32.96,36.69
"mmu-miR-33",33.41,34.47,33.38,40,40,40,40,33.49,36.67,32.43,32.36,40,40,40,40.43,35.33,36.6,34.38
"mmu-miR-34a",30.94,32.08,32.14,40,38.69,40.03,40.82,40.31,39.23,40,38.98,40,39.56,39.15,39.42,33.71,33.41,34.74
"mmu-miR-34b-3p",40,40,40,40,40,40,40,40,40,35.48,36.88,40,35.89,40,35.59,40,40,40
"mmu-miR-34b-5p",31.99,40,40.62,40,40,40,40,36.23,40,39.25,40,40,40,40,40,40,33.99,40
"mmu-miR-34c",29.03,34.16,37.42,40,40,40,40,40.56,37.49,34.11,32.61,40,35.32,31.38,26.24,33.65,35.49,35.23
"mmu-miR-92a",23.33,23.75,24.21,32.6,32.64,32.98,33.15,26.26,26.31,25.71,26.22,25.91,25.98,25.27,26.51,25.19,25.43,26.02
"mmu-miR-92b",29.97,29.66,29.12,40,40,40,40,30.36,30.23,30.16,30.23,31.22,31.1,31.74,31.01,30.61,31.19,31.26
"mmu-miR-93",25.09,24.43,25.03,32.15,34.17,40,34.15,28.18,27.86,27.44,27.83,28.04,28.32,29.04,28.48,26.38,26.61,27.04
"mmu-miR-96",34.84,36.13,35.79,40,40,40,40,27.47,27.55,27.43,27.37,40,31.7,40,40,40,35.27,35.79
"mmu-miR-98",33.44,40,33.07,40,40,40,33.21,38.97,39.58,36.8,40,40,40,40,34.52,34.57,33.31,40
"mmu-miR-99a",26.11,26.69,26.17,33.28,34.53,33.54,33.31,26.24,26.25,26.31,26.52,28.68,29.01,30.01,29.59,27.05,27.28,27.39
"mmu-miR-99b",29.11,29.43,29.68,33.2,33.43,34.26,34.05,28.66,29.01,28.08,28.83,31.51,32.49,31.4,32.24,30.14,30.02,30.16
"mmu-miR-100",27.2,27.73,28.23,35.4,33.85,40,36.21,28.76,28.09,27.56,27.81,30.16,29.45,30.12,30.06,28.97,28.78,28.4
"mmu-miR-101a",30.07,30.28,30.03,40,40,40,40,28.92,28.64,27.36,27.73,33.38,32.72,34.02,35.24,32.14,32.27,35.47
"mmu-miR-101b",27.51,28.28,27.82,34.79,40,40,40,28.83,29.23,29.11,30.29,33.68,35.29,33.92,38.06,29.04,29.36,29.65
"mmu-miR-103",29.88,29.95,29.02,40,40,40,40,36.47,36.09,35.05,34.87,38.66,37.67,38.63,38.27,29.77,30.22,31.23
"mmu-miR-105",31.21,37.5,34.52,34.89,33.65,34.44,32.97,40,38.49,40,40.07,40,38.84,38.04,40,27.38,27.48,28.74
"mmu-miR-106a",25.15,24.51,25.34,32.65,34.63,40,40,27.67,27.55,26.4,27.28,28.69,28.8,29.41,29.74,26.08,26.86,27.23
"mmu-miR-106b",40,29.62,28.84,40,40,40,34.07,40,40,40,40,40,40,40,35.74,28.71,29.03,29.62
"mmu-miR-107",30.44,30.76,32.32,40,40,40,40,35.37,34.76,33.95,36.5,40,39.79,40,40,34.22,33.36,33.88
"mmu-miR-122",28,28.56,28.37,29.49,28.71,30.43,30.02,29.77,30.01,30.37,30.84,30.2,30.63,31.12,31.04,27.86,28.3,28.19
"mmu-miR-124",30.05,31.82,31.67,34.7,40,36.94,35.78,23.2,23.3,22.72,23.09,32.7,33.04,32.08,33.92,33.06,33.66,38.8
"mmu-miR-125a-3p",31.76,33.79,31.75,40,40,40,40,31.16,31.51,31.25,32.08,32.56,32.84,33.35,24.42,32.25,32.24,32.29
"mmu-miR-125a-5p",14.59,27.37,28.38,31.19,32.77,32.65,32.15,28.62,26.42,24.75,26.46,28.8,29.33,30.16,29.23,27.68,26.83,28.45
"mmu-miR-125b-3p",33.59,32.74,32.22,40,40,40,40,32.5,39,38.96,37.13,36.41,37.91,37.36,36.25,34.91,34.68,33.13
"mmu-miR-125b-5p",25.55,25.39,23.62,31.42,32.13,33.28,31.16,25.04,25.12,24.55,24.92,27.73,25.47,28.4,28.19,26.44,26.34,26.79
"mmu-miR-126-3p",25.07,25.72,25.73,28.11,28.95,31.02,29.62,26.85,26.92,26.49,27.09,28.65,40,29.07,29.38,26.04,25.08,25.92
"mmu-miR-126-5p",24.12,24.56,24.85,28.32,28.23,29.19,28.43,26.15,26.51,25.67,25.9,27.07,27.31,27.7,27.72,24.84,24.59,25.07
"mmu-miR-127",30.74,30.47,28.81,40,40,40,40,29.31,30.34,29.93,29.72,31.98,33.36,33.2,36.53,30.94,32.43,38.15
"mmu-miR-128",30.6,29.33,28.52,40,40,40,38.75,32.33,33.58,33.91,35.06,35.29,35.5,34.95,35.3,28.36,28.38,28.49
"mmu-miR-129-3p",33.04,33.5,33.82,40.77,39.63,40,40,27.01,27.48,26.2,27,33.07,31.95,32.46,35.82,33.41,38.28,35.17
"mmu-miR-129-5p",32.42,34.81,31.39,40,40,40,40,30.99,31.71,30.7,30.7,32.46,33.74,36.54,33.02,32.86,34.4,33.19
"mmu-miR-130a",28.02,28.73,28.37,40,40,40,36.15,28.92,28.53,27.83,28,31.61,34.77,34.28,34.03,29.29,29.37,29.74
"mmu-miR-130b",29.16,29.26,29.34,34.66,40,40,40,31.89,32.44,30.03,31.48,33.22,35.31,40,34.09,31.32,32.21,31.79
"mmu-miR-132",27.45,23.62,26.73,28.15,29.89,28.41,27.69,24.11,27.22,26.57,26.36,27.08,28.1,27.74,27.27,26.03,25.3,25.26
"mmu-miR-133a",23.12,24.08,24.51,34.02,33.2,33.92,40,26.08,26.06,26.11,26.25,26.5,26.4,27.36,27.47,24.93,25.43,25.47
"mmu-miR-133b",23.85,24.79,24.78,40,38.88,40.97,35.96,27.25,27.07,26.43,26.67,27.16,27.29,28.05,27.96,26.18,26.17,26.51
"mmu-miR-134",33.31,32.51,31.01,40,40,38.15,40,30.76,30.86,30.03,30.67,40.92,38.19,34.92,33.82,32.32,34.36,34.07
"mmu-miR-135a",32.25,30.57,29.7,32.45,32.34,30.58,31.11,27.98,28.34,28.72,29.02,28.94,26.28,26.57,28.28,25.87,27.91,27.09
"mmu-miR-135b",22.94,31.2,29.8,34.13,32.77,32.51,31.42,27.49,28.81,20.79,30.77,30.67,31.16,17.41,30.56,30.19,29.43,28.52
"mmu-miR-136",33.21,38.09,34.5,40,34.95,40,35.12,34.29,32.12,31.95,31.68,40,32.64,40,40,39.16,40,34.1
"mmu-miR-137",30.59,40,29.87,40,40,40,39.21,33.38,33.89,33.09,33.16,40,35.36,40,40,40,28.02,35.06
"mmu-miR-138",28.41,32,31.05,36.21,35.92,35.36,33.21,29.01,29.06,28.25,28.41,33.13,24.6,33.28,32.33,21.14,31.03,33.35
"mmu-miR-139-3p",29.12,29.12,28.24,34.48,37.05,33.16,33.36,29.69,28.55,29.01,29.56,30.82,33.21,32.59,33.21,29.35,29.81,30.28
"mmu-miR-139-5p",28.11,28.76,28.71,33.18,33.76,36.29,38.25,29.85,29.47,28.95,30.01,29.44,28.34,29.85,31.28,28.74,28.61,29.37
"mmu-miR-140",30.56,29.64,29.07,40,40,36.24,40,34.44,37.88,36.1,35.25,37.14,35.57,40.01,33.79,30.36,31.05,31.39
"mmu-miR-141",40,40,36.34,40,40,40,40,38.1,40,36.66,33.62,33.12,34.48,37.65,40,31.54,31.27,31.07
"mmu-miR-142-3p",40,40,36.86,40,40,40,40,40,40,40,40,40,40,40,40,32.16,31.41,31.35
"mmu-miR-142-5p",33.6,34.07,32.62,40,40,40,40,40,40,40,40,40,40,40,40,35.1,33.49,34.62
"mmu-miR-143",40,40.05,28.87,40,40,40,33.57,33.36,33.23,32.81,32.3,36.15,34.36,40,36.27,28.81,29.36,27.53
"mmu-miR-144",36.36,33.92,33.25,40,40,40,40,40,40,40.85,36.08,37.06,40,40,40,33.54,34.71,34.3
"mmu-miR-145",24.45,24.89,25.11,31.91,31.54,33.04,32.83,26.57,26.7,26.27,26.51,26.58,26.57,27.69,27.18,25.09,25.19,25.35
"mmu-miR-146a",28.27,28.89,28.52,40,40,40,34.17,31.34,30.64,31.46,31.38,31.53,31.89,33.07,32.07,28.51,28.83,29.75
"mmu-miR-146b",30.34,30.96,30.63,34,34.57,40,40,30.48,31.56,31.63,32.04,40,34.51,34.7,33.19,31.55,30.24,30.18
"mmu-miR-147",40,40.85,34.5,40,40,40,40,39.07,40.34,36.63,40.61,40,40,40,40,35.58,40,37.6
"mmu-miR-148a",25.62,26.19,26.55,34.64,33.16,34.84,33.17,26.12,26.11,26.5,26.4,29.51,29.41,30.05,29.63,26.96,26.88,27.11
"mmu-miR-148b",25.4,26.17,26.58,33.84,37.91,35.37,35.32,26.2,26.51,26.78,26.91,29.54,29.03,31.27,29.85,26.78,27.08,27.75
"mmu-miR-149",32.13,32.37,31.35,40,40,34.82,40,29.77,30.21,29.75,29.99,33.34,32.8,33.37,34.17,32.86,32.16,33.88
"mmu-miR-150",21.16,26.58,27.24,31.93,31.76,32.71,32.74,28.22,28.95,28.25,28.31,28.47,28.69,30.15,32.59,26.53,26.18,26.72
"mmu-miR-151-3p",29.29,29.19,29.88,34.58,32.78,34.02,33.73,30.63,30.83,30.84,30.58,31.13,31.81,32.22,33.05,29.72,30.18,30.27
"mmu-miR-151-5p",29.88,30.9,32.43,40,34.9,33.67,36.9,30.04,30.54,31.72,30.62,33.2,32.78,32.26,34.74,31.34,31.57,31.66
"mmu-miR-152",28.07,28.43,28.85,32.35,32.51,35.27,33.08,28.65,28.28,26.26,28.36,31.74,32.13,32.15,31.69,29.39,29.35,29.84
"mmu-miR-153",38.22,37.88,36.94,40,40,40,40,34.37,40,38.79,33.55,37.35,33.74,39.91,36.28,35.5,36.54,40.89
"mmu-miR-154",27.65,33.09,33.94,34.58,40,34.63,40,30.77,30.09,29.45,29.13,34.95,33.16,40,34.93,32.65,35.24,33.17
"mmu-miR-155",33,33.05,34.18,40,40,40,40,37.33,33.11,33.28,34.18,37.1,40,40,36.27,34.63,34.04,37.6
"mmu-miR-181a",31.99,29.54,19.36,34.37,34.72,34.19,33.34,29.07,27.68,29.06,28.55,30.06,30.4,29.87,30.49,29.24,28.44,28.9
"mmu-miR-181b",30.26,30.5,30.34,40,32.69,40,33.99,28.49,29.22,28.77,29.13,32.9,28.75,32.58,32.87,33.64,31.25,35.41
"mmu-miR-181c",30.63,27.67,26.6,26.34,25.45,25.51,27.11,27.44,29.09,28.86,26.04,27.28,20.98,21.65,24.49,24.83,23.83,24.08
"mmu-miR-181d",31.39,30.63,30.16,40,40,37.02,38.13,29.28,28.75,28.68,29.1,33.1,32.43,35.88,31.81,26.62,30.42,31.17
"mmu-miR-182",29.67,40,40,40,40,40,40,29.19,29.36,30.04,29.67,40,40,40,37.03,40,40,40
"mmu-miR-183",30.3,31.14,30.74,38.04,40,40,40,24.14,24.49,24.74,24.61,34.06,34.44,36.6,32.61,40,32.69,31.4
"mmu-miR-184",28.02,27.93,27.91,32.19,31.42,32.52,31.53,25.17,25.42,25.01,25.36,30.5,31.42,31.7,31.04,29.3,28.32,28.66
"mmu-miR-185",28.41,28.6,28.07,40,40,40,40,30.45,29.92,29.92,31.41,31.07,31.72,33.56,32.24,31.25,29.92,32.06
"mmu-miR-186",29,31.51,32.63,40,40,40,40,33.47,31.8,31.38,33.12,33.1,40,40.14,32.74,30.94,31.49,31.6
"mmu-miR-187",28.58,32.03,29.56,32.89,40,40,40,29.79,27.67,30.07,30.19,33.25,31.69,32.24,29.76,40,30.25,30.56
"mmu-miR-188-3p",31.39,31.32,30.12,40,40,38.94,40,30.97,29.96,31.18,31.1,36.45,35.49,34.51,32.72,32.58,33.04,31.47
"mmu-miR-188-5p",32.23,34.33,34.58,40,40,40,40,32.1,31.58,31.12,32.15,33.34,33.84,37.02,34.17,33.4,33.3,33.93
"mmu-miR-190",40,40,40,40,40,7.69,40,40,40,40,40,40,40,40,40,40,40,40
"mmu-miR-190b",40,34.62,40,40,40,40,40,37.08,34.68,33.9,34.73,40,40,40,40,40,34.25,32.76
"mmu-miR-191",24.49,25.12,25.41,31.94,30.45,31.31,31.03,25.73,24.6,25.21,25.38,26.7,26.55,27.88,27.27,25.89,25.76,25.73
"mmu-miR-192",27.46,27.5,28.11,30.35,29.76,32.02,31.51,28.52,28.68,27.74,28.41,30.08,30.43,31.23,33.23,28.82,28.14,28.18
"mmu-miR-193",40,38.2,34.87,40,40,40,40,40,34.85,34.74,39.79,40,40,40,40,40,34.44,34.09
"mmu-miR-193b",30.46,30.29,29.76,40,40,40,40,28.1,28.99,29.08,28.98,31.73,32.16,32.8,31.54,31.94,31.87,32.58
"mmu-miR-194",28.42,29.54,30.16,33.3,33.09,40,40,30.05,30.28,29.13,29.7,33.17,32.24,34.92,32.53,30,29.61,30.77
"mmu-miR-195",22.02,22.92,22.56,31.8,31.02,31.53,30.35,24.82,24.29,24.27,24.4,26.28,26.56,27.4,26.68,22.9,23.11,23.19
"mmu-miR-196a",34.5,34,29.96,40,40,35.66,40,40,40,40,40,40,40,40,40,34.15,35.16,34.81
"mmu-miR-196b",26.67,40,33.7,40,35.81,40,34.67,34.61,40,33.37,34.08,35.98,40,40,29.53,40,32.61,34.2
"mmu-miR-197",34.25,33,31.46,40,40,40,40,33.51,33.72,34.62,33.79,35.74,33.14,38.95,33.28,31.48,32.05,32.76
"mmu-miR-199a-3p",27.66,27.95,29.04,35.05,36.39,40,35.09,29.47,29.48,29.53,31.09,31.49,31.21,33.5,32.67,28.73,29.03,29.38
"mmu-miR-199a-5p",31.7,31.81,31.85,40,40,40,40,31.69,30.88,30.87,30.77,34.04,34.94,36.35,35.29,33.22,32.37,34.46
"mmu-miR-199b",27.53,28.2,28.65,33.9,34.02,40,34.03,29.84,29.92,30.65,30.11,30.49,32.54,33.58,32.52,29.02,29.07,29.57
"mmu-miR-200a",27.24,27.66,27.63,36.07,40,40,33.5,29.23,30.19,29.85,30.07,30.59,32.14,32.05,31.76,28.19,28.36,29.24
"mmu-miR-200b",27.37,26.66,27.19,32.8,32.6,38.34,33.58,38.93,40,40,39.36,36.66,35.25,33.76,34.32,27.41,27.02,27.3
"mmu-miR-200c",28.14,28.41,28.77,30.42,30.12,31.16,30.14,31.68,31.7,30.29,31.06,32.47,32.07,31.64,33.01,28.81,28.28,28.49
"mmu-miR-201",40,40,34.57,40,40,40,40,40,40,40,40,40,40,40,40,40,40,40
"mmu-miR-202-3p",33.17,31.58,32.03,40,35.63,40,32.6,34.41,32.61,33.78,31.32,34.31,38.14,36.06,33.36,32.44,33.84,32.81
"mmu-miR-202-5p",40,40,40,40,40,40,40,40,40,40,40,40,40,40,40,40,40,38.17
"mmu-miR-203",28.49,27.77,28.1,33.78,32.43,32.88,31.94,31.57,32.17,31.55,32.46,33,36.23,33.14,33.97,29.2,29.19,30.11
"mmu-miR-204",31.4,32.15,33.29,40,40,40,40,24.84,25.5,25.44,25.57,33.15,34.33,35.76,34.46,31.26,31.77,33.17
"mmu-miR-205",25.5,26.01,25.77,35.02,34.92,33.16,34.98,27.76,27.9,28.17,28.14,29.45,28.92,30.44,29.31,26.48,26.77,27.18
"mmu-miR-206",27.5,27.2,27.19,29.77,30.29,29.39,29.71,31.5,30.55,29.25,29.95,30.6,30.35,31.56,30.81,28.39,28.12,28.53
"mmu-miR-207",31.58,30.74,31.39,40,40,40,40,32.3,31.72,31.52,31.77,32.06,32.14,34.11,32.85,31.78,31.38,32.61
"mmu-miR-208a",37.92,33.83,35.72,40,40,37.51,37.81,40,39.1,40,36.38,40,38.41,37.15,33.77,40.59,34.79,37.57
"mmu-miR-208b",40,40,34.28,40,40,40,40,40,33.89,40,40,40,40,40,40,40,40,34.6
"mmu-miR-210",30.68,30.64,30.43,40,35.63,34.56,35.23,30.86,30.24,29.45,30.39,33.51,36.29,39.3,40,31.55,32.85,31.64
"mmu-miR-211",31.17,35.11,31.19,35.65,40,35.89,40,24.47,24.78,25.06,25.07,33.62,33.45,33.3,32.21,31.05,31.54,23.56
"mmu-miR-212",25.53,26.78,25.61,40,35.63,40,36.14,25.1,27.04,26.53,26.47,29.54,29.9,30.28,29.81,27.73,27.91,27.92
"mmu-miR-214",30.02,29.75,29.48,40.73,40,36.56,37.55,33.19,32.64,32.1,33.19,33.73,33.18,33.09,31.55,30.47,30.57,31.87
"mmu-miR-215",25.85,27.62,28.48,29.67,30.01,30.37,29.6,29.18,29.4,28.44,28.92,29.86,29.52,30.36,30.3,28.2,27.98,28.22
"mmu-miR-216a",40,35.21,32.35,37.1,40,38.05,35.94,40,40,35.15,34.31,40,40,40,35.04,34.05,34.37,34.02
"mmu-miR-216b",33.14,33.68,33.82,37.16,38.3,33.58,34.07,31.98,32.07,32.76,33.42,35.06,40,31.6,35.08,31.26,36.63,37.59
"mmu-miR-217",33.65,35.54,31.63,40,35.03,40,35.76,32.11,40,32.92,33.39,35.32,40,37.22,37.06,33.92,34.97,34.47
"mmu-miR-218",31.27,26.62,31.83,35.44,40,40,33.15,29.95,27.45,27.89,26.53,31.71,34.44,35.49,29.89,31.86,32.36,33.71
"mmu-miR-219",32.66,38.74,33.09,40,40,33.87,36.11,34.44,31.67,31.72,31.1,40,40,40,40,40,34.1,33.32
"mmu-miR-220",35.17,40,34.82,40,40,39.87,38.63,40,39.07,35.74,40,40,40,36.17,40,40,37.52,38.62
"mmu-miR-221",27.18,27.17,27.41,34.43,34.77,34.38,32.78,28.06,29.08,28.7,28.68,29.61,29.19,31.04,30.94,28.54,28.24,28.38
"mmu-miR-222",25.74,26.14,26.6,34.56,34.58,34.08,33.09,27.89,28.04,27.57,27.73,28.33,28.64,29.7,29.07,27.25,27.09,27.31
"mmu-miR-223",23.56,24.1,24.74,27.27,27.24,28.12,27.22,25.75,25.58,25.02,25.25,25.14,25.56,26.29,26.34,24.46,24.4,25.27
"mmu-miR-224",32.49,33.77,33.04,40,40,40,33.89,34.61,31.14,36.12,40.6,33.32,40,40,32.83,32.88,33.37,38.01
"mmu-miR-290-3p",40,35.18,35.11,40,40,40,40,40,39.45,40,35.33,40,40,40,40,38.63,37.36,40.05
"mmu-miR-290-5p",40,40,40,40,40,40,40,40,40,40,40.59,40,40,40,40,40,40.58,40
"mmu-miR-291a-3p",28.34,32.1,32.13,38.61,39.6,35.24,34.07,40,25.37,32.05,33.52,31.28,32.3,24.51,33,24.07,32.67,31.46
"mmu-miR-291a-5p",28.84,29.6,29,40,40,40,39.75,29.94,32.87,29.67,30.04,30.82,30.78,31.57,30.88,29.2,29.18,29.88
"mmu-miR-291b-3p",30.45,40,36.07,40,40,40,34.98,32.91,40,40,33.22,32.44,33.67,40,40,40,33.07,36.07
"mmu-miR-291b-5p",32.95,34.04,32.39,40,35.55,35.26,40,40,40,40,40,40,40,40,37.3,35.58,37.45,40
"mmu-miR-292-3p",35.15,36.69,35.49,40,40,40,40,40,40,40,40.37,40,40,40,38.39,40,40,37.19
"mmu-miR-292-5p",40,40,35.03,40,40,40,40,35.35,40,38.5,37.43,40,39.82,40,40,39.92,36,40
"mmu-miR-293",32.2,29.56,31.13,34.96,37.63,39.57,33.25,33.19,29.61,30.4,29.32,29.84,32.03,20.49,31.32,31.4,30.69,31.06
"mmu-miR-294",33.27,31.27,32.09,40,35.01,35,33.82,29.35,33.04,34.67,31.03,31.21,32.78,33.45,31.12,33.75,32.13,30.24
"mmu-miR-295",40,40,40,40,35.02,35.14,33.01,40,35.31,35.07,35.84,37.32,37.02,37.67,19.6,40,30.63,32.74
"mmu-miR-296-3p",32.9,32.81,32.58,40,37.28,40,36.07,31.42,33.36,33.43,34.81,36.9,35.98,35.57,34.83,33.75,32.59,33.2
"mmu-miR-296-5p",30.41,31.34,31.85,40,33.59,32.97,40,31,32.53,30.73,31.15,34.31,33.94,35.05,33.14,32.14,32.16,32.91
"mmu-miR-297a",30.69,31.31,30.6,34.43,40,40,40,33.85,29.79,31.5,32.2,30.62,31.95,30.94,30.8,28.85,29.83,29.55
"mmu-miR-297b-3p",34.22,35.12,38.06,40,40,40,40,33.11,34.22,34.21,40,33.93,40,35.09,40,37.67,34.46,33.91
"mmu-miR-297b-5p",39.21,35.62,36,40,40,40,32.45,40,33.2,32.21,36.39,40,35.1,40.31,34.77,33.37,40,40
"mmu-miR-297c",26.28,30.67,28.04,32.69,32,30.41,30.03,29.52,26.22,31.25,29.55,29.72,31.51,31.02,31.26,28.95,18.76,28.95
"mmu-miR-298",34.27,32.21,33.26,40,40,40,40,33.58,32.89,32.9,33.58,34.37,35.12,40,34.16,33.07,32.73,29.43
"mmu-miR-299",40,40,35.04,40,40,40,40,40,40,32.85,40,40,38.29,37.37,40,35.67,37.32,40
"mmu-miR-300",35.66,34.03,31.87,40,40,40,40,40,30.49,40,35,32.53,32.69,33.35,35.45,33.39,32.31,32.82
"mmu-miR-301a",30.13,30.08,30.26,40.8,40,40,40,31.1,35.07,30.4,30.05,33.09,34.57,40,34.64,33.09,31.61,31.85
"mmu-miR-301b",30.73,30.91,32.15,40,34.54,39.28,40,34.02,32.31,30.53,30.55,40,39.75,34.4,34.33,33.51,33.37,34.34
"mmu-miR-302a",34.05,37.75,34.38,38.35,33.91,38.32,40.83,40.29,27.25,31.36,34.69,40,34.69,40,32.69,39.3,31.37,33.07
"mmu-miR-302b",40,40,40,40,40,34.94,40,40,37.5,40,40,40,40,40,40,40,38.91,34.91
"mmu-miR-302c",33.81,33.48,31.96,40,40,40,40,37.53,31.68,34.4,34.22,32.74,31.87,35.23,32.24,31.97,31.28,31.65
"mmu-miR-302d",38.43,36.36,33.95,40,40,40,40,40,31.13,40,34.31,40,40,40,34.61,37.02,33.05,39.66
"mmu-miR-320",26.09,25.86,25.94,33.53,32.45,40,33.87,27.99,27.51,27.08,27.73,29.64,29.91,31.56,29.91,27.33,27.33,27.74
"mmu-miR-322",28.63,29.27,30,40,32.53,34.29,33.1,30.33,31.37,28.93,29.7,34.15,33.07,33.95,34.45,30.72,30.55,30.86
"mmu-miR-323-3p",33.44,33.55,33.72,40,40,33.11,40,40,40,31.58,31.15,35.74,35.45,37.17,38.01,36.31,39.95,35.81
"mmu-miR-323-5p",28.02,28.06,27.05,38.76,40,40,40,24.71,26.92,25.5,26.04,29.49,29.9,30.37,29.82,28.06,27.62,28.06
"mmu-miR-324-3p",22.25,30.07,29.5,40,40,34.04,40,29.27,30.78,28.93,29.6,31.26,31.79,32.72,32.03,30.86,30.63,31.2
"mmu-miR-324-5p",25.59,25.34,24.41,34.63,32.48,34.2,32.16,31.82,24.41,27.73,27.97,29.4,28.92,29.54,27.56,25.05,24.27,24.2
"mmu-miR-325",40,40,35.43,40,40,40,40,40,40,34.94,40,40,40,40,37.65,40,40,40.04
"mmu-miR-326",30.93,29.69,29.47,40,40,40,40,30.89,32.85,30.91,32.67,31.53,32.5,32.96,23.41,30.91,32.04,32.36
"mmu-miR-327",36.25,34.87,35.33,40,40,40,40,40,40,40,40,40,40,40,35.59,40,33.53,36.3
"mmu-miR-328",26.27,26.25,26.59,40,40,40,33.31,27.23,29.21,27.23,27.55,28,27.47,29.08,28.02,27.26,26.89,27.82
"mmu-miR-329",40.91,37.96,36.01,40,40,40,40,32.44,34.13,40,36.93,40,35.34,40,40,35.31,37.01,35.05
"mmu-miR-330",35.1,35.41,37.13,40,40,40,40,33.4,40,39.17,40,40,36.92,40,40,38.05,35.39,38.11
"mmu-miR-331-3p",32.13,32.37,34.52,34.82,40,40,40,40,31.29,32.16,33.72,35.65,36.04,40,40,33.68,33.67,34.55
"mmu-miR-331-5p",36.05,32.48,33.85,40,40,40,40,32.25,40.51,33.07,34.08,35.47,35.41,34.14,33.36,33.76,32.14,32.02
"mmu-miR-335-3p",31.56,31.08,29.99,36.38,40,40,40,29.37,31.23,30.09,30.08,33.02,33.42,32.43,33.98,31,30.41,30.54
"mmu-miR-335-5p",30.05,19.91,30.45,33.5,28.04,36.23,31.79,40,40,25.62,26.38,33.9,33.17,33.09,32.83,30.73,30.2,30.36
"mmu-miR-337-3p",33.22,34.02,32.22,40,40,33.66,40,32.46,32.58,31.87,32.95,40,39.86,40,34.71,37.38,35.83,37.57
"mmu-miR-337-5p",30.48,35.27,40,40,40,40,40,33.87,40,40,35.61,40,40,40,40,36.05,37.17,38.5
"mmu-miR-338-3p",25.67,38.52,34.47,40,31.71,34.98,34.07,32.67,40,22.52,33.23,36.44,40,40,35.16,40,33.94,33.37
"mmu-miR-338-5p",30.11,30.65,29.45,40,40,38.5,40,31.19,30.68,30.19,30.17,33.05,32.98,35.28,33.49,25.95,31.92,32.58
"mmu-miR-339-3p",40,40,7.47,40,3.34,40,10.2,40,36.74,13.52,40,10.62,40,40.52,40.24,7.82,3.77,37.44
"mmu-miR-339-5p",30.02,31.03,31.3,35.05,35.18,40,40,34.73,31.95,31.43,30.68,33.58,31.65,33.19,32.94,31.3,31.63,31.39
"mmu-miR-340-3p",40,40,33.56,40,34.91,40,40,37.06,35.03,34.58,34.64,40,40,34.04,40,40,33.73,33.75
"mmu-miR-340-5p",35.48,40.82,36.98,40,40,40,40,37.92,36.09,32.87,33.95,36.56,31.5,40,40,36.05,34.29,40
"mmu-miR-341",28.18,28.11,27.43,31.35,31.3,30.4,30.07,30.47,29.81,29.1,29.27,29.02,29.57,30.18,27.18,28.51,28.84,28.89
"mmu-miR-342-3p",28.06,28.77,28.37,31.9,38,33.84,33.05,26.38,26.59,26.84,27.17,29.38,29.65,30.27,31.07,28.24,28.07,28.62
"mmu-miR-342-5p",40,40,34.23,40,40,40,40,34.08,34.26,32.29,33.33,40,40,40,40,40,34.38,34.15
"mmu-miR-343",36.38,40,33.99,40,40,40,40,33.82,40.44,38.1,38.6,40,38.01,40,40,34.86,33.39,40
"mmu-miR-344",36.83,37.44,35.62,40,40,10.24,40,30.72,30.65,30.23,30.77,40,35.23,39.31,32.84,35.26,37.16,35.14
"mmu-miR-345-3p",39.38,38.47,39.75,40,40,40,40,34.17,34.66,37.27,36.2,37.09,40,40,35.02,36.75,34.64,35.14
"mmu-miR-345-5p",33.98,32.41,33.63,40,40,37.31,40,36.32,30.13,32.75,32.93,34.65,34.01,34.18,36.57,32.88,33.92,38.59
"mmu-miR-346",31.02,31.02,29.93,31.58,40,40,40,31.9,29.4,29.57,29.9,31.84,31.04,34.35,32.44,30.6,29.6,31.22
"mmu-miR-350",29.35,29.61,30.37,40,34.04,40,35.03,40,30.09,29.42,29.23,31.54,32,32.03,32.04,29.25,29.52,30.17
"mmu-miR-351",33.15,33.71,33.05,33.84,31.88,32.21,31.99,40.42,36.26,35.31,40,37.56,35.11,40,40,32.57,34.32,33.93
"mmu-miR-361",31.14,32.3,31.65,31.98,31.26,31.38,31.32,29.34,29.38,32.92,32.46,33.16,32.24,40,40,32.14,29.89,29.93
"mmu-miR-362-3p",30.7,32.09,32.91,32.7,32.79,34.65,35.06,30.18,30.32,35.02,33.01,34.56,34.65,40,40,32.17,30.56,30.85
"mmu-miR-362-5p",36.28,35.23,40.63,40,40,40.19,33.44,34.96,34.33,40,40,40,40,40,40,40,32.85,37.17
"mmu-miR-363",40,40,40,37.06,35.81,40,34.36,34.48,36.67,40,40,40,40,40,40,40,40,40
"mmu-miR-365",30.98,30.42,31.27,30.03,29.36,29.8,30.59,39.46,28.79,40,40,32.32,32.59,40,40,31.24,29.22,29.58
"mmu-miR-367",40,37.46,39.39,36.8,35.24,39.36,34.13,37.27,38.27,39.98,37.53,38.07,36.08,40,40,36.18,36.41,37.9
"mmu-miR-369-3p",40,40,40,35.32,34.83,34.21,40.75,35.3,33.81,35.52,40,40,40,40,40,35.17,30.04,30.11
"mmu-miR-369-5p",40,40,34.72,34.37,40,40,40,30.52,31.28,40,40,40,40,40,40,40,33.48,31.73
"mmu-miR-370",31.05,31.89,32.88,30.53,29.92,30.17,29.02,29.13,30.63,40,40,32.08,32.76,40,40,31.84,29.09,29.38
"mmu-miR-374",32.14,33.56,31.67,30.66,29.96,31.51,30.35,40,40,33.54,40,38.3,36.77,40,40,33.15,30.55,32.25
"mmu-miR-375",28.36,28.88,29.91,29.31,28.69,30.03,27.95,26.99,26.9,30.71,30.04,37.34,40,40,40,29.35,26.32,26.9
"mmu-miR-376a",40,40,40,40,40,40,32.51,34.29,35.27,40,40,40,40,40,40,40,40,34.46
"mmu-miR-376b",40,40.22,36.51,40,35.83,39.21,33.09,34.18,35.59,38.47,40.72,40,40,40,40,37.92,35.22,34.13
"mmu-miR-376c",35.33,35.36,35.49,34.67,33.05,37,33.65,32.18,31.13,35.93,35.5,40,40,40,40,36.45,32.44,32.55
"mmu-miR-377",40,40,40,40.27,40,40,40,34.52,35.58,40,40,40,40,40,40,40,40,35.41
"mmu-miR-378",26.53,28.17,28.05,27.22,27.07,40,26.97,26.06,26.54,29.99,30.99,31.28,30.86,40,40,28.29,27.03,27.12
"mmu-miR-379",33.33,40,34.35,40,40,40,40,32.56,33.66,40,40,40,35.68,40,40,40,34.44,34.46
"mmu-miR-380-3p",40,36.62,40,40.13,40,36.57,40,39.78,40,40,38.09,40,40,40,40,39.44,40,38.98
"mmu-miR-380-5p",40,40,40,40,38.07,40,36.2,34.71,34.28,40,40,39.76,40,40,40,32.23,34.53,39.37
"mmu-miR-381",34.27,33.49,33.94,34.67,33.66,34.06,31.24,34.09,34.27,40,40,40,40,40,40,33.46,33.92,33.12
"mmu-miR-382",35.48,35.05,34.62,32.34,31.33,30.96,30.66,28.66,29.01,37.55,34.09,35.5,33.19,40,40,33.22,28.6,28.61
"mmu-miR-383",33.4,34.88,36.02,32.79,31.79,32.25,30.69,32.56,34.21,36.71,40,40,33.12,40,40,32.72,32.57,31.71
"mmu-miR-384-3p",40,40,40,40,40.57,36.14,36.87,32.19,30.61,40,40,40,40,40,40,40,30.61,31.08
"mmu-miR-384-5p",40,40,40,40,40,40,34.95,29.25,30.06,40,40,40,40,40,40,40,29.27,29.65
"mmu-miR-409-3p",35.14,35.62,33.67,31.37,29.38,30.45,40,31.46,30.68,35.85,36.1,34.54,36.47,40,40,32.48,29.35,29.15
"mmu-miR-409-5p",40,36.81,40,33.21,34.65,34.52,33.02,32.48,34.29,40,40,40,40,40,40,40,32.94,32.17
"mmu-miR-410",34.25,34.02,36.48,38.93,33.81,37.85,32.7,32.08,31.44,40,40,40,37.31,40,40,34.67,31.48,31.21
"mmu-miR-411",40,40,40,35.78,34.16,39.06,34.41,33.12,37.21,40.31,40,40,40.27,40,40,40,34.02,33.41
"mmu-miR-412",36.28,34.64,40,40,37.61,41,33.89,35,40,36.51,33.22,35.75,36.81,40,40,40,34.15,36.41
"mmu-miR-421",29.51,30.17,30.17,29.76,28.34,27.78,26.22,27.7,27,30.65,30.02,31.23,29.8,40,40,29.78,26.1,26.31
"mmu-miR-423-3p",29.48,30.72,30.29,31.31,30.37,31.54,30.48,30.51,30.53,32.12,31.87,32.63,31.13,40,40,31.32,29.98,29.6
"mmu-miR-423-5p",28.64,30.72,31.13,31.47,29.91,31.68,30.23,30.8,31.67,32.29,31.09,32.99,31.33,40,40,31.12,30.7,30.05
"mmu-miR-425",27.79,28.81,28.49,28.05,28.02,31.76,28.41,29.14,29.61,29.85,29.69,30.98,30.04,40,40,29.37,29.53,29.39
"mmu-miR-429",27.55,28.48,28.23,26.6,27.18,28.09,27.32,29.42,29.36,30.64,31.26,31.45,30.22,40,40,28.39,29.51,28.07
"mmu-miR-431",35.68,33.11,40.27,34.48,34.11,34.24,32.88,33.07,33.29,36.14,35.57,40,40,40,40,38.59,33.47,32.61
"mmu-miR-433",33.72,34.41,32.43,34.94,30.08,28.44,32.16,30.17,31.39,39.04,32.6,32.88,32.41,40,40,30.54,29.31,29.04
"mmu-miR-434-3p",31.59,33.02,32.89,31.5,30.03,30.13,30.22,28.29,28.05,32.56,32.89,35.22,33.6,40,40,32.31,27.57,27.55
"mmu-miR-434-5p",36.89,34.44,35.11,38.71,33.33,33.42,35.39,33.61,34.54,40,35.72,40,36.14,40,40,35.76,32.89,32.94
"mmu-miR-448",38.28,40,40,37.41,39.23,40,40,40,40,40,40,40,40.61,40,40,40,34.8,34.3
"mmu-miR-449a",35.3,39.69,40,33.58,33.12,34.8,33.76,33.41,34.49,40,28.89,40,34.35,40,40,38.82,32.81,35.66
"mmu-miR-449b",34.16,36.21,35.05,34.85,34.09,33.33,33.75,34.39,34.23,40.28,40.11,40,40,40,40,34.75,34.2,34.08
"mmu-miR-449c",34.17,39.69,39.3,40,35.01,33.81,33.16,40,33.2,40,34.38,38.91,34.46,40,40,35.42,33.69,39.08
"mmu-miR-450a-3p",40,40,40,35.43,40,38.07,40,40,40,40,40,40,40,40,40,40,35.59,40
"mmu-miR-450a-5p",39.42,40,34.75,36.03,40,40,36.19,40,37.19,40,40,40,40,40,40,34.59,34.11,33.85
"mmu-miR-450b-3p",40,38.15,36.2,34.39,36.25,32.35,32.67,33.58,33.56,40,39.25,40,40,40,40,40,31.69,33.95
"mmu-miR-450b-5p",40,40,39.98,40,40,40,40,40,40,40,40,40,40,40,40,40,40,40
"mmu-miR-451",21.34,22.53,23.17,24.36,23.06,23.66,22.35,24.37,24.92,25.54,25.47,27.19,26.07,40,40,23.8,24.31,24.33
"mmu-miR-452",34.58,40.58,40,36.28,36.73,36.65,33.11,38.24,40,37.44,35.85,40,40,40,40,40,36.69,40.78
"mmu-miR-453",33.01,32.34,32.41,35.63,36.35,28.49,29,34.53,34.42,40,38.77,34.77,33.63,40,40,32.01,32.12,32.44
"mmu-miR-455",40,34.15,33.62,35.04,40,40,33.45,34.79,32.44,40,40,40,34.76,40,40,36.09,32.82,34.58
"mmu-miR-463",40,40,40,40,40,40,29.55,40,40,40,40,40,40,40,40,40,40,40
"mmu-miR-464",34.55,38.1,33.64,40,40.5,40,33.11,40,40,36.48,40,34.32,37.82,40,40,40,36.53,40
"mmu-miR-465a-3p",16.69,40,40,40,40,40,40,40,40,40,40,40,40,40,40,40,40,40
"mmu-miR-465a-5p",40,40,40.75,38.56,29.9,33.84,28.57,37.47,38.03,40,40.93,40.71,33.12,40,40,37.92,39.16,40
"mmu-miR-465b-3p",40,40,40,40,40,33.19,40,40,40,40,36.39,40,34.35,40,40,40,40,40
"mmu-miR-465b-5p",35.58,34.71,36.72,40,36.16,32.9,31.08,40,40,40,40.45,40,40,40,40,40,40,40
"mmu-miR-465c-3p",40,40,40,40,40,33.58,32.51,40,40,40,40,40,40,40,40,40.17,34.34,40
"mmu-miR-465c-5p",40,34.23,34.48,40,37.45,33.36,32.71,35.5,35.9,40,34.02,40,40,40,40,40,34.1,33.87
"mmu-miR-466a-3p",35.84,33.82,35.04,33.33,32.91,33.34,32.04,40,34.59,35.37,36.74,40,33.8,40,40,34.3,34.15,33.81
"mmu-miR-466a-5p",38.07,38.21,33.16,36.38,40,32.67,33.66,38.51,35.82,39.27,40,40,34.26,40,40,35.41,40,39.22
"mmu-miR-466b-3-3p",37.55,32.23,35.83,34.34,32.7,35.4,32.29,33.15,36.48,40,40,40,40,40,40,34.31,35.01,33.52
"mmu-miR-466b-3p",40,39.05,34.35,33.59,34.47,33.35,32.2,36.54,36.27,40,33.88,34.48,40,40,40,34.75,34.09,36.82
"mmu-miR-466b-5p",37.92,34.78,40,36.31,6.01,3.3,40,29.11,36.55,40,40,40,35.51,40,40,40,34.16,34.4
"mmu-miR-466c-3p",40,35.13,33.28,34.05,33.68,33.84,33.77,35.84,34.9,36.11,40,40,40,40,40,35.07,35.58,35.13
"mmu-miR-466c-5p",34.71,40,33.74,37.44,31.82,36.12,31.16,36.34,36.45,36.31,40,35.88,40,40,40,32.01,40,32.47
"mmu-miR-466d-3p",33.67,33.32,32.8,32.88,32.6,34.35,31.34,32.67,33.24,40,37.53,35.37,33.64,40,40,33.41,34.02,32.83
"mmu-miR-466d-5p",35,40,31.14,34.95,34.35,36.23,34.25,40,35.35,34.1,40.09,35.62,40,40,40,40,40,40
"mmu-miR-466e-3p",33.58,33.45,40,33.63,34.15,32.6,32.55,33.47,35.95,40,37.21,40,34.97,40,40,32.54,34.21,40
"mmu-miR-466e-5p",39.09,40,33.6,40,33.7,32.82,35.7,35.27,35.36,37.6,40,33.96,40,40,40,30.85,40,35.6
"mmu-miR-466f",30.08,29.37,29.73,28.57,27.31,28.02,27.7,30.13,32.23,29.76,29.56,32.72,29.11,40,40,29.23,30.15,30.81
"mmu-miR-466f-3p",27.15,25.93,26.03,26.22,25.06,26.04,25.03,27.38,27.56,29.18,29.3,31.63,28.86,40,40,26.76,28.09,28.02
"mmu-miR-466f-5p",30.09,30.66,30.32,29.68,28.14,28.59,27.93,30.73,34.03,29.84,31.52,32.64,29.73,40,40,31.39,30.24,30.37
"mmu-miR-466g",29.38,29.41,29.91,27.2,25.99,26.56,25.31,29.6,29.97,30.51,30.99,31.62,31.9,40,40,30.27,31.25,31.56
"mmu-miR-466h",31.25,31.25,31.89,32.21,29.1,29.2,27.07,32.74,32.95,32.43,31.45,34.22,31.17,40,40,32.06,33.14,32.49
"mmu-miR-466i",30.68,29.77,29.78,29.73,28.07,29.99,28.23,28.89,30.92,33.17,32.72,33.13,33.28,40,40,31.11,30.6,30.9
"mmu-miR-466j",34.09,31.69,32.83,31.71,30.68,31.07,31.32,34.59,37.56,32.85,34.78,34.6,32.22,40,40,32.42,32.79,35.69
"mmu-miR-466k",36.54,40.09,40.07,36.07,33.46,36.79,34.43,33.6,37.86,40,38.78,40,37.22,40,40,36.88,40,34.44
"mmu-miR-466l",40,40,39.73,40,35.63,40,40,40,40,40,40,40,40.71,40,40,40,40,40
"mmu-miR-467a",40,40,35.05,36.78,35.09,40,36.19,40,40,40,40,40,40,40,40,37.34,35.14,40
"mmu-miR-467b",35.24,24.7,37.26,35.02,40.26,40,40,34.56,34.62,40,40,40,40,40,40,35.29,33.75,33.3
"mmu-miR-467c",34.41,35,33.26,34.33,32.27,34.04,33.7,34.09,34.41,40,40,40,40,40,40,34.43,35.79,40
"mmu-miR-467d",37.15,13.05,35.98,13.38,40,38.11,38.63,36.43,40,40,9.98,9.5,11.86,40,40,22.03,40,6.51
"mmu-miR-467e",37.3,40,40,36.72,35.12,33.62,34.55,34.27,32.29,40,40,37.67,32.82,40,40,33.09,34.27,33.97
"mmu-miR-467f",33.72,31.83,31.26,31.31,30.47,30.65,29.03,33.17,32.57,36.11,33.55,33.96,35.13,40,40,31.95,34.26,35.02
"mmu-miR-467g",40,40,40,40,37.86,40,34.72,40,40.97,40,40,40,40,40,40,40,40,40
"mmu-miR-467h",37.83,34.66,32.71,33.48,33.22,31.97,31.51,33.35,35.81,34.42,35.4,34.63,40,40,40,36.56,40.59,35.1
"mmu-miR-468",30.57,31.13,30.26,32.22,29.46,29.41,29.07,32.78,32.38,31.28,31.26,30.89,31.43,40,40,32.8,31.32,30.95
"mmu-miR-469",36.17,40,40,37.56,32.42,27.15,34.01,34.13,39.59,40,40,40,34.32,40,40,40,31.85,34.05
"mmu-miR-470",27.76,27.71,27.22,27.96,26.58,24.98,26.48,30.52,28.11,29.03,26.85,26.02,28.25,40,40,27.01,27,26.71
"mmu-miR-471",40,40,40,40,33.93,37.8,34.08,40,40,40,40,40,40,40,40,40,40,40
"mmu-miR-483",30.7,31.75,33.28,31.12,29.07,29.01,26.85,29.19,30.37,33.19,32.54,32.61,32.23,40,40,29.32,30.04,29.23
"mmu-miR-484",27.93,28.02,28.65,28.31,27.15,28.08,27.66,28.66,29.07,28.85,28.88,29.64,29.12,40,40,28.81,28.49,28.6
"mmu-miR-485",40,40,30.81,40,34.27,40,32.46,29.53,32.26,40,40,35.1,40,40,40,34.92,32.6,32.67
"mmu-miR-486",21.41,22.02,22.63,21.64,21.23,21.81,20.8,24.4,24.34,22.94,22.67,23.83,23.24,40,40,22.99,24.09,24.18
"mmu-miR-487b",40.04,37.24,40.9,40,34.24,38.82,31.62,32.24,32.45,40,34.33,40,40,40,40,40,32.03,31.04
"mmu-miR-488",40.19,32.48,35.48,40,36.29,37.16,40,37.06,33.58,34.85,36.6,40,38.17,34.01,39.25,33.76,35.67,35.18
"mmu-miR-489",36.46,40,37.81,34.07,40,40,38.69,40,37,40,36.63,38.8,40,40,40,40,35.78,40
"mmu-miR-490",34.05,37.96,34.3,40,40,40,35.89,34.81,33.24,35.77,35.68,34.42,32.43,33.86,40.64,34.9,33.14,37.24
"mmu-miR-491",35.86,33.42,33.57,35.02,40,40,35.63,35.08,40,35.1,40,35.13,40,36.28,40,40,35.13,32.96
"mmu-miR-493",31.78,31.05,29.55,34.43,35.41,37.23,36.1,31.37,30.35,32.42,31.36,32.42,31.2,32.7,31.35,31.35,31.37,31.87
"mmu-miR-494",23.33,23,22.35,27.1,23.77,25.53,22.93,22.91,21.55,22.62,22.89,25.45,25.42,25.74,24.34,26.02,25.68,26.45
"mmu-miR-495",33.68,34.89,40,36.46,40,40,35.91,30.71,30.31,32.02,31.26,40,34.74,40,40,34.29,33.61,34.59
"mmu-miR-496",33.79,40.66,34.86,34.21,35.04,40,40,32.65,31.45,31.03,30.63,40,34.47,40,40.92,34.51,34.45,40
"mmu-miR-497",29.01,29.4,29.7,36.32,33.72,34.93,32.87,29.33,30,31.16,30.02,33.05,40,35.35,33.09,30.22,30.77,30.56
"mmu-miR-499",39.47,37.06,36.43,40,40,40,40,32.65,34.66,34.16,33.09,40,40,40,40,35.11,34.95,34.48
"mmu-miR-500",31.97,32.74,31.76,40,33.96,36.13,34.33,32.09,29.54,32.42,30.77,33.2,34.03,33.1,33.25,32.37,34.46,34.03
"mmu-miR-501-3p",32.23,31.35,31.33,32.77,31.18,35.19,33.04,32.38,31.81,33.02,32.57,32.44,33.7,32.68,33.1,33.47,31.79,33.26
"mmu-miR-501-5p",40,39.55,36.6,40,35.42,40.36,34.76,37.73,33.49,33.19,37.06,40,35.35,38.29,35.52,35.98,33.97,33.46
"mmu-miR-503",35.83,37.45,36.77,40,38.18,35.96,40,40,36.2,40.03,38.13,37.23,40,40,36.06,40,36.93,34.52
"mmu-miR-504",40,35.22,40,40,40,36.26,40,40,40,40,40,40,40,40,40,40,40,40
"mmu-miR-505",36.34,32.78,34.24,34.28,40,40,40,40,35.44,35.08,35.09,34.38,34.65,40,40,33.17,34.09,39.07
"mmu-miR-509-3p",40,40,40,40,40,40,40,40,40,40,40,40,40,40,40,40,40,40
"mmu-miR-509-5p",40,40,40,40,40,40,40,40,40,40,40,40,38.86,40,40,40,40,40
"mmu-miR-511",33.33,33.5,33.83,40,40,40,35.41,33.6,35.04,35.16,35.13,33.96,40,35.15,37.71,32.51,34.25,34.24
"mmu-miR-532-3p",29.88,30.31,30.41,31.36,31.33,33.46,30.71,30.12,30.13,31.24,30.17,35.8,32.98,32.71,32.52,31.05,31.67,30.29
"mmu-miR-532-5p",30.89,30.92,30.66,33.19,32.59,33.43,32.48,31.32,30.42,31.66,30.61,36.11,33.4,33.16,10.18,32.52,32.22,32.02
"mmu-miR-539",29.26,24.36,30.06,34.23,40,35.92,34.2,27,31.94,32.2,34.39,30.68,34.06,34.59,32.61,37.09,35.46,24.13
"mmu-miR-540-3p",32.95,33.96,31.66,40,36.31,37.95,35.86,32.95,32.07,34.05,34.94,34.07,33.22,36.98,33.8,32.23,32.8,34.22
"mmu-miR-540-5p",36.53,36.86,35.25,37.83,40,36.03,36.6,40,35.31,40,39.25,34.73,37.59,40,34.54,35.87,35.11,37.08
"mmu-miR-541",40.43,38.69,36.92,40,40,40,35.64,33.21,34.38,40,37.16,40,35.74,40,40,40,40,37.18
"mmu-miR-542-3p",28.22,34.32,35.24,40,40,40,40,36.23,40,35.74,40,40,40,40,34.89,35.23,40,40
"mmu-miR-542-5p",40,40,40,40,40,40,40,40,40,40,36.11,40,40,40.04,40,40,36.87,40
"mmu-miR-543",35.24,40,40,34.93,40,40,40,32.49,31.65,35.49,33.21,40,40,40,34.76,35.18,40,37.02
"mmu-miR-544",40,40,36.88,40,40,40,40,40,35.96,40,37.89,40,40,40,30.79,34.52,39.26,35.36
"mmu-miR-546",35.33,35.58,39.67,36.44,35.02,40,34.09,34.77,34.34,35.07,38.52,37.56,34.37,40,35.26,33.57,34.31,33.3
"mmu-miR-547",34.48,32.46,34.11,33.13,31.78,31.77,31.39,32.61,30,32.94,31.76,31.85,27.32,32.19,32.16,32.59,31.84,29.86
"mmu-miR-551b",40,40,40,40,40,40,40,31.9,32.18,32.59,32.18,39.5,40,40,40,34.77,40,40
"mmu-miR-568",40,40,40,40,40,40,40,40,40,40,40,40,40,40,40,40,40,40
"mmu-miR-574-3p",28.11,28.58,29.37,29.96,29.12,30.29,28.91,28.35,28.08,28.51,28.11,29.38,29.83,30.7,30.51,28.25,28.48,29.44
"mmu-miR-574-5p",26.8,25.78,24.64,26.82,25.28,26.62,26.03,25.02,25.4,26.44,26.03,25.24,26.42,25.58,25.42,25.11,22.95,25.19
"mmu-miR-582-3p",38.52,38.64,40,40,40,37.81,40,31.69,29.58,30.01,30.63,31.87,35.97,40,40,37.99,40,33.63
"mmu-miR-582-5p",40,40,40,40,40,40,40,35.57,36.49,36.47,35.18,40,40,40,40,40,40,40
"mmu-miR-590-3p",40,40,40,40,40,40,40,40,40,40,40,40,40,40,40,40,40,40
"mmu-miR-590-5p",40,40,40,40,40,40,40,40,37.35,40,40,40,40,40,40,40,40,40
"mmu-miR-592",35.39,34.02,33.31,32.46,31.01,26.77,29.17,33.67,30.38,27.82,32.44,40,35.04,35.15,32.65,31.92,29.29,32.69
"mmu-miR-598",33.25,29.88,33.83,40,39.07,38.93,40,31.08,30.08,31.27,31.26,38.51,37.03,40,40,34.01,35.06,34.1
"mmu-miR-615-3p",35.03,37.08,36.36,36.15,38.86,40,40,34.6,37.46,36.97,40,33.53,35.2,40,33.43,34.03,35.12,35.34
"mmu-miR-615-5p",29.14,33.92,32.57,10.71,11.2,11.94,10.52,35.19,31.68,30.35,30.65,31.65,31.62,25.22,32.97,8.4,8.52,9.25
"mmu-miR-652",29.34,29.6,29.47,32.13,33.11,33.26,31.79,29.66,29.29,31.76,30.14,32.16,31.72,32.45,32.23,29.6,30.28,31.02
"mmu-miR-653",40,40,34.43,40,40,40,40,40,40,40,40,40,34.65,40,40,40,35.48,40
"mmu-miR-654-3p",37.36,40,33.12,37.05,34.25,40,40,38.76,35.42,40,36.52,35.66,40,40,39.84,34.88,40,40
"mmu-miR-654-5p",35.35,40,35.92,40,40,40,40.06,40,40,40,40,40,31.2,40,40,38.6,35.46,40
"mmu-miR-665",32.75,27.39,31.3,34.33,33.6,34.65,32.63,31.34,29.1,32.56,30.95,33.01,33.64,34.88,33.5,30.5,31.05,34.05
"mmu-miR-666-3p",34.72,35.35,34.97,40,39.27,40,36.63,36.2,37.09,35.35,38.48,34.99,38.11,40,39.82,40.71,37.51,40
"mmu-miR-666-5p",34.26,34.64,31.33,36.19,33.56,35.66,35.09,35.79,34.33,40,33.15,36.6,33.53,32.69,37.02,32.01,32.89,35.1
"mmu-miR-667",34.06,40,40,40,37.62,40,40,35.61,38.31,37.39,35.36,40,40,37.42,40,35.99,39.26,40
"mmu-miR-668",40,40,40,40,40,40,40,40,40,40,40,40,40,40,40,40,40,40
"mmu-miR-669a",33.71,37.18,32.2,37.97,36.84,34.65,33.86,40,35.13,33.45,33.19,38,33.92,34.25,33.29,33.23,40.6,32.51
"mmu-miR-669b",32.64,32.56,29.37,33.15,31.83,32.73,33.12,34.4,33.08,33.46,32.45,40,35.06,36.31,31.95,34.12,32.49,33.64
"mmu-miR-669c",28.55,22.31,26.04,28.67,27.18,28.35,27.26,29.77,26.91,28.76,28.15,26.75,27.43,21.15,26.67,22.1,25.5,26.41
"mmu-miR-669d",35.27,33.85,35.63,35.59,33.45,33.19,35.26,34.31,34.23,40,36.72,35.27,35.38,37.07,33.33,33.79,33.3,31.94
"mmu-miR-669e",32.12,32.41,33.27,40,35.4,33.75,34.41,32.59,32.35,34.94,33.27,40,40,35.01,34.2,40,34.5,40
"mmu-miR-669f",33.32,31.4,31.97,33.49,40,40,35.11,32.62,35.86,34.15,33.56,34.22,33.06,38.07,34.14,31.81,32.49,32.65
"mmu-miR-669g",40,40,40,40,40,40,40,40,40,40,40,40,40,40,40,40,40,40
"mmu-miR-669h-3p",32.58,35.79,31.43,39.86,37.64,35.62,34.09,30.15,31.52,32.55,32.22,34.28,32.93,40,34.07,31.42,30.02,31.4
"mmu-miR-669h-5p",40,40,36.15,40,40,40,40,40,38.68,39.43,40,35.57,35.63,40,40,33.2,31.65,34.68
"mmu-miR-669i",33.73,34.41,31.12,38.67,40,40,34.04,34.64,35.07,36.81,36.81,31.5,32.92,31.47,33.57,32.8,33.04,32.12
"mmu-miR-669j",33.87,34.25,38.66,34.08,38.49,35.37,36.79,38.29,33.18,35.27,34.29,33.2,35.09,40,40,33.42,34.9,34.23
"mmu-miR-669k",40,32.82,31.05,33.44,40,40,33.49,36.99,40,40,40,32.23,38.2,27.97,40,35.36,36.18,37.03
"mmu-miR-669l",27.99,26.55,26.56,40,28.27,29.16,29.44,27.92,28.62,28.36,27.54,27.31,26.99,27.99,26.39,27.92,27.83,29.11
"mmu-miR-669m",31.61,35.74,34.46,40,37.58,40,38.14,32.38,32.11,35.42,32.65,35.1,37.75,40,32.95,35.07,34.28,35.55
"mmu-miR-669n",34.52,39.77,36.61,40,40,37.8,40,40,34.53,34.71,36.08,40,40,40,40,40,40,40
"mmu-miR-669o",31.46,32.11,30.58,37.09,32.16,33.15,33.49,32.35,30.08,32.09,31.02,31.62,30.34,31.41,31.55,30.84,31.71,32.37
"mmu-miR-670",33.03,32.04,31.89,37.83,39.66,38.97,35.66,34.24,34.31,33.76,32.98,35.79,33.12,37.85,35.16,32.08,34.77,36.01
"mmu-miR-671-3p",35.11,40.09,33.62,40.09,31.34,35.7,34.46,33.88,31.43,33.68,33.38,33,35.39,36.12,39.43,34.39,38.42,36.74
"mmu-miR-671-5p",35.46,37.13,34.04,37.99,35.45,36.06,34.54,35.32,39.12,40,40.22,36.32,35.4,35.9,40,33.5,32.67,34.11
"mmu-miR-672",35.45,40,31.68,40,40,40,35.04,34.25,38.82,40,36.32,40,40,40,40,34.66,35.1,34.43
"mmu-miR-673-3p",31.58,29.94,31.43,33.56,33.71,36.03,33.6,32.92,31.76,33.66,33.01,33.27,33.45,33.62,32.62,32.86,33.9,31.63
"mmu-miR-673-5p",34.97,33.55,32.09,37.21,36.93,40,34.84,31.92,30.77,35.56,31.34,32.76,34.35,34.04,38.52,33.15,32.68,28.14
"mmu-miR-674",40,40,33.64,40,34.98,39.38,38.08,36.1,36.74,35.61,40,40,35.56,40,40,34.46,37.39,36.49
"mmu-miR-675-3p",31.13,31.4,30.43,32.37,31.46,31.41,30.87,31.33,31.47,31.86,32.16,33.11,34.48,32.23,34.21,31.38,31.31,31.78
"mmu-miR-675-5p",40,40,40.16,40,40,40,40,40,33.71,40,40,37.34,40,40,40,40,40.25,40
"mmu-miR-676",37.22,38.73,35.68,40,34.12,38.32,34.94,38.21,35.68,39.63,35.94,40,38.94,40,40,40,39.3,40
"mmu-miR-677",36.91,40,40,40,40,40,34.21,38.58,38.08,40,33.49,39.9,40,40,40,40,39.66,40
"mmu-miR-678",35.87,34.68,30.52,40,40.12,36.69,32.21,37.43,33.38,40,34.65,36.96,40,37.68,29.52,34.17,40,35.37
"mmu-miR-679",39.13,40,40,38.18,35.32,36.73,35.2,40.1,35.53,34.8,40,33.5,35.85,38.36,40,40,37.44,35.56
"mmu-miR-680",36.63,36.87,35.01,33.08,33.52,33.59,33.84,40,40,40,33.12,31.54,33.97,37.81,33.76,34.39,33.48,35.14
"mmu-miR-681",40,36.61,27.11,40,40,40,37.3,34.09,40.78,40,40,26.42,28.28,32.25,37.85,38.1,37.3,31.7
"mmu-miR-682",37,40,30.07,40,37.4,40,40,40,37.71,40,40,40,40,40,40,40,40,40
"mmu-miR-683",30.57,30.38,30.48,33.33,33.41,32.3,31.74,26.83,27.29,28.49,27.96,31.05,31.65,32.31,30.35,33,33.91,32.75
"mmu-miR-684",40.09,38.77,34.31,32.84,32.3,32.3,30.57,33.08,32.61,32.18,30.87,32.2,31.15,32.07,31.2,33.91,32.8,36.08
"mmu-miR-685",40,40,39.78,40,40,40,40,40,40,40,40,40,40,40,40,34.59,40,40
"mmu-miR-686",40,40,40,40,40,40,40,40,40,40,40,40,40,40,31.68,40,40,40
"mmu-miR-687",40,40,40,40,38.06,36.46,34.31,40,40,40,40,40,40,40,40,40,40,40
"mmu-miR-688",29.78,30.37,29.39,31.76,30.61,30.27,30.72,27.26,27.4,27.82,27.3,31.11,32.96,31.82,32.54,29.33,31.02,31.22
"mmu-miR-689",34.11,32.11,29.43,40,33.75,34.03,33.96,33.27,33.02,35.07,31.45,34.42,32.28,32.18,33.44,32.5,29.27,28.96
"mmu-miR-690",33.4,40.07,35.04,36.34,40,36.27,37.31,33.88,34.64,36.07,37.02,34.37,37.01,37.14,40,40,35.7,34.94
"mmu-miR-691",40,40,40,38.07,40,40,40,40,37.13,40,40,40,40,40,40,33.59,40,40
"mmu-miR-692",40,40,36.13,40,40,40,40,34.56,40,40,40,40,40,40,40,40,40,40
"mmu-miR-693-3p",38.01,33.04,40,29.27,40.44,40,34.26,40,40,40,40,40,40,31.04,40,35.48,34.65,39.74
"mmu-miR-693-5p",40,40,40,40,40,40,40,40,40,40,40,40,40,40,40,40,40,40
"mmu-miR-694",31.72,32.53,31.44,33.57,34.62,35.06,34.53,33.39,31.74,31.41,30.5,32.5,33.7,32.53,30.87,28.23,32.39,34.09
"mmu-miR-695",40,40,40,40,38.55,40,40,37.91,40,40,40,35.53,40.1,40,40.67,40,40,40
"mmu-miR-696",40,40,36.11,40,40,38.58,40,40,40,36.08,20.18,40,36.42,35.3,40,39.95,37.18,37.99
"mmu-miR-697",36.67,36.27,36.07,38.95,40,40.37,38.4,32.24,32.58,34.17,32.76,34.5,34.43,35.2,34.29,34.81,33.4,36
"mmu-miR-698",38.08,40,40,40,40,40,40,40,40,40,37.18,40,40,34.51,40,34.04,40,40
"mmu-miR-700",37.54,34.23,31.51,40,35.1,35.19,34.06,31.93,29.81,34.12,31.81,34.05,35.25,37.15,35.36,34.33,33.12,33.63
"mmu-miR-701",40,40,40,38.89,40.64,36.22,34.45,40,38.54,28.32,32.72,40,34.19,40,32.07,33.97,40,30.28
"mmu-miR-702",40,40,40,34.3,37.6,32.32,40,40,40,38.78,40,38.59,36.77,40,40,38.05,35.76,39.4
"mmu-miR-703",30.02,29.5,27.75,33.04,31.43,31.7,30.26,30.1,29.35,31.3,30.03,30.37,30.03,30.99,30.84,30.22,29.24,29.3
"mmu-miR-704",27.57,25.69,24.3,28.67,27.57,26.94,26.89,27.49,11.46,27.38,25.99,26.68,26.52,28.35,24.81,24.82,21.88,24.07
"mmu-miR-705",40,40,36.28,40,40,40,38.27,40,40,40,40,40,40,40,40,34.78,40,34.41
"mmu-miR-706",33.07,34.28,31.73,40,40,40,40,30.16,30.33,30.03,29.63,32.26,31.1,32.86,34.03,34.02,32.84,31.72
"mmu-miR-707",23.5,23.21,23.72,25.17,24.47,24.9,23.9,23.49,22.8,23.67,23.17,26.03,26.51,27,26.72,26.33,26.23,26.19
"mmu-miR-708",34.13,34.04,34.61,39.52,37.39,36.91,35.66,34.63,32.66,33.77,31.98,35.4,35.41,34.93,24.7,34.04,36.58,35.38
"mmu-miR-709",40,40,40,40,40,40,40,40,40,40,40,40,40,40,40,29.11,40,40
"mmu-miR-710",34.25,30.95,29.35,34.08,32.08,33.49,32.49,33.37,32.07,33.32,33.06,35.63,33.5,37.49,35.78,32.65,31.82,32.04
"mmu-miR-711",32.2,32.68,30.17,40.31,38.17,35.11,36.82,40,32.56,34.05,32.55,31.83,31.4,36.62,33.5,31.04,32.02,33.44
"mmu-miR-712",28.81,28.77,27.68,30.01,29.55,29.08,28.04,23.88,23.97,24.12,23.45,28.43,28.05,29.18,28.33,29.29,27.32,28.54
"mmu-miR-713",29.15,29.61,28.01,33.93,32.77,32.68,30.36,32.27,28.3,32.55,30.31,31.72,32.08,33.6,32.5,30.57,30.15,31.09
"mmu-miR-714",40,40,40,40,39.45,40,40,40,38.07,40,14.23,40,7.67,40,40,40,40,40
"mmu-miR-715",28.91,27.78,27.47,29.32,28.99,28.23,28.8,29.01,23.95,27.53,26.28,28.16,25.67,27.8,28.72,23.66,28.37,23.63
"mmu-miR-717",40,40,40,40,40,40,40,40,40,33.62,40,40,40,40,40,40,40,40
"mmu-miR-718",26.9,27.19,26.11,29.65,28.8,29.25,28.68,27.12,26.52,28.01,26.92,27.24,27.19,27.93,26.77,27.66,27.08,28.03
"mmu-miR-719",30.13,40,33.57,38.36,40,40,40,33.46,33.46,27.85,28.36,40.15,32.76,40,35.28,28.99,40,37.46
"mmu-miR-720",40,40,40,40,40,40,40,40,37.42,40,40,40,40,40.76,40,40,40,36.22
"mmu-miR-721",35.01,37.3,33.42,40,40,40,40,40,39.05,38.26,36.87,35.31,40,40,38.06,40,34.94,37.28
"mmu-miR-741",40,40,40,40,40,40,40,40,36.43,40,40,40,40,40,40,40,40,40
"mmu-miR-742",40,40,40,40,40,40,40,40,40,40,40,40,40,40,40,40,40,40
"mmu-miR-743a",40,40,37.76,40,40,40,35.91,37.03,40,40,40,40,40,40,40,34.49,37.07,35.6
"mmu-miR-743b-3p",28.7,29.97,29.23,31.63,30.67,31.89,31.42,30.1,29.13,29.78,29.43,31.89,31.72,32.35,32.34,30.01,30.47,31.44
"mmu-miR-743b-5p",40,35.56,34.06,40,40,40,40,40,40,40,36.56,40,40,40,40,35.3,40,40
"mmu-miR-744",40,40,40,40,39.56,40,40,40,40,40,40,40,40,40,40,40,40,40
"mmu-miR-758",31.53,30.68,30.09,40,34.08,35.31,32.32,30.09,29.75,31.1,30.87,31.64,34.37,32.43,33.03,31.98,31.74,32.23
"mmu-miR-759",39.05,39.56,33.76,40,37.01,40,40,32,30.1,34.11,31.6,33.74,38.03,40,36.94,34.78,34.49,34.5
"mmu-miR-760",32.38,32.31,29.95,37.16,35.23,39.85,33.37,31.13,29.33,32.32,32.01,32.23,31.55,33.94,31.05,31.02,31.42,31.76
"mmu-miR-761",39.32,39.32,37.5,40,40,35.77,40,40,40,40,40.38,40,40,40,40,35.67,33.52,34.45
"mmu-miR-762",40,34.5,33.52,40,40,40,37.31,40,36.6,40,34.53,34.89,34.57,40,37.47,39.24,33.07,34.41
"mmu-miR-763",40,40,40,40,40,40,40,40,40,40,40,40,40,40,40,40,40,40
"mmu-miR-764-3p",40,33.37,33.95,40,35.84,40,38.58,40,33.34,40.26,35.72,35.46,34.71,37.48,33.44,32.66,33.33,33.18
"mmu-miR-764-5p",31.39,32.23,29.85,36.19,34.07,35.79,33.4,30.5,29.55,31.33,31.05,30.91,31.39,32.21,31.31,32.7,32.66,31.92
"mmu-miR-770-3p",32.75,34.33,34.52,36.82,40.34,40,40,31.37,30.45,33.36,31.88,35.55,34.92,37.15,34.33,33.6,32.32,33.22
"mmu-miR-770-5p",40,35.04,36.21,40,40,40,40,40,35.34,40,40,40,34.14,40,40,34.31,40,34.15
"mmu-miR-802",25.38,26.09,25.5,23.41,32.25,32.59,32.38,24.44,24.16,25.22,24.42,27.45,28.21,29.71,28.29,26.36,26.64,26.34
"mmu-miR-804",40,40,33.99,33.21,32.94,31.57,33.36,33.68,36.26,40,40,40,33.57,40,40.02,35.18,40,40
"mmu-miR-805",37.96,33.53,37.88,40,40,40,40,40,40,40,35.3,40,37.56,40,40,34.9,40,35.21
"mmu-miR-871",32.39,31.99,40,34.51,33.18,40,40,30.31,29.54,29.07,29.12,40,40,34.31,40,32.66,40,33.26
"mmu-miR-872",39.64,32.54,40.42,40,40,40,40,38.1,34.28,28.43,40,40,39.69,40,36.93,40,35.12,35.63
"mmu-miR-873",32.16,34.15,33.12,40,34.43,40,40,33.52,31.43,33.59,35.49,40,40,40,34.4,31.47,40,32.75
"mmu-miR-874",40,40,40,40,40,34.44,40,40,40,40,40,40,40,40,40,40,40,40
"mmu-miR-875-3p",40,36.93,40,40,40,40,40,40,40,40,40,40,40,40,40,34.16,29.24,40
"mmu-miR-875-5p",40,40,40,40,40,40,40,40,40,35.19,40,35.15,26.35,40,40,40,40,34.26
"mmu-miR-876-3p",30.19,29.39,28.33,33.67,33.25,34.31,31.4,30.53,28.82,30.85,29.99,31.46,31.24,32.07,30.8,30.06,29.78,29.89
"mmu-miR-876-5p",40,40,35.21,40,40,40,40,39.09,40,40,40,40,36.58,40,40,33.27,40.25,34.59
"mmu-miR-877",40,40,40,40,40,40,40,40,40,40,40,37.21,40,40,40,40,40,40.86
"mmu-miR-878-3p",40,40,40,40,40,40,40,40,40,40,40,40,26.06,40,40,40,40,4.46
"mmu-miR-878-5p",40,40,36.16,40,40,40,40,40,40,39.46,40,40,40,40,40,40,24.92,40
"mmu-miR-879",40,40,40,40,40,40,40,35.18,40,30.71,40,40,40,40,40,40,40,39.74
"mmu-miR-880",32.59,40,34.1,40,40,40,40,37.04,33.81,40,36.78,30.33,34.69,40,40.85,40,40,40.34
"mmu-miR-881",40,40,40,40,40,40,40,40,40,40,40,40,40,40,40,40,25.63,40
"mmu-miR-882",40,40,33.26,40,40,40,40,40,40,31.55,40,40,40,40,40,35.19,25.46,34.28
"mmu-miR-883a-3p",40,40,40,40,40,40,40,40,40,40,40,40,40,40,40,40,40,40
"mmu-miR-883a-5p",31.28,40,34.18,40,40,37.73,40,40,35.5,40,40,38.32,40,40,40,40,29.77,40
"mmu-miR-883b-3p",30.38,32.43,28.86,32.94,31.81,32.22,30.83,32.08,30.5,33.23,33.39,30.91,31.48,31.76,30.52,31.15,31.35,32.07
"mmu-miR-883b-5p",29.72,28.5,28.85,33.19,30.46,31.11,30.02,28.84,27.93,29.09,29.19,27.62,28.92,28.49,28.52,30.03,28.55,29.78
"mmu-miR-1186",30.13,30.31,30.36,35.1,33.92,34.24,31.66,30.29,29.48,31.78,30.27,33.29,33.05,33.45,31.77,31.67,31.75,31.54
"mmu-miR-1187",40,36.42,32.74,40,37.38,40,40,39.79,40,40,40,35.4,40,33.84,35.56,34.79,38.14,36.41
"mmu-miR-1188",34.17,40,34.56,40,34.27,40,36.06,40,33.03,34.58,40.12,34.1,40,40,33.43,32.53,33.24,33.17
"mmu-miR-1190",35.11,40,40,40,40,40,40,40,40,40,40,34.65,40,40,40,40,36.59,34.09
"mmu-miR-1191",40,40,40,40,40,40,40,40,40,40,40,39.83,40,40,40,40,40,40
"mmu-miR-1192",33.49,33.05,31.42,33.64,33.35,40,32.53,35.56,36.48,34.16,34.08,32.86,40,40,32.8,31.25,33.55,32.2
"mmu-miR-1193",31.14,31.09,30.07,34.26,32.74,33.65,35.39,28.12,26.75,29.35,27.7,32.37,31.46,31.42,31.25,30.41,29.58,30.12
"mmu-miR-1194",27,27.38,25.66,29.21,28.31,30.01,28.19,28.13,26.23,27.91,27.24,26.84,26.57,27.71,26.6,26.92,27.06,26.89
"mmu-miR-1195",40,40,40,40,40,40,40,40,40.34,40,40,40,40,40,40.41,37.82,33.2,35.43
"mmu-miR-1196",27.48,27.75,26.02,32.51,31.42,32.47,31.82,27.02,26.16,27.59,26.59,30.18,30.07,30.42,29.29,27.62,27.46,27.51
"mmu-miR-1197",26.1,26.14,25.17,31.71,30.3,31.62,29.03,27.65,25.48,26.94,26.16,27.96,28.07,29.13,27.84,27.15,27.24,27.95
"mmu-miR-1198",23.95,23.99,22.18,27.3,26.07,26.45,24.75,24.44,22.76,24.57,24.3,25.28,25.04,26.03,25.14,24.85,25.73,24.27
"mmu-miR-1199",20.77,20.89,20.89,24.05,23.37,24.49,24.04,19.51,18.52,20.96,20.48,22.89,23.06,23.38,22.54,21.36,21.07,21.75
"mmu-miR-1224",38.43,32.6,32.2,38.51,37.65,36.91,37.04,33.9,31.1,32.51,33.29,35.57,31.93,35.25,34.1,33.82,33.2,34.13
"mmu-miR-1274a",30.5,30.56,32.07,31.06,30.8,31.14,30.41,28.26,27.19,27.9,27.2,32.47,35.68,34.16,33.18,32.26,30.91,31.79
"mmu-miR-1306",30.27,30.69,31.08,33.16,31.58,32.42,31,29.37,27.41,28.64,28.68,34.01,34.16,40,32.73,31.29,31.01,31.28
"mmu-miR-1839-3p",32.3,32.27,31.5,37.37,34.9,36.14,33.45,32.18,31.25,34.06,32.41,33.73,32.44,33.91,35.7,33.18,34.09,33.92
"mmu-miR-1839-5p",40,40,33.56,33.33,31.97,31.55,30.51,30.51,30.12,31.71,30.86,32.84,33.71,32.85,32.29,33.08,29.22,28.99
"mmu-miR-1892",33.22,32.59,30.5,33.59,32.28,35.38,32.61,29.43,28.45,29.83,29.03,32.83,35.36,33.21,32.86,31.97,32.66,32.75
"mmu-miR-1893",33.75,32.52,30.77,40,32.39,33.76,32.17,31,31.05,32.48,32.05,30.63,31.14,32.06,30.19,30.32,28.88,29.94
"mmu-miR-1894-3p",28.99,29.05,28.48,32.35,31.94,32.53,31.34,28.97,27.25,28.81,27.82,31.14,32.44,32.03,32.84,30.58,30.1,31.09
"mmu-miR-1894-5p",33.31,35.35,31.39,35.34,34.85,34.38,34.23,33.16,29.8,32.33,31.76,34.25,36.01,34.05,32.5,33.62,33.91,34.43
"mmu-miR-1895",28.96,29.75,24.57,34.47,33.04,32.27,32.05,30.94,29.36,34.11,31.36,30.15,30.5,30.7,30.23,29.76,29.49,28.6
"mmu-miR-1896",32.4,31.37,29.99,36.38,35.27,32.81,32.66,28.72,28.01,30.35,29,32.07,30.84,31.79,31.35,31.37,31.69,30.92
"mmu-miR-1897-3p",36.07,38.05,32.84,40,40,40,40,34.94,34.07,40,33.79,40,38.41,40,39.47,35.84,36.2,34.36
"mmu-miR-1897-5p",40.41,34.11,32.69,40,40,34.86,36.76,40,36.81,33.89,38.11,34.08,40.04,38.42,36.56,40,33.97,33.03
"mmu-miR-1898",30.83,29.73,29.33,36.45,34.11,35.13,33.18,31.33,28.29,32.52,29.81,31.24,30.41,32.53,31.13,32.22,31.24,32.37
"mmu-miR-1899",27.75,26.58,27.06,32.06,32.13,31.4,31.69,27.04,26.51,29.17,27.56,28.99,28.61,30.54,29.49,28.39,28.35,28.44
"mmu-miR-1900",39.33,40,37.72,40,40,40,40,40,35.73,40,40,36.09,40,40,40.2,39.61,40,35.25
"mmu-miR-1901",34.51,36.87,36.5,40,36.23,40,35.27,34.5,33.13,33.78,33.29,39.62,34.38,40,40,37.77,40,40
"mmu-miR-1902",34.94,34.02,34.01,34.72,37.48,40,39.85,32.66,31.31,36,32.78,40.99,35.21,37.75,36.17,35.38,34.31,35.05
"mmu-miR-1903",40,40,35.29,40,40,40,40,35.07,30.22,37.06,37.83,39.65,39.81,37.61,36.57,35.67,40.77,34.53
"mmu-miR-1904",35.4,35.19,32.94,36.49,32.86,35.79,34.35,34.25,31.71,34,32.67,33.49,34.72,33.88,35.12,33.44,32.28,33.42
"mmu-miR-1905",34.17,35.69,40,40,36.58,40,34.75,33.87,34.59,40.22,34.77,34.34,38.03,40,36.73,34.37,37.01,32.13
"mmu-miR-1906",40,34.56,36.24,40,34.4,40,34.83,40,33.5,35.98,38.14,40,40,40,40,31.22,40,40
"mmu-miR-1907",32.39,32.58,31.73,40,36.32,39.4,34.17,34.31,31.83,40.73,33.36,33.44,35.41,34.22,40,32.17,32.17,32.04
"mmu-miR-1927",40.08,40,40,40,40,40,40,40,35.01,40,40,40,40,40,35.17,40,37.68,40
"mmu-miR-1928",31.77,34.03,33.06,34.42,33.09,34.63,34.12,34.27,33.13,34.31,34.89,38.14,35.58,34.14,38.72,33.62,34.66,30.96
"mmu-miR-1929",25.37,24.97,25.13,29.88,28.65,28.87,27.36,27.1,24.82,26.48,25.17,27.63,28,28.47,27.76,27.46,27.1,27.09
"mmu-miR-1930",34.86,34.96,33.05,40.05,37.31,39.19,38.5,31.96,31.49,34.18,33.6,36.01,40,35.65,34.78,33.49,32.58,30.28
"mmu-miR-1931",40,40,40,40,40,40,40,40,40,40,40,40,40,38.96,40,40,40,40
"mmu-miR-1932",34.57,30.63,40,40,40,40,40,40,34.37,34.26,32.46,40,32.58,33.34,27.1,32.24,39.41,32
"mmu-miR-1933-3p",34.27,40,32.62,40,36.24,35.08,40.96,37.86,35.65,36.92,36.48,38.02,38.3,37.07,36.91,34.56,32.26,35.2
"mmu-miR-1933-5p",30.79,31.28,28.97,34.12,31.77,33.1,32.05,30.19,28.14,30.07,28.15,30.47,30.49,31.66,29.75,30.61,30.59,31.77
"mmu-miR-1934",33.16,33.12,31.13,40,35.67,37.12,40,34.97,31.54,34.56,34.73,33.59,34.83,37.39,37.02,39.1,40,33.06
"mmu-miR-1935",23.07,23.23,22.78,26.19,28.33,26.46,26.12,23.38,22.46,24.35,23.41,23.67,23.8,24.72,24.02,23.58,23.51,24.02
"mmu-miR-1936",23.5,23.69,23.45,26.29,25.89,26.65,26.02,24.54,23.19,25.59,24.42,24.48,24.47,25.22,24.37,23.92,24.27,24.57
"mmu-miR-1937a",24.88,25.26,24.19,26.77,26.1,27.15,26.69,26.28,25.27,27.03,26.51,25.96,26.04,26.82,25.74,25.41,25.44,25.48
"mmu-miR-1937b",30.22,30.92,28.38,32.05,32.38,30.49,30.37,30.38,30.68,30.68,29.75,27.42,25.86,28.49,28.21,28.35,28.65,27.08
"mmu-miR-1937c",25.6,24.49,24.09,29.62,28.37,29.01,26.15,23.13,22.58,24.97,24,26.18,26.14,26.63,26.04,25.44,24.76,25.07
"mmu-miR-1938",36.29,38.8,34.37,40,40,36.64,40,37.16,34.08,40.36,35.9,33.9,35.02,34.79,33.79,34.64,33.7,34.39
"mmu-miR-1939",40,34.66,34.55,40,40,40,40,36.44,36.12,40,40,40,40,40,40.07,34.07,34.87,40.02
"mmu-miR-1940",33.3,34.26,32.63,40,34.63,40,34.13,40,35.17,40,40,40,39.68,40,34.52,38.78,40,37.14
"mmu-miR-1941-3p",38.78,40,40,40,40,40,40,40,40,40,40.63,40.65,40,40,40,40,31.1,34.54
"mmu-miR-1941-5p",33.69,33.79,32.51,40,40,35.69,35.38,32.19,30.75,34.04,31.66,34.56,33.74,37.84,33.82,31.66,31.33,34.06
"mmu-miR-1942",32.05,30.73,29.94,32.8,33.52,33.28,31.61,30.04,28.35,30.04,29.44,33.49,33.03,33.6,33.15,31.36,29.02,32.52
"mmu-miR-1943",31.44,31.16,29.57,39.22,35.22,37.48,35.24,34.79,31.92,33.88,33.18,31.18,31.03,32.68,33.41,30.63,30.16,31.88
"mmu-miR-1944",31.91,32.74,29.27,33.1,32.02,34.35,31.23,33.27,30.98,32.36,32.85,31.15,32.36,34.93,31.75,31.47,31.57,31.55
"mmu-miR-1945",31.88,33.02,29.43,33.05,32.1,34.49,31.65,31.75,30.5,31.07,31.42,31.49,33.21,33.58,31.71,31.12,30.77,31.25
"mmu-miR-1946a",39.73,40,33.11,40,36.12,36.07,36.47,40,34.59,40,34.82,40,33.3,40,34.45,35.42,33.15,35.19
"mmu-miR-1946b",37.43,40,40,40,40,40,40,40,40,40,40,40,40,40,40,36.73,40,40
"mmu-miR-1947",35.99,35.38,34.05,40,39.21,40,40,37.92,34.23,40,40,39.45,40,40,40.08,36.49,40,40
"mmu-miR-1948",40,40,40,40,40,40,40,40,40,40,40,40,40,40,29.85,40,35.12,40
"mmu-miR-1949",40,36.93,40,38.68,37.48,39.63,40,35.87,32.12,40,37.95,38.21,35.21,40,36,40,35.22,38.03
"mmu-miR-1950",34.69,34.38,34.62,40,40,40,40,37.68,35.8,40,40,40,40,40,40,32.3,40.22,34.18
"mmu-miR-1951",40,34.21,33.03,40,40,40,40,40,39.86,40,36.64,40,40,40,36.4,36.56,33.51,40
"mmu-miR-1952",35.5,34.8,31.63,40,35.44,39.42,37.59,32.09,31.08,33.78,32.56,35.23,34.49,35.11,32.95,32.99,33.37,33.3
"mmu-miR-1953",39.73,40,33,40,40,40,39.68,38.09,38.44,40,40,40,40,40,40.56,40,35.16,40
"mmu-miR-1954",22.66,22.32,20.51,28.02,26.56,27.04,24.94,21.79,20.48,23.21,22.37,23.81,23.85,25.38,23.72,23.12,22.95,22.74
"mmu-miR-1955",29.11,29.24,28.65,35.02,32.38,35.09,33.01,24.47,21.98,25.85,24.29,29.41,29.1,29.91,28.77,29.99,24.69,29.06
"mmu-miR-1956",31.15,33.42,40,40,40,40,40,33.61,33.61,40,40,31.15,31.05,34.18,34.74,26.28,32.72,31.15
"mmu-miR-1957",38.06,31.35,27.89,33.83,34.43,38.34,37.57,28.58,26.92,28.33,29.26,31.69,33.04,32.25,30.72,31.02,31.74,31.29
"mmu-miR-1958",35.93,34.5,33.91,40,40,40,40.13,39.25,32.56,35.5,33.12,37.63,37.35,37.9,40,36.73,33.06,36.24
"mmu-miR-1959",40,40,40,40,40,40,40,40,40,40,40,40,40,40,40,40,40,40
"mmu-miR-1960",38.27,37.46,32.94,40,40,40,34.8,36.24,33.48,37.64,38.48,40,36.27,35.43,39.63,37.2,32.86,34.7
"mmu-miR-1961",40,40,33.17,36.69,37.17,40,40,40,37.77,40,40,40,39.09,40,36,40,36.97,40
"mmu-miR-1962",33.36,34.48,34.18,40,34.48,40,40,40.47,32.14,33.67,34.03,40,40,34.65,36.67,40,36.19,33.47
"mmu-miR-1963",28.56,27.89,26.87,30.38,29.55,29.89,28.8,27.18,25.09,26.99,25.89,29.12,29.7,30.06,29.39,29.54,28.52,28.61
"mmu-miR-1964",30.03,30.99,29.62,32.32,31.11,30.52,29.42,29.7,28.63,30.33,30.04,30,30.58,29.63,28.77,29.35,28.31,28.78
"mmu-miR-1965",36.08,39.26,40,40,40,40,40,39.89,32.35,40,33.96,38.02,35.68,39.09,40,35.35,34.13,34.46
"mmu-miR-1966",34.47,34.26,39.18,40,40,40,40,34.09,36.53,40,35.07,40,40,40,36.25,40,34.88,36.01
"mmu-miR-1967",30.71,36.1,39.06,40,40,40,40,40,33.36,40,33.94,40,33.68,40,34.28,34.16,40,29.99
"mmu-miR-1968",37.92,35.06,33.5,34.06,34.8,40,33.6,40,34.34,34.93,36.06,33.84,35.06,40,36.63,37.1,34.52,32.99
"mmu-miR-1969",32.22,31.97,30.35,35.12,34.51,33.93,32.52,31.71,30.46,33.41,32.02,34.93,33.92,32.58,33.6,33.42,34.41,34.06
"mmu-miR-1970",30.83,31.38,29.03,40,34.07,36.33,33.05,30.94,30.65,31.29,32.34,32.91,31.86,32.89,36.62,31.89,33.3,31.75
"mmu-miR-1971",40,40,33.53,40,40,40,40,33.75,38.68,35.56,38.53,40.03,40,40,35.67,34.21,35.84,36.79
"mmu-miR-1981",40,33.57,33.9,40,40,35.02,32.89,31.39,32.03,33.85,33.03,34.05,34.03,35.36,40,32.94,34.09,39.61
"mmu-miR-1982.1",40,40,40,33.63,31.93,32.64,31.62,40,40,40,40,40,40,40,40,40,40,41
"mmu-miR-1983",32.41,32.89,32.09,34.36,40,40,35.12,31.66,31.05,31.72,30.8,34.25,32.68,32.85,34.16,31.75,31.75,33.15
"mmu-let-7a*",32.72,35.77,33.23,40,40,40,40,40,33.9,40,33.02,40,40,40,40,40,40,40
"mmu-let-7b*",32.78,33.28,32.1,33.3,31.34,32.21,32.27,31.63,30.53,31.13,30.11,33.47,33.8,40.76,35.69,33.07,32.19,32.29
"mmu-let-7c-1*",31.57,31.32,30.25,32.9,30.79,31.58,31.05,29.22,28.67,30.33,29.93,29.89,30.09,31.13,30.79,28.75,29.11,29.5
"mmu-let-7c-2*",35.11,36.58,36.57,40,40,40,40,38.59,32.96,37.86,32.26,40,40.22,40,39.71,34.13,34.3,32.62
"mmu-let-7d*",33.91,33.67,33.88,40,38.96,40,40,34.17,32.65,33.89,34.08,38.69,35.44,37.08,36.39,33.52,34.94,34.46
"mmu-let-7f*",38.64,37.06,33.86,40,34.63,35.15,32.53,36.42,29.73,40.54,37.81,38.35,38.59,25.36,35.39,33.57,31.77,30.68
"mmu-let-7g*",31.07,30.41,31.97,34.72,32.02,33.28,32.53,29.81,29.18,29.35,29.49,32,33.41,32.91,34.61,32.17,33.61,32.14
"mmu-let-7i*",35.48,34.14,31.04,33.32,34.31,33.25,29.07,25.79,25.09,25.3,24.79,26.72,31.64,29.5,27.9,18.82,26.65,27.34
"mmu-miR-7a*",35.23,40,33.65,35.29,36.16,40,40,40,36.04,40,40,40,40,40,40,36.82,33.51,40
"mmu-miR-9*",40.05,39.29,33.3,38.06,40,40,40,35.05,36.2,37.35,34,34.64,40,40,40,28.82,34.14,34.19
"mmu-miR-10a*",33.04,32.29,29.42,35.67,33.49,33.22,30.1,32.88,33.94,34.16,33.44,32.86,34.02,33.86,33.22,31.82,31.77,29.55
"mmu-miR-10b*",27.16,28.11,29.08,30.3,29.66,30.42,29.09,31.08,28.59,30.35,29.25,30.08,30.35,31.68,31.05,28.38,28.91,28.98
"mmu-miR-15a*",40,33.94,30.38,40,40,34.97,33.28,31.92,31.87,33,31.09,28.59,32.32,30.49,33.83,33.93,32.05,31.26
"mmu-miR-15b*",29.61,29.51,29.37,34.63,33.8,33.02,32.53,30.17,31.08,32.28,30.88,32.92,33.13,40,34.45,31.23,31.48,34.23
"mmu-miR-16*",30.01,30.39,30.94,31.42,31.57,31.4,31.43,34.24,32.49,32.94,31.65,31.71,33.11,31.06,31.95,31.61,30.99,32.37
"mmu-miR-17*",40,38.04,40,40,40,40,40,40,40,40,40,40,40.53,40,32.87,40,40,40
"mmu-miR-18a*",36.21,25.55,40,40,40,40,40,33.02,35.45,40,33.31,40,40,40,40,34.37,40,31.54
"mmu-miR-19a*",31.52,40,34.69,40,40,40,40,40,40,40,40,40,40,40,36.23,40,40,40
"mmu-miR-20a*",35.84,30.84,31.72,34.33,34.92,33.15,34.92,32.38,33.02,35.01,31.69,33.49,31.05,34.83,33.63,29.97,30.37,29.2
"mmu-miR-20b*",28.76,29.13,29.6,32.9,32.13,34.83,33.94,29.56,29.05,31.27,30.48,32.59,32.03,32.01,33.45,30.64,30.92,31.07
"mmu-miR-21*",32.77,34.32,24.35,40,40,40,40,37.09,34.17,40,33.97,33.01,34.8,40,40,33.75,40,34.75
"mmu-miR-22*",29.47,27.68,30.22,32.05,34.3,32.27,32.35,30.44,30.4,31.42,29.97,40,34.05,28.65,32.09,30.4,31.07,30.33
"mmu-miR-24-1*",34.13,33.41,34.2,33.39,40,33.01,40,34.66,31.63,33.58,35.42,39.54,32.89,40,40,37.25,40,40
"mmu-miR-24-2*",33.31,33.58,35.83,40,40,40,40,36.88,35.41,34.34,33.56,36.16,40.04,39.88,37.07,33.11,36.72,36.54
"mmu-miR-26b*",40,35.43,40,40,40,40,40,34.68,35,40,40,40,35.84,40,31.64,40,40,38.49
"mmu-miR-27a*",34.11,33.09,33.01,31.51,31.3,31.99,32.2,30.88,33.42,33.75,33.08,34.76,40,35.15,33.24,32.2,30.51,31.62
"mmu-miR-27b*",36.68,33.47,33.05,40,40,40,40,33.01,34.1,33.81,36.04,40,40,40.23,40,32.99,32.09,33.82
"mmu-miR-28*",40,40,34.46,40,40,34.28,40.51,40,32.8,40,40,33.47,40,40,40.38,32.34,40,29.33
"mmu-miR-29a*",33.18,34.08,33.12,34.6,40,40,34.28,31.6,30.26,32.69,31.62,34.24,40,37.43,39.74,33.82,33.56,36.11
"mmu-miR-29b*",28.52,28.13,29.12,30.11,27.74,31.24,29.58,40,27.77,27.37,27.86,30.3,29.88,27.55,28.27,29.04,28.49,27.96
"mmu-miR-29c*",35.37,34.21,35.43,37.63,38.33,37.74,36.48,35.04,34.08,33.41,33.3,37.32,40.11,40.98,38.63,36.78,36.14,34.42
"mmu-miR-30a*",40,40,38.78,40,39.31,40,40,40,35.41,40,36.13,40,40,40,36.4,40,35.81,36.77
"mmu-miR-30b*",40,38.81,40,40,40,40,40,40,40,40,39.75,40,40,40,40,33.67,36.26,40
"mmu-miR-30c-1*",29.77,30.25,31.05,31.07,30.8,31.31,31.51,29.05,28.73,30.13,29.09,32.09,32.66,40,34.25,30.03,30.15,30.52
"mmu-miR-30c-2*",34.75,34.21,34.06,34.43,34.08,40,40,30.39,29.63,31.8,30.37,36.12,40,40,40,32.74,34.86,34.63
"mmu-miR-30e*",30.59,31.89,31.99,40,39.16,35.81,40,32.26,30.58,32.25,31.2,32.87,32.75,35.01,37.67,32.3,31.63,33.07
"mmu-miR-31*",32.18,31.23,31.34,37.61,40,38.68,34.28,31.16,28.6,30.56,29.41,32.18,31.85,33.14,32.15,31.88,32.31,31.7
"mmu-miR-33*",40,40,40,40,40,40,36.59,40,40,40,40,38.23,40,40,40,40,40,39.72
"mmu-miR-34c*",28.53,28.87,28.61,30.36,30.25,30.18,29.62,31.18,30.11,31.36,31.09,30.75,30.97,31.4,31.36,29.71,29.48,30.12
"mmu-miR-92a*",32.66,33.45,33.66,34.91,40,40,40,40,31.53,33.47,33.58,35.58,33.6,33.85,32.51,34.1,32.56,33.34
"mmu-miR-93*",34.31,35.4,33.28,40,40,40,34.34,34.89,36.17,33.8,35.21,40,40.29,40,35.01,36.16,35.22,37.28
"mmu-miR-99b*",30.6,30.09,29.67,34.19,34,33.76,34.3,32.06,31.63,32.23,31.35,32.5,32.38,33.5,32.32,30.48,31.15,31.82
"mmu-miR-101a*",37.62,40,40,40,40,40,40,30.31,30.69,31.61,30.07,35.42,40,39.59,40,40,40,40
"mmu-miR-106b*",38.22,40,37.45,40,40.97,38.37,38.11,37.08,34.87,38.96,35.55,38.91,40,7.59,37.22,38.37,37.29,40.03
"mmu-miR-124*",40,40,40,40,35.53,40,40,40,40,40,40.46,40,40,40,40,40,40.5,38.12
"mmu-miR-125b*",40,8,40,40,34.54,40,40,40,40,35.28,40,40,40,40,35.37,40,35.43,34.92
"mmu-miR-127*",31.49,31.64,30.24,40,40,40,40,33.62,29.8,34.7,32.76,33.33,31.3,33.08,32.96,32.83,33.21,33.61
"mmu-miR-130b*",28.85,27.51,26.21,32.23,32.14,32.24,29.48,27.4,26.1,27.02,26.01,28.79,28.42,28.46,27.84,29.06,28.68,28.65
"mmu-miR-133a*",36.82,36.26,33.44,38.85,40,40,39.39,31.43,31.66,33.19,32.81,39.83,35.23,39.44,40,32.56,34.14,34.28
"mmu-miR-135a*",34.03,36.16,29.19,40,40,40,40,34.09,32.63,32.8,33.16,34.51,35.68,35.61,39.58,32.72,33.81,39.01
"mmu-miR-136*",24.92,25.5,24.96,27.18,26.89,27.56,26.71,26.35,25.55,25.91,25.13,28.06,28.03,28.22,28.09,26.38,26.28,26.57
"mmu-miR-138*",34.21,34.17,34.39,40,40.06,40,40,33.9,34.09,36.75,33.67,32.26,35.76,40.29,34.38,32.56,36.1,35.43
"mmu-miR-140*",35.04,33.75,33.9,40,40,40,40,34.45,34.28,35.27,40,34.56,40,40,36,33.05,38.77,33.21
"mmu-miR-141*",34.16,36.84,33.61,40,40,40,40,33.18,32.86,34.14,34.26,39.15,36.27,40.46,36.06,35.14,34.91,36.79
"mmu-miR-145*",40,40.56,34.41,40,40,40,40,40,40,40,40,40,33.39,40,40,36.5,38.69,33.49
"mmu-miR-146b*",40,37.37,34.39,40,40,40,40,40,40.26,40,40.6,35.81,40,40.11,34.21,40,40,40
"mmu-miR-148a*",40,37.94,40,40,40,34.73,35.52,34.32,33.59,34.83,40,40,40,40,40,40,36.5,37.15
"mmu-miR-150*",32.11,31.18,33.05,34.25,33.14,40,32.08,29.49,28.93,28.9,28.54,40,40,40,38.13,32.59,33.95,32.37
"mmu-miR-154*",40,40,40,40,40,40,40,40,32.11,40,40,40,37.54,40,40,40,40,40
"mmu-miR-181a-1*",40,36.73,33.21,40,38.92,40,40,30.12,29.14,30.22,30.05,37.22,39.19,40,35.56,34.57,33.58,34.72
"mmu-miR-181a-2*",33.16,33.64,33.97,40,37.24,40,40,33.89,32.98,40,40,33.8,39.26,40,40.63,34.09,38.45,34.66
"mmu-miR-183*",31.23,31.65,31.59,40,40,40,33.64,30.13,29.31,32.24,30.49,33.13,31.68,40,27.69,33.37,36.55,33.06
"mmu-miR-186*",32.53,33.33,32.7,40,33.43,40,40,32.35,32.57,33.76,32.14,40,34.24,40,40,33.21,40.39,40.93
"mmu-miR-191*",40,32.08,36.89,40,40.96,40,37.03,36.06,35.39,40,35.4,35.03,35.43,36.32,37.21,36.38,35.26,35.7
"mmu-miR-193*",31.17,31.34,31.95,40.04,34.29,34.27,39.79,28.59,32.55,33.25,33.53,34.24,40,40,40,32.28,33.36,35.68
"mmu-miR-196a*",32.94,33.21,33.01,40,34.9,40,40,38.08,33.08,33.05,33.09,37.44,35.78,35.09,34.37,31.48,32.7,33.09
"mmu-miR-199b*",31.37,32.06,32,32.77,33.04,32.55,32.82,33.24,31.22,34.18,31.72,33.56,35.25,33.56,34.14,31.58,31.95,31.6
"mmu-miR-200a*",37.09,40,35.5,40,40,40,38.03,40,40,40,40,35.28,34.86,40,40.31,22.28,36.53,32.65
"mmu-miR-200b*",34.65,40,34.32,40,34.5,40,34.2,40,40,40,34.47,40,40,40,40,34.48,40,32.86
"mmu-miR-200c*",31.78,33.72,31.46,40,34.64,40,34.11,34.22,32.45,39.08,34.29,39.59,38.4,34.64,40,32.26,32.73,33.39
"mmu-miR-203*",35.14,34.03,33.22,40,40,40,40,32.99,36.32,35.35,33.34,40,35.8,38.02,33.67,33.27,33.6,32.07
"mmu-miR-214*",32.57,35.21,32.33,37.86,40,40,34.44,32.44,33.18,33.04,33.87,23.04,40,33.5,31.67,30.31,31.14,32.22
"mmu-miR-218-1*",40,40,40,40,40,40,40,40,37.15,40,35.5,40,40,40,34.98,40,40,40
"mmu-miR-218-2*",40,40.2,34.09,40,40,40,40,36.11,33.45,37.83,40.71,29.58,33.95,40,40,40,40,34.34
"mmu-miR-293*",34.18,39.57,34.2,40,40,40,40,32.1,31.53,35.04,31.71,34.23,35.54,35.96,34.22,40.01,34.28,32.6
"mmu-miR-294*",33.87,32.67,40,37.61,40,40,34.28,33.67,34.31,35.85,32.28,38.17,37.45,40,40,34.38,40,32.86
"mmu-miR-295*",38.13,34.75,40,36.24,40,40,33.36,40,34.72,35.11,40,38.13,36.62,40,34.76,34.23,32.54,27.39
"mmu-miR-297a*",34.48,32.69,40,40,36.2,40,40.15,34.16,40,36.14,33.61,39.21,40,40,40,40,40,34.3
"mmu-miR-297c*",30.84,40,40,40,40,40,40,40,40,40,40,40.75,40,40,37.41,40,40,40
"mmu-miR-299*",38.63,37.16,34.05,40,40,40,40,37.12,38.08,40,38.61,40,37.28,38.5,36.46,40,35.05,40
"mmu-miR-300*",40,40,34.28,40,40,40,40,40,40,40,40,40,40,40,34.14,37.43,40,40
"mmu-miR-302a*",37.29,40,34.34,40,40,40,40,40.22,34.8,39.96,40,40.28,40,40,35.16,33.9,37.73,36.06
"mmu-miR-302b*",30.01,30.7,31.52,32.01,31.45,40,32.61,31.58,31.16,32.6,30.66,31.66,32.05,32.78,32.17,33.25,30.85,31.9
"mmu-miR-302c*",34.94,34.81,31.95,40,33.95,40,35.02,31.53,33.82,34.06,36.24,40.19,34.6,40,40,31.83,40,34.73
"mmu-miR-322*",32.02,32.08,31.56,35,33.09,34.58,34.78,32.3,31.01,32.1,30.88,33.83,34.5,34.42,33.19,32.41,33.84,29.54
"mmu-miR-325*",33.93,34.31,32.77,37.84,35.47,40,32.04,30.24,33.44,38.04,35.11,37.77,33.1,32.71,29.77,31.43,32.41,34.43
"mmu-miR-330*",35.36,36.05,40,39.44,36.82,40,40,21.07,35.86,40,40,37.38,40,40,40,40,36.36,39.96
"mmu-miR-374*",40,40,35.22,40,40,40,40,32.36,31.73,39.34,32.52,40,34.19,40,40,40,40,40
"mmu-miR-376a*",40,40,40,40,40,40,40,40,40.69,40,40,40,40,40,40,39.16,40,40
"mmu-miR-376b*",30.08,30.94,30.15,31.91,31.93,33.82,31.17,30.13,30.28,31.13,31.91,36.36,33.13,34.78,31.25,32.4,31.26,32.06
"mmu-miR-376c*",40,40,36.2,40,40,40,40,40,40,35.14,40,38.34,40,40,39.3,40,40,40
"mmu-miR-378*",40,40,39.42,40,36.48,40,40,40,40,40,40,40,40,40,40,40,40,38.71
"mmu-miR-382*",31.44,31.89,30.49,33.42,33.63,36.38,35.2,32.22,30.06,32.29,30.95,32,32.78,33.62,32.56,32.39,31.57,29.89
"mmu-miR-411*",29.36,30.19,27.32,30.38,29.73,29.52,29.73,30.38,30.29,32.48,29.8,30.42,30.26,30.19,30.21,24.78,17.24,30
"mmu-miR-425*",40,33.45,40,40,40,40,40,40,40,40,40,37.15,40,40,40,33.48,40,40
"mmu-miR-431*",35.77,40,38.86,40,33.22,40,40,32.55,34.05,32.53,33.29,40,40,40,29.58,40.4,40,40
"mmu-miR-433*",40,40,40,40,40,40,40,40,40,40,40,40,40,40,40,40,40,40
"mmu-miR-455*",38.07,35.2,35.1,40,40,40,40.56,36.13,35.61,40,35.62,35.86,36.37,40,40,33.51,33.55,40
"mmu-miR-463*",37.06,37.69,33.91,40,40,40,40,40,33.19,40.89,34.56,40,37.86,40,37.92,32.25,37.71,32.69
"mmu-miR-467a*",34.7,35.28,34.3,40,40,37.82,34.79,34.02,33.12,34.77,33.7,34.42,33.69,36.68,37.74,33.94,32.04,33.52
"mmu-miR-467b*",37.2,38.4,37.89,40,40,39.08,31.58,37.43,36.31,40,40.34,35.85,34.75,36.19,37.96,33.98,35.38,34.7
"mmu-miR-467d*",40,40,39.03,40,40,40,35.47,38.67,35.39,40,40,22.35,31.73,40,32.71,36.15,36.38,30.88
"mmu-miR-467e*",36.15,32.56,33.19,40,40,34.81,40,34.38,33.12,32.91,32.34,33.73,31.98,35.2,32.35,33.51,32.83,36.69
"mmu-miR-470*",34.36,33.63,32.29,38.24,34.31,32.74,34.15,31.54,29.95,34.48,31.03,34.15,37.15,34.54,34.61,35.03,32.07,33.92
"mmu-miR-483*",40,39.97,33.88,40,40,33.26,40,40,34.27,34.23,40,38.17,40,40,40,35.64,38.15,40
"mmu-miR-485*",34.2,36.54,32.65,33.07,33.26,33.49,32.9,33.05,32.49,35.33,34.16,33.21,33.28,34.45,35.09,31.67,31.35,32.27
"mmu-miR-488*",28.59,29.52,29.77,30.67,30.25,31.18,30.41,28.89,28.63,29.61,28.69,30.97,31.16,32.66,31.22,30.18,30.49,30.54
"mmu-miR-503*",33.48,31.58,33.94,34.07,33.23,34.09,34.13,40,32.96,32.97,32.17,25.25,40,40,35.95,34.18,32.12,31.98
"mmu-miR-674*",40,40,40,40,40,40,38.72,40,34.38,32.81,32.65,40,39.39,40,40,38.95,40,40
"mmu-miR-676*",28.67,27.99,28.1,31.53,31.19,31.67,30.97,29.31,28.42,29.68,28.72,28.92,29.98,30.6,30.65,17.08,29.57,29.22
"mmu-miR-708*",40,40,40,40,40,40,40,40,40,40,40,40,40,40,40,40,40,40
"mmu-miR-712*",40.24,35.54,38.22,39.36,40,40,37.33,33.32,35.41,33.11,35.27,34.74,34.08,40,40,34.29,39.76,39
"mmu-miR-742*",32.36,32,32.29,34.31,33.15,32.61,33.95,31.53,30.31,31.18,30.96,40,39.59,34.06,40,33.03,33.51,35.23
"mmu-miR-744*",31.97,33.06,30.99,34.22,33.43,36.11,33.24,32.09,30.25,32.11,32.77,31.47,31.5,33.38,32.13,30.19,31.18,32.39
"mmu-miR-872*",32.76,33.2,30.41,40,40,35.81,34.27,30.65,28.95,31.79,30.07,33.86,34.79,32.57,35.28,33.19,32.68,32.34
"mmu-miR-877*",40,40,40,40,40.07,40,40,35.32,37.79,40,34.85,40,40,40,40,40,40,34.42
"mmu-miR-879*",32.09,31.28,28.05,36.18,34.54,40.56,33.1,31.24,29.07,31.52,30.95,33.29,33,32.86,32.96,31.02,31.03,33.28
"mmu-miR-881*",24.24,23.94,23.76,26.73,26.06,26.48,25.35,25.33,24.04,25.14,25.02,26.84,27.2,27.48,26.95,27.03,27.34,27.56
"mmu-miR-1982*",24.24,24.49,22.93,27.19,25.99,26.98,26.11,22.56,21.32,22.53,22.52,25.17,25.64,26.25,25.25,26.15,26.11,26.2
"mmu-miR-2132",24.39,23.5,22.87,27.05,26.35,27.33,25.3,24.12,22.44,23.66,23.41,25.34,25.74,26.35,25.44,26.04,26.13,26.69
"mmu-miR-2133",26.34,25.74,25.31,29.39,29,29.95,29.02,26.11,25.02,26.04,25.22,27.66,28.11,29.09,28.06,27.31,27.31,28.03
"mmu-miR-2134",28.95,30,27.17,34.3,31.73,31.2,30.15,28.3,25.98,28.3,27.24,29.44,29.12,30.25,29.57,29.49,29.01,29.08
"mmu-miR-2135",25.03,23.02,23.31,25.7,25.15,25.7,24.59,24.22,23.12,24.26,24.02,24.41,25.24,25.44,40,25.05,25.38,26.39
"mmu-miR-2136",21.39,22.06,20.08,25.47,24.94,25.87,24.48,22.13,21.03,22.25,22.23,23.94,24.69,25.51,24.39,23.77,24.42,25.07
"mmu-miR-2137",40,36.2,33.18,40,40,40,40,40.46,33.41,35.97,40,33.8,40,40,40,34.23,39.46,40
"mmu-miR-2138",25.33,24.16,23.88,27.5,25.68,26.28,24.87,25.44,23.85,25.29,25.35,26.82,27.17,27.31,26.73,28.11,27.81,28.13
"mmu-miR-2139",27.7,27.09,26.59,29.97,27.69,28.86,27.42,27.05,25.59,27.34,27.54,29.6,29.27,29.26,28.46,29.75,29.99,29.18
"mmu-miR-2140",20.47,19.02,19.07,25.88,24.56,25.2,23.61,21.22,19.72,21.18,21.11,22.12,22.5,22.84,22.15,23.06,23.11,23.38
"mmu-miR-2141",24.18,24.22,23.33,27.12,26.14,27.34,25.61,24.5,23.42,24.08,24.02,26.37,27.09,27.79,28.07,26.82,27.21,27.34
"mmu-miR-2142",40,40,32.47,33.67,33.72,35.12,32.35,31.99,27.81,31.82,29.61,31.04,35.59,33.08,26.4,25.57,29.91,33.72
"mmu-miR-2143",33.18,40,30.64,26.63,25.6,28.47,32.56,27.57,30.06,37.96,26.76,35.84,31.42,28.24,23.4,34.52,27.35,33.03
"mmu-miR-2144",40,33.46,24.11,25.8,17.58,40,35.13,40,33.69,40,29.64,31.38,35.69,31.39,40.18,40,38.44,38.6
"mmu-miR-2145",40,40,32.67,38.1,39.56,40.04,31.42,40,40,35.84,32.99,40,40.13,40,40,37.22,37.67,40
"mmu-miR-2146",40,35.74,29.82,37.06,40,34.49,26.68,30.05,22.62,24.23,30.13,29.96,28.75,40,30.4,24.87,40,30.23
"mmu-miR-2182",34.2,34.11,40,27.55,28,29.86,36.6,40,32.06,35.78,32.74,25.38,30.83,37.91,32.26,40,40,31.39
"mmu-miR-2183",40,39.43,31.21,22.97,32.36,21.57,22.17,26.81,28.04,36.24,29.56,34.63,27.83,35.75,31.04,29.19,26.48,27.71
"mmu-miR-432",28.7,40,29.88,35.62,28.91,25.27,37.56,32.42,30.12,26.05,33.28,34.31,32.93,29.19,35.09,31.27,29.65,31.77
"mmu-miR-599",26.73,36.97,30.78,28.19,31.21,32.15,36.45,37.37,38.55,28.98,32.3,29.82,33.16,31.29,29.54,31.1,34.86,36.59
"mmu-miR-767",40,40,32.98,30.9,30.3,32.79,25.01,30.49,35.54,33.93,33.37,40,40,24.85,35.88,29.04,23.11,40.04
"mmu-miR-664",40,34.66,35.26,32.48,36.43,40,31.4,32.96,32.33,33.72,33.81,31.51,30.49,29.38,32.33,40,30.78,30.42
"Mouse U6 snRNA",32.62,30.37,30.75,32.99,32.5,33.69,33.31,30.76,30.27,30.51,30.24,33.67,34.63,34.78,31.82,33.15,32.89,33.86
